{
    "coords": [
        [ 59.976946231064847, 74.91874740936085],[ 66.54862696409758, 22.07540986194177],[ 56.4939275256243, 54.00181649143672],[ 90.90829357449549, 32.964961617329465
        ]
    ],
    "edges": [[ 0, 1],[ 3, 0],[ 1, 1],[ 2, 2],[ 0, 0],[ 3, 3]
    ],
    "similarity": 0.005
}