{
    "coords": [
        [ 19.976946231064847, 74.91874740936085],[ 75.54862696409758, 35.07540986194177],[ 75.4939275256243, 60.00181649143672],[ 89.92972112320183, 47.54441106975442],[ 30.012848731677476, 69.98913745949768],[ 19.99716896389249, 47.59689177095458],[ 44.947654766744826, 64.96318094235257],[ 29.977903559520932, 37.04340078566767],[ 69.97156103292943, 30.03383272634538],[ 29.90269021838683, 57.93982577334734],[ 60.008568307170385, 72.56710902093464],[ 29.911140441343292, 64.91585510260411],[ 19.94737748235208, 30.068480092597902],[ 70.01386194290417, 65.0329611174667],[ 20.00034905289771, 37.09737079940913],[ 30.00140316933619, 74.90833466695766],[ 20.088225541016374, 57.96329686627616],[ 44.9658889089721, 19.9228942852495],[ 19.934424490533818, 65.04502944284884],[ 59.97543591232777, 67.49798629777125],[ 44.99134833596877, 69.9236112888887],[ 64.90452003679071, 69.97937544929991],[ 69.9237582559846, 47.5954674668468],[ 44.90829357449549, 29.964961617329465
        ]
    ],
    "edges": [
        [ 12, 8],[ 8, 12],[ 12, 18],[ 18, 12],[ 5, 22],[ 22, 5],[ 23, 6],[ 6, 23],[ 12, 13],[ 13, 12],[ 18, 8],[ 8, 18],[ 8, 3],[ 3, 8],[ 13, 3],[ 3, 13],[ 22, 3],[ 3, 22],[ 1, 2],[ 2, 1],[ 17, 8],[ 8, 17],[ 17, 23],[ 23, 17],[ 14, 7],[ 7, 14],[ 16, 9],[ 9, 16],[ 7, 9],[ 9, 7],[ 14, 9],[ 9, 14],[ 7, 16],[ 16, 7],[ 18, 0],[ 0, 18],[ 11, 15],[ 15, 11],[ 0, 15],[ 15, 0],[ 18, 15],[ 15, 18],[ 20, 6],[ 6, 20],[ 4, 21],[ 21, 4],[ 19, 10],[ 10, 19],[ 0, 0],[ 1, 1],[ 2, 2],[ 3, 3],[ 4, 4],[ 5, 5],[ 6, 6],[ 7, 7],[ 8, 8],[ 9, 9],[ 10, 10],[ 11, 11],[ 12, 12],[ 13, 13],[ 14, 14],[ 15, 15],[ 16, 16],[ 17, 17],[ 18, 18],[ 19, 19],[ 20, 20],[ 21, 21],[ 22, 22],[ 23, 23
        ]
    ],
    "similarity": 0.9
}