{
    "coords": [
        [ 19.976946231064847, 74.91874740936085],[ 75.54862696409758, 35.07540986194177],[ 75.4939275256243, 60.00181649143672],[ 44.90829357449549, 29.964961617329465
        ]
    ],
    "edges": [[ 0, 1],[ 3, 0],[ 1, 1],[ 2, 2],[ 0, 0],[ 3, 3]
    ],
    "similarity": 0.01
}