{
    "coords": [
        [
            24.725615738079377,
            68.37768016685447
        ],
        [
            20.324025319617512,
            32.72175234284799
        ],
        [
            67.93724202499965,
            29.144747420988907
        ]
    ],
    "edges": [
        [
            1,
            2
        ],
        [
            2,
            1
        ],
        [
            1,
            0
        ],
        [
            0,
            1
        ],
        [
            0,
            0
        ],
        [
            1,
            1
        ],
        [
            2,
            2
        ]
    ],
    "similarity": 0.03
}