{
    "coords": [
        [
            47.21098942715025,
            67.47906872568768
        ],
        [
            45.03346830693731,
            19.748165654128307
        ],
        [
            19.57428189334485,
            31.280995743528138
        ],
        [
            70.12183238915905,
            27.854433940687745
        ],
        [
            20.958748995017125,
            67.79543122093115
        ],
        [
            70.22651062236972,
            66.60327230464137
        ],
        [
            78.44031056219688,
            37.76305876184813
        ],
        [
            21.71281210254639,
            37.131906368395995
        ],
        [
            21.445144423774938,
            56.97102364876711
        ],
        [
            75.9008094554739,
            62.47080238622676
        ],
        [
            87.81108470453218,
            45.78481939509737
        ],
        [
            32.249771258980964,
            56.59904807017677
        ],
        [
            17.079413645035643,
            49.531378202207556
        ],
        [
            71.1825372196895,
            46.43152771551422
        ],
        [
            36.213065780131295,
            36.90957736270399
        ],
        [
            42.04828540553091,
            28.40275311725282
        ]
    ],
    "edges": [
        [
            2,
            3
        ],
        [
            3,
            2
        ],
        [
            2,
            4
        ],
        [
            4,
            2
        ],
        [
            3,
            5
        ],
        [
            5,
            3
        ],
        [
            4,
            5
        ],
        [
            5,
            4
        ],
        [
            12,
            13
        ],
        [
            13,
            12
        ],
        [
            15,
            0
        ],
        [
            0,
            15
        ],
        [
            2,
            5
        ],
        [
            5,
            2
        ],
        [
            4,
            3
        ],
        [
            3,
            4
        ],
        [
            3,
            10
        ],
        [
            10,
            3
        ],
        [
            5,
            10
        ],
        [
            10,
            5
        ],
        [
            13,
            10
        ],
        [
            10,
            13
        ],
        [
            6,
            9
        ],
        [
            9,
            6
        ],
        [
            1,
            3
        ],
        [
            3,
            1
        ],
        [
            1,
            15
        ],
        [
            15,
            1
        ],
        [
            7,
            14
        ],
        [
            14,
            7
        ],
        [
            8,
            11
        ],
        [
            11,
            8
        ],
        [
            0,
            0
        ],
        [
            1,
            1
        ],
        [
            2,
            2
        ],
        [
            3,
            3
        ],
        [
            4,
            4
        ],
        [
            5,
            5
        ],
        [
            6,
            6
        ],
        [
            7,
            7
        ],
        [
            8,
            8
        ],
        [
            9,
            9
        ],
        [
            10,
            10
        ],
        [
            11,
            11
        ],
        [
            12,
            12
        ],
        [
            13,
            13
        ],
        [
            14,
            14
        ],
        [
            15,
            15
        ]
    ],
    "similarity": 0.33
}