{
    "coords": [
        [
            45.04988595068551,
            36.516178146894944
        ],
        [
            19.13468003372586,
            39.48108839078801
        ],
        [
            19.805215830715017,
            76.4592244682036
        ],
        [
            34.33044836177597,
            38.68530572184986
        ],
        [
            74.56550426702763,
            36.01553311003424
        ],
        [
            76.70069598893066,
            59.95108040038448
        ],
        [
            88.81164658133198,
            48.02469961651557
        ],
        [
            29.800512223878364,
            70.83471118627304
        ],
        [
            19.562709328716657,
            47.819192562619975
        ],
        [
            46.55169096865917,
            63.93230123835713
        ],
        [
            28.892130030463036,
            38.30484069515641
        ],
        [
            69.47073312517931,
            30.837006783835545
        ],
        [
            21.694322095777203,
            54.763072366421746
        ],
        [
            32.66624815521889,
            55.82608668551759
        ],
        [
            23.89194809424768,
            32.048499616651725
        ],
        [
            60.7167783935663,
            70.75900534944066
        ],
        [
            28.59696972601346,
            66.02120728267063
        ],
        [
            43.52089304069247,
            34.75402957112293
        ],
        [
            21.66984028013234,
            29.308479016959552
        ],
        [
            70.1351394763053,
            66.61396234601244
        ],
        [
            44.818942849181106,
            40.40300618780802
        ],
        [
            30.876486959931167,
            74.13075367210855
        ],
        [
            44.60552001083356,
            20.242279852285318
        ],
        [
            19.523799772736332,
            66.34758360065972
        ],
        [
            60.81666976790828,
            68.98599062846256
        ],
        [
            43.31037621065973,
            71.70240898286146
        ],
        [
            66.35070529527437,
            69.51564080420691
        ],
        [
            68.38613989285236,
            48.34573671821187
        ],
        [
            46.047776357602025,
            29.126973655291902
        ]
    ],
    "edges": [
        [
            18,
            11
        ],
        [
            11,
            18
        ],
        [
            18,
            23
        ],
        [
            23,
            18
        ],
        [
            11,
            19
        ],
        [
            19,
            11
        ],
        [
            23,
            19
        ],
        [
            19,
            23
        ],
        [
            8,
            27
        ],
        [
            27,
            8
        ],
        [
            28,
            9
        ],
        [
            9,
            28
        ],
        [
            18,
            19
        ],
        [
            19,
            18
        ],
        [
            23,
            11
        ],
        [
            11,
            23
        ],
        [
            11,
            6
        ],
        [
            6,
            11
        ],
        [
            19,
            6
        ],
        [
            6,
            19
        ],
        [
            27,
            6
        ],
        [
            6,
            27
        ],
        [
            4,
            5
        ],
        [
            5,
            4
        ],
        [
            22,
            11
        ],
        [
            11,
            22
        ],
        [
            22,
            28
        ],
        [
            28,
            22
        ],
        [
            1,
            3
        ],
        [
            3,
            1
        ],
        [
            12,
            13
        ],
        [
            13,
            12
        ],
        [
            3,
            13
        ],
        [
            13,
            3
        ],
        [
            1,
            10
        ],
        [
            10,
            1
        ],
        [
            1,
            13
        ],
        [
            13,
            1
        ],
        [
            3,
            12
        ],
        [
            12,
            3
        ],
        [
            23,
            2
        ],
        [
            2,
            23
        ],
        [
            16,
            21
        ],
        [
            21,
            16
        ],
        [
            2,
            21
        ],
        [
            21,
            2
        ],
        [
            23,
            21
        ],
        [
            21,
            23
        ],
        [
            25,
            9
        ],
        [
            9,
            25
        ],
        [
            7,
            26
        ],
        [
            26,
            7
        ],
        [
            24,
            15
        ],
        [
            15,
            24
        ],
        [
            14,
            17
        ],
        [
            17,
            14
        ],
        [
            10,
            0
        ],
        [
            0,
            10
        ],
        [
            3,
            20
        ],
        [
            20,
            3
        ],
        [
            0,
            0
        ],
        [
            1,
            1
        ],
        [
            2,
            2
        ],
        [
            3,
            3
        ],
        [
            4,
            4
        ],
        [
            5,
            5
        ],
        [
            6,
            6
        ],
        [
            7,
            7
        ],
        [
            8,
            8
        ],
        [
            9,
            9
        ],
        [
            10,
            10
        ],
        [
            11,
            11
        ],
        [
            12,
            12
        ],
        [
            13,
            13
        ],
        [
            14,
            14
        ],
        [
            15,
            15
        ],
        [
            16,
            16
        ],
        [
            17,
            17
        ],
        [
            18,
            18
        ],
        [
            19,
            19
        ],
        [
            20,
            20
        ],
        [
            21,
            21
        ],
        [
            22,
            22
        ],
        [
            23,
            23
        ],
        [
            24,
            24
        ],
        [
            25,
            25
        ],
        [
            26,
            26
        ],
        [
            27,
            27
        ],
        [
            28,
            28
        ]
    ],
    "similarity": 0.65
}