{
    "coords": [
        [
            45.42064914049111,
            38.23247656709315
        ],
        [
            18.305877193466625,
            39.86934827690364
        ],
        [
            20.325743126676073,
            75.90213497350588
        ],
        [
            32.47930963659687,
            38.1683219599243
        ],
        [
            74.50748803157045,
            33.32024817352321
        ],
        [
            73.92606407417927,
            60.609163634569086
        ],
        [
            90.58483456842563,
            49.07865660116349
        ],
        [
            30.409562927224602,
            71.344078539094
        ],
        [
            20.25619827549903,
            46.63145432364154
        ],
        [
            45.26039277505973,
            65.06412249601564
        ],
        [
            30.01670532096864,
            35.66671707436419
        ],
        [
            71.32941478757654,
            31.05466272999528
        ],
        [
            19.319752342949613,
            56.34621139547944
        ],
        [
            34.196599245738796,
            56.616151556975574
        ],
        [
            23.440640383423254,
            31.79021372144181
        ],
        [
            59.48358022389983,
            71.50302628350123
        ],
        [
            30.470422745035933,
            63.64751184160417
        ],
        [
            46.7556944565964,
            34.82883037333133
        ],
        [
            18.647613643315342,
            28.335112178015027
        ],
        [
            70.8864792910723,
            64.9539210754315
        ],
        [
            43.86003731582161,
            41.7676029771939
        ],
        [
            30.543614176847125,
            75.85517415623305
        ],
        [
            43.86633816205044,
            20.95428722766945
        ],
        [
            20.601284004006875,
            64.34232328329414
        ],
        [
            60.65948372729009,
            67.39549261147815
        ],
        [
            45.97073945794884,
            71.01559077057645
        ],
        [
            66.61701667012478,
            71.79108333017909
        ],
        [
            69.5835574043964,
            47.75702211898995
        ],
        [
            45.78663853690935,
            31.00991806734127
        ]
    ],
    "edges": [
        [
            18,
            11
        ],
        [
            11,
            18
        ],
        [
            18,
            23
        ],
        [
            23,
            18
        ],
        [
            11,
            19
        ],
        [
            19,
            11
        ],
        [
            23,
            19
        ],
        [
            19,
            23
        ],
        [
            8,
            27
        ],
        [
            27,
            8
        ],
        [
            28,
            9
        ],
        [
            9,
            28
        ],
        [
            18,
            19
        ],
        [
            19,
            18
        ],
        [
            23,
            11
        ],
        [
            11,
            23
        ],
        [
            11,
            6
        ],
        [
            6,
            11
        ],
        [
            19,
            6
        ],
        [
            6,
            19
        ],
        [
            27,
            6
        ],
        [
            6,
            27
        ],
        [
            4,
            5
        ],
        [
            5,
            4
        ],
        [
            22,
            11
        ],
        [
            11,
            22
        ],
        [
            22,
            28
        ],
        [
            28,
            22
        ],
        [
            1,
            3
        ],
        [
            3,
            1
        ],
        [
            12,
            13
        ],
        [
            13,
            12
        ],
        [
            3,
            13
        ],
        [
            13,
            3
        ],
        [
            1,
            10
        ],
        [
            10,
            1
        ],
        [
            1,
            13
        ],
        [
            13,
            1
        ],
        [
            3,
            12
        ],
        [
            12,
            3
        ],
        [
            23,
            2
        ],
        [
            2,
            23
        ],
        [
            16,
            21
        ],
        [
            21,
            16
        ],
        [
            2,
            21
        ],
        [
            21,
            2
        ],
        [
            23,
            21
        ],
        [
            21,
            23
        ],
        [
            25,
            9
        ],
        [
            9,
            25
        ],
        [
            7,
            26
        ],
        [
            26,
            7
        ],
        [
            24,
            15
        ],
        [
            15,
            24
        ],
        [
            14,
            17
        ],
        [
            17,
            14
        ],
        [
            10,
            0
        ],
        [
            0,
            10
        ],
        [
            3,
            20
        ],
        [
            20,
            3
        ],
        [
            0,
            0
        ],
        [
            1,
            1
        ],
        [
            2,
            2
        ],
        [
            3,
            3
        ],
        [
            4,
            4
        ],
        [
            5,
            5
        ],
        [
            6,
            6
        ],
        [
            7,
            7
        ],
        [
            8,
            8
        ],
        [
            9,
            9
        ],
        [
            10,
            10
        ],
        [
            11,
            11
        ],
        [
            12,
            12
        ],
        [
            13,
            13
        ],
        [
            14,
            14
        ],
        [
            15,
            15
        ],
        [
            16,
            16
        ],
        [
            17,
            17
        ],
        [
            18,
            18
        ],
        [
            19,
            19
        ],
        [
            20,
            20
        ],
        [
            21,
            21
        ],
        [
            22,
            22
        ],
        [
            23,
            23
        ],
        [
            24,
            24
        ],
        [
            25,
            25
        ],
        [
            26,
            26
        ],
        [
            27,
            27
        ],
        [
            28,
            28
        ]
    ],
    "similarity": 0.64
}