{
    "coords": [
        [
            18.4115589937994,
            37.401748945450684
        ],
        [
            20.140635980134494,
            73.55584690214341
        ],
        [
            76.92352750711257,
            35.46727182173032
        ],
        [
            75.05119161344183,
            60.70209115669936
        ],
        [
            89.66379847561278,
            48.892077999733374
        ],
        [
            30.85746553983056,
            68.25923207672754
        ],
        [
            19.59005407223339,
            47.00587683105871
        ],
        [
            45.177824022830684,
            63.565793677346655
        ],
        [
            70.89715348695776,
            29.81141204542031
        ],
        [
            18.94299255528089,
            56.0231433878175
        ],
        [
            31.850976382763374,
            57.49544768525561
        ],
        [
            30.311239011678097,
            37.335558295218085
        ],
        [
            23.59617293367724,
            32.712915022320196
        ],
        [
            60.7242199413272,
            70.8334464635822
        ],
        [
            29.28244954054228,
            65.98194482208366
        ],
        [
            46.617180501779,
            35.01524846935328
        ],
        [
            19.764277146285924,
            31.88969222308371
        ],
        [
            68.63318605239375,
            66.76273852045388
        ],
        [
            28.178311154537198,
            76.52554472842623
        ],
        [
            45.246914559909605,
            21.47860033273665
        ],
        [
            18.371459442663486,
            65.86562522308891
        ],
        [
            59.14711240852794,
            66.22793243018995
        ],
        [
            44.828250013887406,
            69.17609717478148
        ],
        [
            65.05409017060168,
            70.35888934274635
        ],
        [
            71.97542524407329,
            49.49266457662886
        ],
        [
            43.47365590391087,
            31.650279155442497
        ]
    ],
    "edges": [
        [
            16,
            8
        ],
        [
            8,
            16
        ],
        [
            16,
            20
        ],
        [
            20,
            16
        ],
        [
            8,
            17
        ],
        [
            17,
            8
        ],
        [
            20,
            17
        ],
        [
            17,
            20
        ],
        [
            6,
            24
        ],
        [
            24,
            6
        ],
        [
            25,
            7
        ],
        [
            7,
            25
        ],
        [
            16,
            17
        ],
        [
            17,
            16
        ],
        [
            20,
            8
        ],
        [
            8,
            20
        ],
        [
            8,
            4
        ],
        [
            4,
            8
        ],
        [
            17,
            4
        ],
        [
            4,
            17
        ],
        [
            24,
            4
        ],
        [
            4,
            24
        ],
        [
            2,
            3
        ],
        [
            3,
            2
        ],
        [
            19,
            8
        ],
        [
            8,
            19
        ],
        [
            19,
            25
        ],
        [
            25,
            19
        ],
        [
            0,
            11
        ],
        [
            11,
            0
        ],
        [
            9,
            10
        ],
        [
            10,
            9
        ],
        [
            11,
            10
        ],
        [
            10,
            11
        ],
        [
            0,
            11
        ],
        [
            11,
            0
        ],
        [
            0,
            10
        ],
        [
            10,
            0
        ],
        [
            11,
            9
        ],
        [
            9,
            11
        ],
        [
            20,
            1
        ],
        [
            1,
            20
        ],
        [
            14,
            18
        ],
        [
            18,
            14
        ],
        [
            1,
            18
        ],
        [
            18,
            1
        ],
        [
            20,
            18
        ],
        [
            18,
            20
        ],
        [
            22,
            7
        ],
        [
            7,
            22
        ],
        [
            5,
            23
        ],
        [
            23,
            5
        ],
        [
            21,
            13
        ],
        [
            13,
            21
        ],
        [
            12,
            15
        ],
        [
            15,
            12
        ],
        [
            0,
            0
        ],
        [
            1,
            1
        ],
        [
            2,
            2
        ],
        [
            3,
            3
        ],
        [
            4,
            4
        ],
        [
            5,
            5
        ],
        [
            6,
            6
        ],
        [
            7,
            7
        ],
        [
            8,
            8
        ],
        [
            9,
            9
        ],
        [
            10,
            10
        ],
        [
            11,
            11
        ],
        [
            12,
            12
        ],
        [
            13,
            13
        ],
        [
            14,
            14
        ],
        [
            15,
            15
        ],
        [
            16,
            16
        ],
        [
            17,
            17
        ],
        [
            18,
            18
        ],
        [
            19,
            19
        ],
        [
            20,
            20
        ],
        [
            21,
            21
        ],
        [
            22,
            22
        ],
        [
            23,
            23
        ],
        [
            24,
            24
        ],
        [
            25,
            25
        ]
    ],
    "similarity": 0.6
}