{
    "coords": [
        [
            47.63899069361359,
            65.50287706709085
        ],
        [
            46.89151949018719,
            18.468894687464207
        ],
        [
            18.102916002891455,
            28.361000397776767
        ],
        [
            70.71773376299937,
            27.936229239214896
        ],
        [
            17.993789208616636,
            64.3131281249621
        ],
        [
            68.39112641840138,
            64.95718603680982
        ],
        [
            74.08688932011336,
            32.73966162618956
        ],
        [
            18.650222574401187,
            37.34687777917499
        ],
        [
            17.57768430382339,
            55.70979256523435
        ],
        [
            74.73607891397448,
            59.52242324568879
        ],
        [
            91.00344439342024,
            48.57405741216256
        ],
        [
            31.180816538973264,
            58.23263121087841
        ],
        [
            33.124630301779185,
            40.9101583052712
        ],
        [
            18.462870102692666,
            49.75942488535774
        ],
        [
            67.6423041189205,
            44.87112065273734
        ],
        [
            45.95392091211798,
            30.248347039141166
        ]
    ],
    "edges": [
        [
            2,
            3
        ],
        [
            3,
            2
        ],
        [
            2,
            4
        ],
        [
            4,
            2
        ],
        [
            3,
            5
        ],
        [
            5,
            3
        ],
        [
            4,
            5
        ],
        [
            5,
            4
        ],
        [
            13,
            14
        ],
        [
            14,
            13
        ],
        [
            15,
            0
        ],
        [
            0,
            15
        ],
        [
            2,
            5
        ],
        [
            5,
            2
        ],
        [
            4,
            3
        ],
        [
            3,
            4
        ],
        [
            3,
            10
        ],
        [
            10,
            3
        ],
        [
            5,
            10
        ],
        [
            10,
            5
        ],
        [
            14,
            10
        ],
        [
            10,
            14
        ],
        [
            6,
            9
        ],
        [
            9,
            6
        ],
        [
            1,
            3
        ],
        [
            3,
            1
        ],
        [
            1,
            15
        ],
        [
            15,
            1
        ],
        [
            7,
            12
        ],
        [
            12,
            7
        ],
        [
            8,
            11
        ],
        [
            11,
            8
        ],
        [
            12,
            11
        ],
        [
            11,
            12
        ],
        [
            7,
            12
        ],
        [
            12,
            7
        ],
        [
            7,
            11
        ],
        [
            11,
            7
        ],
        [
            12,
            8
        ],
        [
            8,
            12
        ],
        [
            0,
            0
        ],
        [
            1,
            1
        ],
        [
            2,
            2
        ],
        [
            3,
            3
        ],
        [
            4,
            4
        ],
        [
            5,
            5
        ],
        [
            6,
            6
        ],
        [
            7,
            7
        ],
        [
            8,
            8
        ],
        [
            9,
            9
        ],
        [
            10,
            10
        ],
        [
            11,
            11
        ],
        [
            12,
            12
        ],
        [
            13,
            13
        ],
        [
            14,
            14
        ],
        [
            15,
            15
        ]
    ],
    "similarity": 0.46
}