{
    "coords": [
        [
            44.1837877178606,
            67.32880472506105
        ],
        [
            43.61851636731546,
            23.042496337708275
        ],
        [
            22.194403002017776,
            28.967871434505728
        ],
        [
            71.34965280504107,
            30.929863672632262
        ],
        [
            19.60437457274653,
            62.57189140961009
        ],
        [
            68.30838752739481,
            67.69043335156721
        ],
        [
            75.21550001021151,
            32.98879346555236
        ],
        [
            20.26589181754402,
            41.63693291406358
        ],
        [
            22.497436277198364,
            58.445288408631164
        ],
        [
            74.92314556077369,
            57.39793330777909
        ],
        [
            92.62387109084852,
            48.61694369381109
        ],
        [
            36.088660559246684,
            55.90027604454249
        ],
        [
            22.69262290183371,
            50.71054641437885
        ],
        [
            69.91499885629644,
            48.25714128943873
        ],
        [
            30.356342167896454,
            35.69318944851919
        ],
        [
            47.95465710549918,
            27.82912415226506
        ]
    ],
    "edges": [
        [
            2,
            3
        ],
        [
            3,
            2
        ],
        [
            2,
            4
        ],
        [
            4,
            2
        ],
        [
            3,
            5
        ],
        [
            5,
            3
        ],
        [
            4,
            5
        ],
        [
            5,
            4
        ],
        [
            12,
            13
        ],
        [
            13,
            12
        ],
        [
            15,
            0
        ],
        [
            0,
            15
        ],
        [
            2,
            5
        ],
        [
            5,
            2
        ],
        [
            4,
            3
        ],
        [
            3,
            4
        ],
        [
            3,
            10
        ],
        [
            10,
            3
        ],
        [
            5,
            10
        ],
        [
            10,
            5
        ],
        [
            13,
            10
        ],
        [
            10,
            13
        ],
        [
            6,
            9
        ],
        [
            9,
            6
        ],
        [
            1,
            3
        ],
        [
            3,
            1
        ],
        [
            1,
            15
        ],
        [
            15,
            1
        ],
        [
            7,
            14
        ],
        [
            14,
            7
        ],
        [
            8,
            11
        ],
        [
            11,
            8
        ],
        [
            0,
            0
        ],
        [
            1,
            1
        ],
        [
            2,
            2
        ],
        [
            3,
            3
        ],
        [
            4,
            4
        ],
        [
            5,
            5
        ],
        [
            6,
            6
        ],
        [
            7,
            7
        ],
        [
            8,
            8
        ],
        [
            9,
            9
        ],
        [
            10,
            10
        ],
        [
            11,
            11
        ],
        [
            12,
            12
        ],
        [
            13,
            13
        ],
        [
            14,
            14
        ],
        [
            15,
            15
        ]
    ],
    "similarity": 0.33
}