{
    "coords": [
        [
            45.892143952557454,
            65.44505820666284
        ],
        [
            19.960170677138333,
            29.034921350055512
        ],
        [
            68.96967374792182,
            33.29156266701973
        ],
        [
            21.957679911200437,
            62.87163947639064
        ],
        [
            71.80627021361876,
            65.38082670649517
        ],
        [
            86.51429772892006,
            44.71482525933556
        ],
        [
            18.497223984803696,
            49.51814807067744
        ],
        [
            66.3242374212471,
            45.92131801771199
        ],
        [
            42.67233988906672,
            26.26239040082745
        ]
    ],
    "edges": [
        [
            1,
            2
        ],
        [
            2,
            1
        ],
        [
            1,
            3
        ],
        [
            3,
            1
        ],
        [
            2,
            4
        ],
        [
            4,
            2
        ],
        [
            3,
            4
        ],
        [
            4,
            3
        ],
        [
            6,
            7
        ],
        [
            7,
            6
        ],
        [
            8,
            0
        ],
        [
            0,
            8
        ],
        [
            1,
            4
        ],
        [
            4,
            1
        ],
        [
            3,
            2
        ],
        [
            2,
            3
        ],
        [
            2,
            5
        ],
        [
            5,
            2
        ],
        [
            4,
            5
        ],
        [
            5,
            4
        ],
        [
            0,
            0
        ],
        [
            1,
            1
        ],
        [
            2,
            2
        ],
        [
            3,
            3
        ],
        [
            4,
            4
        ],
        [
            5,
            5
        ],
        [
            6,
            6
        ],
        [
            7,
            7
        ],
        [
            8,
            8
        ]
    ],
    "similarity": 0.2
}