{
    "coords": [
        [
            43.79486288193872,
            66.00897041582033
        ],
        [
            45.06476032439096,
            19.748652358776088
        ],
        [
            31.67631168530572,
            36.962242053704806
        ],
        [
            18.77802666880364,
            29.2378349830106
        ],
        [
            69.94915393473373,
            32.01366230962106
        ],
        [
            19.022996472077907,
            64.27757059816959
        ],
        [
            70.36119898381249,
            67.09455895446789
        ],
        [
            75.94460690503107,
            36.30315310862615
        ],
        [
            17.870752536489217,
            38.770996988182
        ],
        [
            76.80919448630495,
            61.04871753792412
        ],
        [
            90.43646824526742,
            46.073206225352195
        ],
        [
            30.739928140656097,
            58.18265462186034
        ],
        [
            18.25609878700072,
            48.65696324622224
        ],
        [
            71.45122936387979,
            46.53311345352308
        ],
        [
            21.79361073069679,
            56.594324773095586
        ],
        [
            42.99226478774969,
            29.106516012768907
        ]
    ],
    "edges": [
        [
            3,
            4
        ],
        [
            4,
            3
        ],
        [
            3,
            5
        ],
        [
            5,
            3
        ],
        [
            4,
            6
        ],
        [
            6,
            4
        ],
        [
            5,
            6
        ],
        [
            6,
            5
        ],
        [
            12,
            13
        ],
        [
            13,
            12
        ],
        [
            15,
            0
        ],
        [
            0,
            15
        ],
        [
            3,
            6
        ],
        [
            6,
            3
        ],
        [
            5,
            4
        ],
        [
            4,
            5
        ],
        [
            4,
            10
        ],
        [
            10,
            4
        ],
        [
            6,
            10
        ],
        [
            10,
            6
        ],
        [
            13,
            10
        ],
        [
            10,
            13
        ],
        [
            7,
            9
        ],
        [
            9,
            7
        ],
        [
            1,
            4
        ],
        [
            4,
            1
        ],
        [
            1,
            15
        ],
        [
            15,
            1
        ],
        [
            8,
            2
        ],
        [
            2,
            8
        ],
        [
            14,
            11
        ],
        [
            11,
            14
        ],
        [
            2,
            11
        ],
        [
            11,
            2
        ],
        [
            0,
            0
        ],
        [
            1,
            1
        ],
        [
            2,
            2
        ],
        [
            3,
            3
        ],
        [
            4,
            4
        ],
        [
            5,
            5
        ],
        [
            6,
            6
        ],
        [
            7,
            7
        ],
        [
            8,
            8
        ],
        [
            9,
            9
        ],
        [
            10,
            10
        ],
        [
            11,
            11
        ],
        [
            12,
            12
        ],
        [
            13,
            13
        ],
        [
            14,
            14
        ],
        [
            15,
            15
        ]
    ],
    "similarity": 0.55
}