{
    "coords": [
        [
            46.71696220885201,
            66.61383634935595
        ],
        [
            20.54394618886546,
            30.922812788010376
        ],
        [
            72.04722877678486,
            29.64505650668915
        ],
        [
            17.42456675921797,
            67.22143913850401
        ],
        [
            73.68224988924393,
            61.75956839041236
        ],
        [
            89.6362965417878,
            45.90561666478499
        ],
        [
            21.43730353479022,
            48.63014004445657
        ],
        [
            66.48749880971307,
            49.49846924836104
        ],
        [
            46.69770092720909,
            27.409789135331568
        ]
    ],
    "edges": [
        [
            1,
            2
        ],
        [
            2,
            1
        ],
        [
            1,
            3
        ],
        [
            3,
            1
        ],
        [
            2,
            4
        ],
        [
            4,
            2
        ],
        [
            3,
            4
        ],
        [
            4,
            3
        ],
        [
            6,
            7
        ],
        [
            7,
            6
        ],
        [
            8,
            0
        ],
        [
            0,
            8
        ],
        [
            1,
            4
        ],
        [
            4,
            1
        ],
        [
            3,
            2
        ],
        [
            2,
            3
        ],
        [
            2,
            5
        ],
        [
            5,
            2
        ],
        [
            4,
            5
        ],
        [
            5,
            4
        ],
        [
            7,
            5
        ],
        [
            5,
            7
        ],
        [
            0,
            0
        ],
        [
            1,
            1
        ],
        [
            2,
            2
        ],
        [
            3,
            3
        ],
        [
            4,
            4
        ],
        [
            5,
            5
        ],
        [
            6,
            6
        ],
        [
            7,
            7
        ],
        [
            8,
            8
        ]
    ],
    "similarity": 0.23
}