{
    "coords": [
        [
            42.98301516079461,
            67.75470928039786
        ],
        [
            42.80019637724807,
            21.586072214663265
        ],
        [
            18.205921479052343,
            29.239400409977094
        ],
        [
            69.80676199406157,
            28.740666023330796
        ],
        [
            22.277358054737164,
            64.04928271988935
        ],
        [
            70.55737867059749,
            65.84255333029444
        ],
        [
            75.56768069714622,
            36.16484633089738
        ],
        [
            22.742680397421385,
            40.913018123022255
        ],
        [
            19.814885434402782,
            58.67340189206588
        ],
        [
            76.5418637304334,
            61.39282061879815
        ],
        [
            88.35170407791092,
            48.876742544984594
        ],
        [
            32.1436619990204,
            57.927194443627435
        ],
        [
            28.99716920169857,
            36.62647458639163
        ],
        [
            20.870806615721207,
            49.41049498129744
        ],
        [
            70.31521428832357,
            46.225901373834375
        ],
        [
            42.2577555477926,
            31.119138968424895
        ]
    ],
    "edges": [
        [
            2,
            3
        ],
        [
            3,
            2
        ],
        [
            2,
            4
        ],
        [
            4,
            2
        ],
        [
            3,
            5
        ],
        [
            5,
            3
        ],
        [
            4,
            5
        ],
        [
            5,
            4
        ],
        [
            13,
            14
        ],
        [
            14,
            13
        ],
        [
            15,
            0
        ],
        [
            0,
            15
        ],
        [
            2,
            5
        ],
        [
            5,
            2
        ],
        [
            4,
            3
        ],
        [
            3,
            4
        ],
        [
            3,
            10
        ],
        [
            10,
            3
        ],
        [
            5,
            10
        ],
        [
            10,
            5
        ],
        [
            14,
            10
        ],
        [
            10,
            14
        ],
        [
            6,
            9
        ],
        [
            9,
            6
        ],
        [
            1,
            3
        ],
        [
            3,
            1
        ],
        [
            1,
            15
        ],
        [
            15,
            1
        ],
        [
            7,
            12
        ],
        [
            12,
            7
        ],
        [
            8,
            11
        ],
        [
            11,
            8
        ],
        [
            12,
            11
        ],
        [
            11,
            12
        ],
        [
            7,
            12
        ],
        [
            12,
            7
        ],
        [
            0,
            0
        ],
        [
            1,
            1
        ],
        [
            2,
            2
        ],
        [
            3,
            3
        ],
        [
            4,
            4
        ],
        [
            5,
            5
        ],
        [
            6,
            6
        ],
        [
            7,
            7
        ],
        [
            8,
            8
        ],
        [
            9,
            9
        ],
        [
            10,
            10
        ],
        [
            11,
            11
        ],
        [
            12,
            12
        ],
        [
            13,
            13
        ],
        [
            14,
            14
        ],
        [
            15,
            15
        ]
    ],
    "similarity": 0.39
}