{
    "coords": [
        [
            46.45173395325169,
            38.36819232292832
        ],
        [
            18.973931061537893,
            37.05342088855782
        ],
        [
            19.720627337611383,
            75.4774338020712
        ],
        [
            34.4089452927444,
            39.19248725226989
        ],
        [
            76.68167571688535,
            36.29572890551408
        ],
        [
            74.41296566659587,
            60.260859764579735
        ],
        [
            88.86633212711796,
            45.951666717284745
        ],
        [
            30.810212067663002,
            71.58176055464523
        ],
        [
            20.902073219970024,
            47.80470368826322
        ],
        [
            43.501021024477616,
            63.55369937545558
        ],
        [
            29.726385759576186,
            36.89369953655619
        ],
        [
            70.26282591839069,
            30.757838577713684
        ],
        [
            20.88958094571072,
            55.217292104770586
        ],
        [
            31.841596894570692,
            57.30023440400191
        ],
        [
            24.912075302946093,
            34.1204096886942
        ],
        [
            60.83811114207175,
            73.34101659613408
        ],
        [
            31.428884679627505,
            65.01294512791875
        ],
        [
            45.009717878983494,
            32.12244260536503
        ],
        [
            19.865958807078382,
            29.368190952440834
        ],
        [
            70.12890697740896,
            65.90323803335279
        ],
        [
            46.55211579223258,
            40.93266359866058
        ],
        [
            31.03575212039835,
            74.39456080109251
        ],
        [
            44.30708122479219,
            19.4030546399848
        ],
        [
            18.416273732392035,
            64.60381926216266
        ],
        [
            60.53542862447267,
            66.92688238723103
        ],
        [
            44.40221899487174,
            69.78995401318433
        ],
        [
            64.92412755235041,
            68.7619807067314
        ],
        [
            69.4355521279162,
            48.22532498978721
        ],
        [
            44.52039322421307,
            29.27693886567032
        ]
    ],
    "edges": [
        [
            18,
            11
        ],
        [
            11,
            18
        ],
        [
            18,
            23
        ],
        [
            23,
            18
        ],
        [
            11,
            19
        ],
        [
            19,
            11
        ],
        [
            23,
            19
        ],
        [
            19,
            23
        ],
        [
            8,
            27
        ],
        [
            27,
            8
        ],
        [
            28,
            9
        ],
        [
            9,
            28
        ],
        [
            18,
            19
        ],
        [
            19,
            18
        ],
        [
            23,
            11
        ],
        [
            11,
            23
        ],
        [
            11,
            6
        ],
        [
            6,
            11
        ],
        [
            19,
            6
        ],
        [
            6,
            19
        ],
        [
            27,
            6
        ],
        [
            6,
            27
        ],
        [
            4,
            5
        ],
        [
            5,
            4
        ],
        [
            22,
            11
        ],
        [
            11,
            22
        ],
        [
            22,
            28
        ],
        [
            28,
            22
        ],
        [
            1,
            3
        ],
        [
            3,
            1
        ],
        [
            12,
            13
        ],
        [
            13,
            12
        ],
        [
            3,
            13
        ],
        [
            13,
            3
        ],
        [
            1,
            10
        ],
        [
            10,
            1
        ],
        [
            1,
            13
        ],
        [
            13,
            1
        ],
        [
            3,
            12
        ],
        [
            12,
            3
        ],
        [
            23,
            2
        ],
        [
            2,
            23
        ],
        [
            16,
            21
        ],
        [
            21,
            16
        ],
        [
            2,
            21
        ],
        [
            21,
            2
        ],
        [
            23,
            21
        ],
        [
            21,
            23
        ],
        [
            25,
            9
        ],
        [
            9,
            25
        ],
        [
            7,
            26
        ],
        [
            26,
            7
        ],
        [
            24,
            15
        ],
        [
            15,
            24
        ],
        [
            14,
            17
        ],
        [
            17,
            14
        ],
        [
            10,
            0
        ],
        [
            0,
            10
        ],
        [
            3,
            20
        ],
        [
            20,
            3
        ],
        [
            0,
            0
        ],
        [
            1,
            1
        ],
        [
            2,
            2
        ],
        [
            3,
            3
        ],
        [
            4,
            4
        ],
        [
            5,
            5
        ],
        [
            6,
            6
        ],
        [
            7,
            7
        ],
        [
            8,
            8
        ],
        [
            9,
            9
        ],
        [
            10,
            10
        ],
        [
            11,
            11
        ],
        [
            12,
            12
        ],
        [
            13,
            13
        ],
        [
            14,
            14
        ],
        [
            15,
            15
        ],
        [
            16,
            16
        ],
        [
            17,
            17
        ],
        [
            18,
            18
        ],
        [
            19,
            19
        ],
        [
            20,
            20
        ],
        [
            21,
            21
        ],
        [
            22,
            22
        ],
        [
            23,
            23
        ],
        [
            24,
            24
        ],
        [
            25,
            25
        ],
        [
            26,
            26
        ],
        [
            27,
            27
        ],
        [
            28,
            28
        ]
    ],
    "similarity": 0.68
}