{
    "coords": [
        [
            45.317908601376615,
            68.60856751371881
        ],
        [
            18.863428772018374,
            26.475847352495258
        ],
        [
            66.94024521944276,
            28.641277358646207
        ],
        [
            18.052290035152403,
            63.4902209435742
        ],
        [
            71.34689570065227,
            61.000740338557954
        ],
        [
            18.57551048945099,
            43.882365208998756
        ],
        [
            67.20841796377945,
            47.5666770145875
        ],
        [
            41.089647678829536,
            30.22135744487942
        ]
    ],
    "edges": [
        [
            1,
            2
        ],
        [
            2,
            1
        ],
        [
            1,
            3
        ],
        [
            3,
            1
        ],
        [
            2,
            4
        ],
        [
            4,
            2
        ],
        [
            3,
            4
        ],
        [
            4,
            3
        ],
        [
            5,
            6
        ],
        [
            6,
            5
        ],
        [
            7,
            0
        ],
        [
            0,
            7
        ],
        [
            1,
            4
        ],
        [
            4,
            1
        ],
        [
            3,
            2
        ],
        [
            2,
            3
        ],
        [
            0,
            0
        ],
        [
            1,
            1
        ],
        [
            2,
            2
        ],
        [
            3,
            3
        ],
        [
            4,
            4
        ],
        [
            5,
            5
        ],
        [
            6,
            6
        ],
        [
            7,
            7
        ]
    ],
    "similarity": 0.16
}