{
    "coords": [
        [
            48.73945782372202,
            64.32381776220751
        ],
        [
            22.406377496722705,
            27.348867422535374
        ],
        [
            73.50038020661754,
            30.73491026610138
        ],
        [
            18.49517837259788,
            63.127311253291545
        ],
        [
            71.13849836999832,
            63.950472476767004
        ],
        [
            20.069680844113325,
            44.83298625681033
        ],
        [
            72.66982636931753,
            43.49877701841821
        ],
        [
            41.936919124215386,
            29.693971644098937
        ]
    ],
    "edges": [
        [
            1,
            2
        ],
        [
            2,
            1
        ],
        [
            1,
            3
        ],
        [
            3,
            1
        ],
        [
            2,
            4
        ],
        [
            4,
            2
        ],
        [
            3,
            4
        ],
        [
            4,
            3
        ],
        [
            5,
            6
        ],
        [
            6,
            5
        ],
        [
            7,
            0
        ],
        [
            0,
            7
        ],
        [
            1,
            4
        ],
        [
            4,
            1
        ],
        [
            3,
            2
        ],
        [
            2,
            3
        ],
        [
            0,
            0
        ],
        [
            1,
            1
        ],
        [
            2,
            2
        ],
        [
            3,
            3
        ],
        [
            4,
            4
        ],
        [
            5,
            5
        ],
        [
            6,
            6
        ],
        [
            7,
            7
        ]
    ],
    "similarity": 0.11
}