{
    "coords": [
        [
            44.61554885535856,
            64.70599863436418
        ],
        [
            44.24558131965187,
            20.73961551560432
        ],
        [
            28.585493604047233,
            36.28501104797183
        ],
        [
            21.296468376648388,
            29.79224487744474
        ],
        [
            70.827221020771,
            29.65521627549902
        ],
        [
            18.904919158598627,
            65.64075207325442
        ],
        [
            70.01723406916369,
            65.8567247791985
        ],
        [
            75.12948281302927,
            34.34793109666625
        ],
        [
            20.913074111385654,
            36.43351788094925
        ],
        [
            19.426596961428096,
            74.92878959432066
        ],
        [
            74.15071595954541,
            59.12395045563128
        ],
        [
            89.65313197795174,
            48.298238751562856
        ],
        [
            28.977053889263804,
            59.24330909235491
        ],
        [
            21.53889404265777,
            47.39003117895494
        ],
        [
            69.15185867869376,
            48.14784412233961
        ],
        [
            20.09560182464103,
            57.328945347205405
        ],
        [
            45.13045077441076,
            29.675876180567702
        ]
    ],
    "edges": [
        [
            3,
            4
        ],
        [
            4,
            3
        ],
        [
            3,
            5
        ],
        [
            5,
            3
        ],
        [
            4,
            6
        ],
        [
            6,
            4
        ],
        [
            5,
            6
        ],
        [
            6,
            5
        ],
        [
            13,
            14
        ],
        [
            14,
            13
        ],
        [
            16,
            0
        ],
        [
            0,
            16
        ],
        [
            3,
            6
        ],
        [
            6,
            3
        ],
        [
            5,
            4
        ],
        [
            4,
            5
        ],
        [
            4,
            11
        ],
        [
            11,
            4
        ],
        [
            6,
            11
        ],
        [
            11,
            6
        ],
        [
            14,
            11
        ],
        [
            11,
            14
        ],
        [
            7,
            10
        ],
        [
            10,
            7
        ],
        [
            1,
            4
        ],
        [
            4,
            1
        ],
        [
            1,
            16
        ],
        [
            16,
            1
        ],
        [
            8,
            2
        ],
        [
            2,
            8
        ],
        [
            15,
            12
        ],
        [
            12,
            15
        ],
        [
            2,
            12
        ],
        [
            12,
            2
        ],
        [
            8,
            12
        ],
        [
            12,
            8
        ],
        [
            2,
            15
        ],
        [
            15,
            2
        ],
        [
            5,
            9
        ],
        [
            9,
            5
        ],
        [
            0,
            0
        ],
        [
            1,
            1
        ],
        [
            2,
            2
        ],
        [
            3,
            3
        ],
        [
            4,
            4
        ],
        [
            5,
            5
        ],
        [
            6,
            6
        ],
        [
            7,
            7
        ],
        [
            8,
            8
        ],
        [
            9,
            9
        ],
        [
            10,
            10
        ],
        [
            11,
            11
        ],
        [
            12,
            12
        ],
        [
            13,
            13
        ],
        [
            14,
            14
        ],
        [
            15,
            15
        ],
        [
            16,
            16
        ]
    ],
    "similarity": 0.69
}