{
    "coords": [
        [
            24.44748181243309,
            68.97100177583359
        ],
        [
            17.785425614924524,
            27.76219329430193
        ],
        [
            69.02865814436724,
            26.519473047165622
        ]
    ],
    "edges": [
        [
            1,
            2
        ],
        [
            2,
            1
        ],
        [
            1,
            0
        ],
        [
            0,
            1
        ],
        [
            0,
            0
        ],
        [
            1,
            1
        ],
        [
            2,
            2
        ]
    ],
    "similarity": 0.03
}