{
    "coords": [
        [
            42.922625853946485,
            66.52005991285745
        ],
        [
            23.553089163446963,
            28.097249813755738
        ],
        [
            66.5044208601192,
            33.42643101140774
        ],
        [
            20.935557512018068,
            67.33305099833063
        ],
        [
            66.53774139247227,
            61.302696085869485
        ],
        [
            79.17654744169134,
            37.51001776054038
        ],
        [
            77.05590501627628,
            57.85227552072304
        ],
        [
            92.82080299859363,
            49.79362263932357
        ],
        [
            23.50915894636832,
            44.95759951472633
        ],
        [
            73.4365657910303,
            44.39767884819228
        ],
        [
            48.39770654256396,
            28.67642785836425
        ]
    ],
    "edges": [
        [
            1,
            2
        ],
        [
            2,
            1
        ],
        [
            1,
            3
        ],
        [
            3,
            1
        ],
        [
            2,
            4
        ],
        [
            4,
            2
        ],
        [
            3,
            4
        ],
        [
            4,
            3
        ],
        [
            8,
            9
        ],
        [
            9,
            8
        ],
        [
            10,
            0
        ],
        [
            0,
            10
        ],
        [
            1,
            4
        ],
        [
            4,
            1
        ],
        [
            3,
            2
        ],
        [
            2,
            3
        ],
        [
            2,
            7
        ],
        [
            7,
            2
        ],
        [
            4,
            7
        ],
        [
            7,
            4
        ],
        [
            9,
            7
        ],
        [
            7,
            9
        ],
        [
            5,
            6
        ],
        [
            6,
            5
        ],
        [
            0,
            0
        ],
        [
            1,
            1
        ],
        [
            2,
            2
        ],
        [
            3,
            3
        ],
        [
            4,
            4
        ],
        [
            5,
            5
        ],
        [
            6,
            6
        ],
        [
            7,
            7
        ],
        [
            8,
            8
        ],
        [
            9,
            9
        ],
        [
            10,
            10
        ]
    ],
    "similarity": 0.24
}