{
    "coords": [
        [
            42.72858678402443,
            66.81022469798103
        ],
        [
            45.53883937967306,
            22.77996556329543
        ],
        [
            20.902937481218327,
            31.60326633564931
        ],
        [
            72.70830650451019,
            28.635842875682425
        ],
        [
            18.78312429699762,
            64.79408675385812
        ],
        [
            69.95981303980724,
            66.00795556594386
        ],
        [
            75.33998589647705,
            33.55923481818267
        ],
        [
            22.10529711448457,
            39.30432055279896
        ],
        [
            22.67916667734476,
            53.91677042356675
        ],
        [
            75.3669794388879,
            57.49298944473248
        ],
        [
            92.0850935586616,
            48.394131210677855
        ],
        [
            32.112070247081064,
            55.07026848987971
        ],
        [
            32.62177248421447,
            40.49514554301837
        ],
        [
            19.549232108190793,
            50.12708375638827
        ],
        [
            68.7578817005002,
            47.13910000280652
        ],
        [
            47.11904248392101,
            27.782719787231404
        ]
    ],
    "edges": [
        [
            2,
            3
        ],
        [
            3,
            2
        ],
        [
            2,
            4
        ],
        [
            4,
            2
        ],
        [
            3,
            5
        ],
        [
            5,
            3
        ],
        [
            4,
            5
        ],
        [
            5,
            4
        ],
        [
            13,
            14
        ],
        [
            14,
            13
        ],
        [
            15,
            0
        ],
        [
            0,
            15
        ],
        [
            2,
            5
        ],
        [
            5,
            2
        ],
        [
            4,
            3
        ],
        [
            3,
            4
        ],
        [
            3,
            10
        ],
        [
            10,
            3
        ],
        [
            5,
            10
        ],
        [
            10,
            5
        ],
        [
            14,
            10
        ],
        [
            10,
            14
        ],
        [
            6,
            9
        ],
        [
            9,
            6
        ],
        [
            1,
            3
        ],
        [
            3,
            1
        ],
        [
            1,
            15
        ],
        [
            15,
            1
        ],
        [
            7,
            12
        ],
        [
            12,
            7
        ],
        [
            8,
            11
        ],
        [
            11,
            8
        ],
        [
            12,
            11
        ],
        [
            11,
            12
        ],
        [
            7,
            12
        ],
        [
            12,
            7
        ],
        [
            7,
            11
        ],
        [
            11,
            7
        ],
        [
            12,
            8
        ],
        [
            8,
            12
        ],
        [
            0,
            0
        ],
        [
            1,
            1
        ],
        [
            2,
            2
        ],
        [
            3,
            3
        ],
        [
            4,
            4
        ],
        [
            5,
            5
        ],
        [
            6,
            6
        ],
        [
            7,
            7
        ],
        [
            8,
            8
        ],
        [
            9,
            9
        ],
        [
            10,
            10
        ],
        [
            11,
            11
        ],
        [
            12,
            12
        ],
        [
            13,
            13
        ],
        [
            14,
            14
        ],
        [
            15,
            15
        ]
    ],
    "similarity": 0.41
}