{
    "coords": [
        [
            42.43170314259006,
            63.89216704542718
        ],
        [
            23.931035934260038,
            28.957272560878657
        ],
        [
            70.96490455643696,
            28.674269619612993
        ],
        [
            23.61738559230662,
            63.80596788383929
        ],
        [
            72.91856046798073,
            67.92656968972959
        ],
        [
            92.89070836717511,
            45.81317311199182
        ],
        [
            22.6697524454292,
            45.17056742612857
        ],
        [
            71.97921217475789,
            45.73257067258787
        ],
        [
            43.953959112255404,
            29.677987648599416
        ]
    ],
    "edges": [
        [
            1,
            2
        ],
        [
            2,
            1
        ],
        [
            1,
            3
        ],
        [
            3,
            1
        ],
        [
            2,
            4
        ],
        [
            4,
            2
        ],
        [
            3,
            4
        ],
        [
            4,
            3
        ],
        [
            6,
            7
        ],
        [
            7,
            6
        ],
        [
            8,
            0
        ],
        [
            0,
            8
        ],
        [
            1,
            4
        ],
        [
            4,
            1
        ],
        [
            3,
            2
        ],
        [
            2,
            3
        ],
        [
            2,
            5
        ],
        [
            5,
            2
        ],
        [
            0,
            0
        ],
        [
            1,
            1
        ],
        [
            2,
            2
        ],
        [
            3,
            3
        ],
        [
            4,
            4
        ],
        [
            5,
            5
        ],
        [
            6,
            6
        ],
        [
            7,
            7
        ],
        [
            8,
            8
        ]
    ],
    "similarity": 0.15
}