{
    "coords": [
        [
            22.632488374283927,
            63.93377796478667
        ],
        [
            65.65407800584097,
            68.45360728366738
        ],
        [
            24.48777156158354,
            30.44096574474984
        ],
        [
            71.8426911220649,
            30.648947319207
        ]
    ],
    "edges": [
        [
            2,
            3
        ],
        [
            3,
            2
        ],
        [
            2,
            0
        ],
        [
            0,
            2
        ],
        [
            3,
            1
        ],
        [
            1,
            3
        ],
        [
            0,
            1
        ],
        [
            1,
            0
        ],
        [
            0,
            0
        ],
        [
            1,
            1
        ],
        [
            2,
            2
        ],
        [
            3,
            3
        ]
    ],
    "similarity": 0.09
}