{
    "coords": [
        [
            45.68142967201487,
            64.01000778641622
        ],
        [
            46.831788084579905,
            19.161768653677314
        ],
        [
            28.455781111743185,
            38.14125909439289
        ],
        [
            19.22722795876109,
            30.289446072469577
        ],
        [
            70.41828877054144,
            28.6597194476208
        ],
        [
            21.78135541264707,
            63.71876014810833
        ],
        [
            69.31131860360927,
            63.47758251558671
        ],
        [
            75.67716077197056,
            34.19498262329715
        ],
        [
            18.488488581059947,
            35.60514017917374
        ],
        [
            76.36791517288783,
            59.8824191734789
        ],
        [
            90.0426272735761,
            46.45846257635717
        ],
        [
            29.9393939446928,
            56.574132151738425
        ],
        [
            19.471078960235193,
            47.336339536498755
        ],
        [
            70.94068368683875,
            48.15456237928836
        ],
        [
            18.843429963287388,
            58.599548363400764
        ],
        [
            43.40677580016398,
            29.92278057412086
        ]
    ],
    "edges": [
        [
            3,
            4
        ],
        [
            4,
            3
        ],
        [
            3,
            5
        ],
        [
            5,
            3
        ],
        [
            4,
            6
        ],
        [
            6,
            4
        ],
        [
            5,
            6
        ],
        [
            6,
            5
        ],
        [
            12,
            13
        ],
        [
            13,
            12
        ],
        [
            15,
            0
        ],
        [
            0,
            15
        ],
        [
            3,
            6
        ],
        [
            6,
            3
        ],
        [
            5,
            4
        ],
        [
            4,
            5
        ],
        [
            4,
            10
        ],
        [
            10,
            4
        ],
        [
            6,
            10
        ],
        [
            10,
            6
        ],
        [
            13,
            10
        ],
        [
            10,
            13
        ],
        [
            7,
            9
        ],
        [
            9,
            7
        ],
        [
            1,
            4
        ],
        [
            4,
            1
        ],
        [
            1,
            15
        ],
        [
            15,
            1
        ],
        [
            8,
            2
        ],
        [
            2,
            8
        ],
        [
            14,
            11
        ],
        [
            11,
            14
        ],
        [
            2,
            11
        ],
        [
            11,
            2
        ],
        [
            8,
            11
        ],
        [
            11,
            8
        ],
        [
            2,
            14
        ],
        [
            14,
            2
        ],
        [
            0,
            0
        ],
        [
            1,
            1
        ],
        [
            2,
            2
        ],
        [
            3,
            3
        ],
        [
            4,
            4
        ],
        [
            5,
            5
        ],
        [
            6,
            6
        ],
        [
            7,
            7
        ],
        [
            8,
            8
        ],
        [
            9,
            9
        ],
        [
            10,
            10
        ],
        [
            11,
            11
        ],
        [
            12,
            12
        ],
        [
            13,
            13
        ],
        [
            14,
            14
        ],
        [
            15,
            15
        ]
    ],
    "similarity": 0.61
}