{
    "coords": [
        [
            43.826633884374445,
            36.58537844800296
        ],
        [
            20.305138382961715,
            39.284069501582586
        ],
        [
            21.476201841052898,
            75.53819556350265
        ],
        [
            34.01856225916398,
            40.545477456243646
        ],
        [
            76.23403107358395,
            35.72030781778189
        ],
        [
            74.9348444508526,
            58.88435534165871
        ],
        [
            89.70845264197614,
            47.41659667540617
        ],
        [
            28.756287335452978,
            70.69246528208771
        ],
        [
            19.88319927534089,
            48.720172053442596
        ],
        [
            44.17923141243897,
            63.27529240817804
        ],
        [
            30.818602792514422,
            36.504798304628274
        ],
        [
            70.54335329123214,
            29.101184842585205
        ],
        [
            18.802818984717685,
            55.53070612851668
        ],
        [
            34.6008016033006,
            57.724254775178245
        ],
        [
            23.85469327603608,
            34.130703447749916
        ],
        [
            59.2769319036302,
            72.9983265604421
        ],
        [
            31.303355464533762,
            64.69180954192997
        ],
        [
            46.170318305531765,
            34.16581486796794
        ],
        [
            18.30234094307142,
            28.254453068282057
        ],
        [
            70.65440183360796,
            65.90099154019362
        ],
        [
            44.71481196322701,
            39.67321938000512
        ],
        [
            29.05459378536185,
            74.47888656860603
        ],
        [
            43.28796491109043,
            18.737805647498778
        ],
        [
            19.981856575481327,
            64.44682961337881
        ],
        [
            59.21633226447756,
            67.63153770891452
        ],
        [
            43.55496206528337,
            70.90092605764977
        ],
        [
            65.27858531259115,
            69.1434711439521
        ],
        [
            71.3748429812848,
            46.98912579059841
        ],
        [
            44.76244082250588,
            30.387372048310333
        ]
    ],
    "edges": [
        [
            18,
            11
        ],
        [
            11,
            18
        ],
        [
            18,
            23
        ],
        [
            23,
            18
        ],
        [
            11,
            19
        ],
        [
            19,
            11
        ],
        [
            23,
            19
        ],
        [
            19,
            23
        ],
        [
            8,
            27
        ],
        [
            27,
            8
        ],
        [
            28,
            9
        ],
        [
            9,
            28
        ],
        [
            18,
            19
        ],
        [
            19,
            18
        ],
        [
            23,
            11
        ],
        [
            11,
            23
        ],
        [
            11,
            6
        ],
        [
            6,
            11
        ],
        [
            19,
            6
        ],
        [
            6,
            19
        ],
        [
            27,
            6
        ],
        [
            6,
            27
        ],
        [
            4,
            5
        ],
        [
            5,
            4
        ],
        [
            22,
            11
        ],
        [
            11,
            22
        ],
        [
            22,
            28
        ],
        [
            28,
            22
        ],
        [
            1,
            3
        ],
        [
            3,
            1
        ],
        [
            12,
            13
        ],
        [
            13,
            12
        ],
        [
            3,
            13
        ],
        [
            13,
            3
        ],
        [
            1,
            10
        ],
        [
            10,
            1
        ],
        [
            1,
            13
        ],
        [
            13,
            1
        ],
        [
            3,
            12
        ],
        [
            12,
            3
        ],
        [
            23,
            2
        ],
        [
            2,
            23
        ],
        [
            16,
            21
        ],
        [
            21,
            16
        ],
        [
            2,
            21
        ],
        [
            21,
            2
        ],
        [
            23,
            21
        ],
        [
            21,
            23
        ],
        [
            25,
            9
        ],
        [
            9,
            25
        ],
        [
            7,
            26
        ],
        [
            26,
            7
        ],
        [
            24,
            15
        ],
        [
            15,
            24
        ],
        [
            14,
            17
        ],
        [
            17,
            14
        ],
        [
            10,
            0
        ],
        [
            0,
            10
        ],
        [
            3,
            20
        ],
        [
            20,
            3
        ],
        [
            0,
            0
        ],
        [
            1,
            1
        ],
        [
            2,
            2
        ],
        [
            3,
            3
        ],
        [
            4,
            4
        ],
        [
            5,
            5
        ],
        [
            6,
            6
        ],
        [
            7,
            7
        ],
        [
            8,
            8
        ],
        [
            9,
            9
        ],
        [
            10,
            10
        ],
        [
            11,
            11
        ],
        [
            12,
            12
        ],
        [
            13,
            13
        ],
        [
            14,
            14
        ],
        [
            15,
            15
        ],
        [
            16,
            16
        ],
        [
            17,
            17
        ],
        [
            18,
            18
        ],
        [
            19,
            19
        ],
        [
            20,
            20
        ],
        [
            21,
            21
        ],
        [
            22,
            22
        ],
        [
            23,
            23
        ],
        [
            24,
            24
        ],
        [
            25,
            25
        ],
        [
            26,
            26
        ],
        [
            27,
            27
        ],
        [
            28,
            28
        ]
    ],
    "similarity": 0.65
}