{
    "coords": [
        [
            19.7461039072847,
            37.92219954603237
        ],
        [
            18.242261827662283,
            72.66160536716498
        ],
        [
            77.51786556895114,
            35.608861563521685
        ],
        [
            77.81823151228676,
            60.59114415250221
        ],
        [
            87.87848624937835,
            48.027074466861826
        ],
        [
            19.56196559562417,
            49.84492614034478
        ],
        [
            46.4711768684754,
            64.84839769107732
        ],
        [
            71.5403544493839,
            29.505305612655395
        ],
        [
            20.698665421265545,
            58.24294289330429
        ],
        [
            31.867907045789277,
            54.979903210770175
        ],
        [
            33.55374360063675,
            40.11834228989251
        ],
        [
            31.699574828432155,
            63.38486569304962
        ],
        [
            19.538907874611475,
            30.13483129350468
        ],
        [
            70.08842115357078,
            63.01089518224018
        ],
        [
            31.050779442495923,
            75.15131263775244
        ],
        [
            43.80202831943636,
            19.859948703307797
        ],
        [
            22.197332292448372,
            64.18234305188102
        ],
        [
            68.63189130815832,
            48.43751491819971
        ],
        [
            42.62895178888292,
            31.91244800403472
        ]
    ],
    "edges": [
        [
            12,
            7
        ],
        [
            7,
            12
        ],
        [
            12,
            16
        ],
        [
            16,
            12
        ],
        [
            7,
            13
        ],
        [
            13,
            7
        ],
        [
            16,
            13
        ],
        [
            13,
            16
        ],
        [
            5,
            17
        ],
        [
            17,
            5
        ],
        [
            18,
            6
        ],
        [
            6,
            18
        ],
        [
            12,
            13
        ],
        [
            13,
            12
        ],
        [
            16,
            7
        ],
        [
            7,
            16
        ],
        [
            7,
            4
        ],
        [
            4,
            7
        ],
        [
            13,
            4
        ],
        [
            4,
            13
        ],
        [
            17,
            4
        ],
        [
            4,
            17
        ],
        [
            2,
            3
        ],
        [
            3,
            2
        ],
        [
            15,
            7
        ],
        [
            7,
            15
        ],
        [
            15,
            18
        ],
        [
            18,
            15
        ],
        [
            0,
            10
        ],
        [
            10,
            0
        ],
        [
            8,
            9
        ],
        [
            9,
            8
        ],
        [
            10,
            9
        ],
        [
            9,
            10
        ],
        [
            0,
            10
        ],
        [
            10,
            0
        ],
        [
            0,
            9
        ],
        [
            9,
            0
        ],
        [
            10,
            8
        ],
        [
            8,
            10
        ],
        [
            16,
            1
        ],
        [
            1,
            16
        ],
        [
            11,
            14
        ],
        [
            14,
            11
        ],
        [
            1,
            14
        ],
        [
            14,
            1
        ],
        [
            16,
            14
        ],
        [
            14,
            16
        ],
        [
            0,
            0
        ],
        [
            1,
            1
        ],
        [
            2,
            2
        ],
        [
            3,
            3
        ],
        [
            4,
            4
        ],
        [
            5,
            5
        ],
        [
            6,
            6
        ],
        [
            7,
            7
        ],
        [
            8,
            8
        ],
        [
            9,
            9
        ],
        [
            10,
            10
        ],
        [
            11,
            11
        ],
        [
            12,
            12
        ],
        [
            13,
            13
        ],
        [
            14,
            14
        ],
        [
            15,
            15
        ],
        [
            16,
            16
        ],
        [
            17,
            17
        ],
        [
            18,
            18
        ]
    ],
    "similarity": 0.52
}