{
    "coords": [
        [
            20.868637379574608,
            37.98720518488764
        ],
        [
            21.146638497566315,
            73.8196001158927
        ],
        [
            75.19095291217947,
            33.19837980207174
        ],
        [
            74.55536168856686,
            61.38151438109297
        ],
        [
            91.0741143896588,
            45.630169492055295
        ],
        [
            31.587478552767447,
            69.81905974557414
        ],
        [
            21.49690201502644,
            48.77075946172544
        ],
        [
            45.773457620842734,
            64.06165002767035
        ],
        [
            69.6908737052127,
            31.567416555857534
        ],
        [
            19.81801864516254,
            54.28016027528369
        ],
        [
            31.162119870252067,
            56.63632968808228
        ],
        [
            30.873321703265695,
            36.65742458701255
        ],
        [
            26.0415245920953,
            31.766165151902914
        ],
        [
            60.076810068981516,
            71.38035778111355
        ],
        [
            29.00009658542322,
            64.97649916297563
        ],
        [
            46.576271540812,
            31.694038094142535
        ],
        [
            21.66192716741227,
            30.257241750687975
        ],
        [
            71.13779999062795,
            63.5866801713981
        ],
        [
            29.72175098162069,
            75.88521910835031
        ],
        [
            45.65663860388181,
            21.726108793276392
        ],
        [
            18.676508959195168,
            64.68616468343151
        ],
        [
            59.94824829205391,
            68.49782962221782
        ],
        [
            43.23118867915277,
            70.4196724248814
        ],
        [
            63.28279313726135,
            71.56455733386231
        ],
        [
            71.44986388335758,
            45.88445359037652
        ],
        [
            46.35273248156668,
            29.77301684632855
        ]
    ],
    "edges": [
        [
            16,
            8
        ],
        [
            8,
            16
        ],
        [
            16,
            20
        ],
        [
            20,
            16
        ],
        [
            8,
            17
        ],
        [
            17,
            8
        ],
        [
            20,
            17
        ],
        [
            17,
            20
        ],
        [
            6,
            24
        ],
        [
            24,
            6
        ],
        [
            25,
            7
        ],
        [
            7,
            25
        ],
        [
            16,
            17
        ],
        [
            17,
            16
        ],
        [
            20,
            8
        ],
        [
            8,
            20
        ],
        [
            8,
            4
        ],
        [
            4,
            8
        ],
        [
            17,
            4
        ],
        [
            4,
            17
        ],
        [
            24,
            4
        ],
        [
            4,
            24
        ],
        [
            2,
            3
        ],
        [
            3,
            2
        ],
        [
            19,
            8
        ],
        [
            8,
            19
        ],
        [
            19,
            25
        ],
        [
            25,
            19
        ],
        [
            0,
            11
        ],
        [
            11,
            0
        ],
        [
            9,
            10
        ],
        [
            10,
            9
        ],
        [
            11,
            10
        ],
        [
            10,
            11
        ],
        [
            0,
            11
        ],
        [
            11,
            0
        ],
        [
            0,
            10
        ],
        [
            10,
            0
        ],
        [
            11,
            9
        ],
        [
            9,
            11
        ],
        [
            20,
            1
        ],
        [
            1,
            20
        ],
        [
            14,
            18
        ],
        [
            18,
            14
        ],
        [
            1,
            18
        ],
        [
            18,
            1
        ],
        [
            20,
            18
        ],
        [
            18,
            20
        ],
        [
            22,
            7
        ],
        [
            7,
            22
        ],
        [
            5,
            23
        ],
        [
            23,
            5
        ],
        [
            21,
            13
        ],
        [
            13,
            21
        ],
        [
            12,
            15
        ],
        [
            15,
            12
        ],
        [
            0,
            0
        ],
        [
            1,
            1
        ],
        [
            2,
            2
        ],
        [
            3,
            3
        ],
        [
            4,
            4
        ],
        [
            5,
            5
        ],
        [
            6,
            6
        ],
        [
            7,
            7
        ],
        [
            8,
            8
        ],
        [
            9,
            9
        ],
        [
            10,
            10
        ],
        [
            11,
            11
        ],
        [
            12,
            12
        ],
        [
            13,
            13
        ],
        [
            14,
            14
        ],
        [
            15,
            15
        ],
        [
            16,
            16
        ],
        [
            17,
            17
        ],
        [
            18,
            18
        ],
        [
            19,
            19
        ],
        [
            20,
            20
        ],
        [
            21,
            21
        ],
        [
            22,
            22
        ],
        [
            23,
            23
        ],
        [
            24,
            24
        ],
        [
            25,
            25
        ]
    ],
    "similarity": 0.62
}