{
    "coords": [
        [
            40.822645402367485,
            62.243330614742504
        ],
        [
            23.00199718264044,
            27.095622140796927
        ],
        [
            70.3768029760329,
            30.500707859538434
        ],
        [
            20.571657761073144,
            65.21666579614721
        ],
        [
            72.36008833558871,
            62.03209823723951
        ],
        [
            21.7453781661769,
            47.44207265907681
        ],
        [
            66.35658497411661,
            47.59228016545847
        ],
        [
            43.684290507636646,
            28.700362828372636
        ]
    ],
    "edges": [
        [
            1,
            2
        ],
        [
            2,
            1
        ],
        [
            1,
            3
        ],
        [
            3,
            1
        ],
        [
            2,
            4
        ],
        [
            4,
            2
        ],
        [
            3,
            4
        ],
        [
            4,
            3
        ],
        [
            5,
            6
        ],
        [
            6,
            5
        ],
        [
            7,
            0
        ],
        [
            0,
            7
        ],
        [
            1,
            4
        ],
        [
            4,
            1
        ],
        [
            3,
            2
        ],
        [
            2,
            3
        ],
        [
            0,
            0
        ],
        [
            1,
            1
        ],
        [
            2,
            2
        ],
        [
            3,
            3
        ],
        [
            4,
            4
        ],
        [
            5,
            5
        ],
        [
            6,
            6
        ],
        [
            7,
            7
        ]
    ],
    "similarity": 0.16
}