{
    "coords": [
        [
            21.802382006655307,
            37.402483615089864
        ],
        [
            20.50177181084816,
            74.07755873427645
        ],
        [
            76.07137218716794,
            33.76422701817239
        ],
        [
            73.82804960546405,
            59.94817914802014
        ],
        [
            90.7034407520275,
            48.081035731154344
        ],
        [
            31.895200273352295,
            70.03113591509988
        ],
        [
            20.717869578883274,
            46.408253467961444
        ],
        [
            46.28456278973923,
            66.12045457556479
        ],
        [
            70.73300632926414,
            31.172814799053207
        ],
        [
            20.43667252773453,
            58.011932451256634
        ],
        [
            34.38997430029663,
            54.686832311954916
        ],
        [
            30.921968026075017,
            36.62781452047131
        ],
        [
            28.376720536820947,
            63.1153598370911
        ],
        [
            19.165307096535336,
            28.17784152842491
        ],
        [
            68.16990703647609,
            63.4725204456022
        ],
        [
            31.260021908423678,
            75.45783271470371
        ],
        [
            43.609412636857265,
            19.929715526860928
        ],
        [
            20.734168969877565,
            63.8015459702662
        ],
        [
            43.24885522775287,
            71.55330174424111
        ],
        [
            64.88848656425812,
            68.9409225311654
        ],
        [
            68.6028329815104,
            47.37807109215501
        ],
        [
            44.491162208786186,
            31.40820446379971
        ]
    ],
    "edges": [
        [
            13,
            8
        ],
        [
            8,
            13
        ],
        [
            13,
            17
        ],
        [
            17,
            13
        ],
        [
            8,
            14
        ],
        [
            14,
            8
        ],
        [
            17,
            14
        ],
        [
            14,
            17
        ],
        [
            6,
            20
        ],
        [
            20,
            6
        ],
        [
            21,
            7
        ],
        [
            7,
            21
        ],
        [
            13,
            14
        ],
        [
            14,
            13
        ],
        [
            17,
            8
        ],
        [
            8,
            17
        ],
        [
            8,
            4
        ],
        [
            4,
            8
        ],
        [
            14,
            4
        ],
        [
            4,
            14
        ],
        [
            20,
            4
        ],
        [
            4,
            20
        ],
        [
            2,
            3
        ],
        [
            3,
            2
        ],
        [
            16,
            8
        ],
        [
            8,
            16
        ],
        [
            16,
            21
        ],
        [
            21,
            16
        ],
        [
            0,
            11
        ],
        [
            11,
            0
        ],
        [
            9,
            10
        ],
        [
            10,
            9
        ],
        [
            11,
            10
        ],
        [
            10,
            11
        ],
        [
            0,
            11
        ],
        [
            11,
            0
        ],
        [
            0,
            10
        ],
        [
            10,
            0
        ],
        [
            11,
            9
        ],
        [
            9,
            11
        ],
        [
            17,
            1
        ],
        [
            1,
            17
        ],
        [
            12,
            15
        ],
        [
            15,
            12
        ],
        [
            1,
            15
        ],
        [
            15,
            1
        ],
        [
            17,
            15
        ],
        [
            15,
            17
        ],
        [
            18,
            7
        ],
        [
            7,
            18
        ],
        [
            5,
            19
        ],
        [
            19,
            5
        ],
        [
            0,
            0
        ],
        [
            1,
            1
        ],
        [
            2,
            2
        ],
        [
            3,
            3
        ],
        [
            4,
            4
        ],
        [
            5,
            5
        ],
        [
            6,
            6
        ],
        [
            7,
            7
        ],
        [
            8,
            8
        ],
        [
            9,
            9
        ],
        [
            10,
            10
        ],
        [
            11,
            11
        ],
        [
            12,
            12
        ],
        [
            13,
            13
        ],
        [
            14,
            14
        ],
        [
            15,
            15
        ],
        [
            16,
            16
        ],
        [
            17,
            17
        ],
        [
            18,
            18
        ],
        [
            19,
            19
        ],
        [
            20,
            20
        ],
        [
            21,
            21
        ]
    ],
    "similarity": 0.58
}