{
    "coords": [
        [
            47.31847664994907,
            63.8932130842518
        ],
        [
            47.564451952394286,
            20.27128359262544
        ],
        [
            18.739329827795103,
            33.01951009251226
        ],
        [
            71.7996121231659,
            32.37449762473451
        ],
        [
            21.92254710113218,
            64.08882988150513
        ],
        [
            71.27653517264041,
            67.93493706962715
        ],
        [
            78.59377497088322,
            36.8426098301345
        ],
        [
            22.880710096422778,
            41.08892910334304
        ],
        [
            17.714685242663094,
            56.69861367934088
        ],
        [
            74.33742103687014,
            61.799100040856025
        ],
        [
            86.90466320862994,
            49.358273873602165
        ],
        [
            30.94803804647983,
            54.31227580533194
        ],
        [
            29.66928225045821,
            36.50748807595345
        ],
        [
            21.442154601787276,
            46.09670262706264
        ],
        [
            70.36781317154139,
            48.95408818675822
        ],
        [
            47.11120311018496,
            29.36020225772001
        ]
    ],
    "edges": [
        [
            2,
            3
        ],
        [
            3,
            2
        ],
        [
            2,
            4
        ],
        [
            4,
            2
        ],
        [
            3,
            5
        ],
        [
            5,
            3
        ],
        [
            4,
            5
        ],
        [
            5,
            4
        ],
        [
            13,
            14
        ],
        [
            14,
            13
        ],
        [
            15,
            0
        ],
        [
            0,
            15
        ],
        [
            2,
            5
        ],
        [
            5,
            2
        ],
        [
            4,
            3
        ],
        [
            3,
            4
        ],
        [
            3,
            10
        ],
        [
            10,
            3
        ],
        [
            5,
            10
        ],
        [
            10,
            5
        ],
        [
            14,
            10
        ],
        [
            10,
            14
        ],
        [
            6,
            9
        ],
        [
            9,
            6
        ],
        [
            1,
            3
        ],
        [
            3,
            1
        ],
        [
            1,
            15
        ],
        [
            15,
            1
        ],
        [
            7,
            12
        ],
        [
            12,
            7
        ],
        [
            8,
            11
        ],
        [
            11,
            8
        ],
        [
            12,
            11
        ],
        [
            11,
            12
        ],
        [
            7,
            12
        ],
        [
            12,
            7
        ],
        [
            7,
            11
        ],
        [
            11,
            7
        ],
        [
            12,
            8
        ],
        [
            8,
            12
        ],
        [
            0,
            0
        ],
        [
            1,
            1
        ],
        [
            2,
            2
        ],
        [
            3,
            3
        ],
        [
            4,
            4
        ],
        [
            5,
            5
        ],
        [
            6,
            6
        ],
        [
            7,
            7
        ],
        [
            8,
            8
        ],
        [
            9,
            9
        ],
        [
            10,
            10
        ],
        [
            11,
            11
        ],
        [
            12,
            12
        ],
        [
            13,
            13
        ],
        [
            14,
            14
        ],
        [
            15,
            15
        ]
    ],
    "similarity": 0.38
}