{
    "coords": [
        [
            18.47306305931441,
            65.2054620921274
        ],
        [
            74.33574970882422,
            64.00688937364407
        ],
        [
            15.958786314105987,
            30.088518242046636
        ],
        [
            66.39311078776551,
            27.3070583318795
        ]
    ],
    "edges": [
        [
            2,
            3
        ],
        [
            3,
            2
        ],
        [
            2,
            0
        ],
        [
            0,
            2
        ],
        [
            3,
            1
        ],
        [
            1,
            3
        ],
        [
            0,
            1
        ],
        [
            1,
            0
        ],
        [
            0,
            0
        ],
        [
            1,
            1
        ],
        [
            2,
            2
        ],
        [
            3,
            3
        ]
    ],
    "similarity": 0.09
}