{
    "coords": [
        [
            45.4351650227149,
            62.226364746516396
        ],
        [
            23.099953618255896,
            26.739312827811613
        ],
        [
            66.00234394188928,
            33.59347282272839
        ],
        [
            21.702409788222074,
            68.33818933203672
        ],
        [
            67.55191458778887,
            61.14985739032687
        ],
        [
            21.952621818840242,
            47.253447652079394
        ],
        [
            73.96203992243653,
            47.09768156185324
        ],
        [
            41.58196360394596,
            28.967723996359886
        ]
    ],
    "edges": [
        [
            1,
            2
        ],
        [
            2,
            1
        ],
        [
            1,
            3
        ],
        [
            3,
            1
        ],
        [
            2,
            4
        ],
        [
            4,
            2
        ],
        [
            3,
            4
        ],
        [
            4,
            3
        ],
        [
            5,
            6
        ],
        [
            6,
            5
        ],
        [
            7,
            0
        ],
        [
            0,
            7
        ],
        [
            1,
            4
        ],
        [
            4,
            1
        ],
        [
            3,
            2
        ],
        [
            2,
            3
        ],
        [
            0,
            0
        ],
        [
            1,
            1
        ],
        [
            2,
            2
        ],
        [
            3,
            3
        ],
        [
            4,
            4
        ],
        [
            5,
            5
        ],
        [
            6,
            6
        ],
        [
            7,
            7
        ]
    ],
    "similarity": 0.15
}