{
    "coords": [
        [
            48.95913523100327,
            63.48486397908991
        ],
        [
            20.939613981050435,
            29.3696316123661
        ],
        [
            73.37251550962138,
            26.53709598075351
        ],
        [
            22.830447464715583,
            63.54799930746201
        ],
        [
            66.3997382564276,
            68.26296323043839
        ],
        [
            92.22993010034934,
            48.96900125477652
        ],
        [
            17.015379428421845,
            47.474337933951084
        ],
        [
            72.6127346042266,
            44.065863346164505
        ],
        [
            43.02520260450804,
            26.26663727642454
        ]
    ],
    "edges": [
        [
            1,
            2
        ],
        [
            2,
            1
        ],
        [
            1,
            3
        ],
        [
            3,
            1
        ],
        [
            2,
            4
        ],
        [
            4,
            2
        ],
        [
            3,
            4
        ],
        [
            4,
            3
        ],
        [
            6,
            7
        ],
        [
            7,
            6
        ],
        [
            8,
            0
        ],
        [
            0,
            8
        ],
        [
            1,
            4
        ],
        [
            4,
            1
        ],
        [
            3,
            2
        ],
        [
            2,
            3
        ],
        [
            2,
            5
        ],
        [
            5,
            2
        ],
        [
            4,
            5
        ],
        [
            5,
            4
        ],
        [
            0,
            0
        ],
        [
            1,
            1
        ],
        [
            2,
            2
        ],
        [
            3,
            3
        ],
        [
            4,
            4
        ],
        [
            5,
            5
        ],
        [
            6,
            6
        ],
        [
            7,
            7
        ],
        [
            8,
            8
        ]
    ],
    "similarity": 0.19
}