{
    "coords": [
        [
            20.0218513324571,
            36.60120907324865
        ],
        [
            21.909800348440918,
            77.19261539673538
        ],
        [
            75.97248764671352,
            36.43670401813421
        ],
        [
            77.028067933588,
            60.75019345427343
        ],
        [
            91.70831152583135,
            45.59012270792115
        ],
        [
            29.108460070275335,
            71.04364549197004
        ],
        [
            21.828537123147658,
            48.59166845292876
        ],
        [
            47.17109549660989,
            63.33013716221087
        ],
        [
            68.62415484462991,
            31.255958684912542
        ],
        [
            21.59989069629993,
            55.07288412948446
        ],
        [
            31.533161221261995,
            57.65291817488423
        ],
        [
            32.78954626794534,
            38.5805297029175
        ],
        [
            30.87953145394687,
            66.28666938197931
        ],
        [
            20.577653365228947,
            28.31172701913697
        ],
        [
            71.38498304609831,
            64.17694886891111
        ],
        [
            28.90319012708626,
            76.2725236290993
        ],
        [
            43.245411337317535,
            17.9159933453277
        ],
        [
            22.121181567443024,
            64.99652037174812
        ],
        [
            43.02947029957607,
            70.03567031954627
        ],
        [
            63.78163651514021,
            70.52772650179863
        ],
        [
            69.52494015870582,
            46.43892698883587
        ],
        [
            43.17564123056286,
            29.943566457608398
        ]
    ],
    "edges": [
        [
            13,
            8
        ],
        [
            8,
            13
        ],
        [
            13,
            17
        ],
        [
            17,
            13
        ],
        [
            8,
            14
        ],
        [
            14,
            8
        ],
        [
            17,
            14
        ],
        [
            14,
            17
        ],
        [
            6,
            20
        ],
        [
            20,
            6
        ],
        [
            21,
            7
        ],
        [
            7,
            21
        ],
        [
            13,
            14
        ],
        [
            14,
            13
        ],
        [
            17,
            8
        ],
        [
            8,
            17
        ],
        [
            8,
            4
        ],
        [
            4,
            8
        ],
        [
            14,
            4
        ],
        [
            4,
            14
        ],
        [
            20,
            4
        ],
        [
            4,
            20
        ],
        [
            2,
            3
        ],
        [
            3,
            2
        ],
        [
            16,
            8
        ],
        [
            8,
            16
        ],
        [
            16,
            21
        ],
        [
            21,
            16
        ],
        [
            0,
            11
        ],
        [
            11,
            0
        ],
        [
            9,
            10
        ],
        [
            10,
            9
        ],
        [
            11,
            10
        ],
        [
            10,
            11
        ],
        [
            0,
            11
        ],
        [
            11,
            0
        ],
        [
            0,
            10
        ],
        [
            10,
            0
        ],
        [
            11,
            9
        ],
        [
            9,
            11
        ],
        [
            17,
            1
        ],
        [
            1,
            17
        ],
        [
            12,
            15
        ],
        [
            15,
            12
        ],
        [
            1,
            15
        ],
        [
            15,
            1
        ],
        [
            17,
            15
        ],
        [
            15,
            17
        ],
        [
            18,
            7
        ],
        [
            7,
            18
        ],
        [
            5,
            19
        ],
        [
            19,
            5
        ],
        [
            0,
            0
        ],
        [
            1,
            1
        ],
        [
            2,
            2
        ],
        [
            3,
            3
        ],
        [
            4,
            4
        ],
        [
            5,
            5
        ],
        [
            6,
            6
        ],
        [
            7,
            7
        ],
        [
            8,
            8
        ],
        [
            9,
            9
        ],
        [
            10,
            10
        ],
        [
            11,
            11
        ],
        [
            12,
            12
        ],
        [
            13,
            13
        ],
        [
            14,
            14
        ],
        [
            15,
            15
        ],
        [
            16,
            16
        ],
        [
            17,
            17
        ],
        [
            18,
            18
        ],
        [
            19,
            19
        ],
        [
            20,
            20
        ],
        [
            21,
            21
        ]
    ],
    "similarity": 0.56
}