{
    "coords": [
        [
            46.72691541495919,
            62.842454098494
        ],
        [
            45.519368057295,
            22.030792614249446
        ],
        [
            19.51580116737565,
            30.665859404950744
        ],
        [
            69.6341940796952,
            28.654787080082002
        ],
        [
            17.465807641870267,
            65.89214716344719
        ],
        [
            68.29431290326592,
            64.85690928241428
        ],
        [
            77.91793657429669,
            33.86446909490957
        ],
        [
            22.311447337035887,
            38.8828736148103
        ],
        [
            20.056827486905675,
            54.860057823517415
        ],
        [
            74.80127103785736,
            59.711426452424135
        ],
        [
            91.33564738897462,
            47.608296162765434
        ],
        [
            35.476472352232626,
            57.54198634198958
        ],
        [
            32.90553704130308,
            40.08250065965201
        ],
        [
            19.502269090109,
            47.70686015370846
        ],
        [
            69.09853780650688,
            46.34297360686509
        ],
        [
            44.74873432741937,
            31.33432636674094
        ]
    ],
    "edges": [
        [
            2,
            3
        ],
        [
            3,
            2
        ],
        [
            2,
            4
        ],
        [
            4,
            2
        ],
        [
            3,
            5
        ],
        [
            5,
            3
        ],
        [
            4,
            5
        ],
        [
            5,
            4
        ],
        [
            13,
            14
        ],
        [
            14,
            13
        ],
        [
            15,
            0
        ],
        [
            0,
            15
        ],
        [
            2,
            5
        ],
        [
            5,
            2
        ],
        [
            4,
            3
        ],
        [
            3,
            4
        ],
        [
            3,
            10
        ],
        [
            10,
            3
        ],
        [
            5,
            10
        ],
        [
            10,
            5
        ],
        [
            14,
            10
        ],
        [
            10,
            14
        ],
        [
            6,
            9
        ],
        [
            9,
            6
        ],
        [
            1,
            3
        ],
        [
            3,
            1
        ],
        [
            1,
            15
        ],
        [
            15,
            1
        ],
        [
            7,
            12
        ],
        [
            12,
            7
        ],
        [
            8,
            11
        ],
        [
            11,
            8
        ],
        [
            12,
            11
        ],
        [
            11,
            12
        ],
        [
            7,
            12
        ],
        [
            12,
            7
        ],
        [
            7,
            11
        ],
        [
            11,
            7
        ],
        [
            12,
            8
        ],
        [
            8,
            12
        ],
        [
            0,
            0
        ],
        [
            1,
            1
        ],
        [
            2,
            2
        ],
        [
            3,
            3
        ],
        [
            4,
            4
        ],
        [
            5,
            5
        ],
        [
            6,
            6
        ],
        [
            7,
            7
        ],
        [
            8,
            8
        ],
        [
            9,
            9
        ],
        [
            10,
            10
        ],
        [
            11,
            11
        ],
        [
            12,
            12
        ],
        [
            13,
            13
        ],
        [
            14,
            14
        ],
        [
            15,
            15
        ]
    ],
    "similarity": 0.44
}