{
    "coords": [
        [
            43.72081003648911,
            64.23676672060894
        ],
        [
            47.05417490201124,
            21.606506645098857
        ],
        [
            28.032697868291,
            37.800337940252284
        ],
        [
            19.200239287800507,
            30.32297270610969
        ],
        [
            69.28723938436056,
            31.781027637532958
        ],
        [
            20.16285258834285,
            63.9468672744409
        ],
        [
            71.27474917600746,
            63.50740562359562
        ],
        [
            75.94765457005226,
            36.723257228093836
        ],
        [
            18.806231192171936,
            37.899989188213496
        ],
        [
            76.61740330110342,
            58.552925431866115
        ],
        [
            91.50904629279027,
            48.36281957214127
        ],
        [
            28.24624762289991,
            58.57311003471833
        ],
        [
            18.837748102297102,
            49.02811727999644
        ],
        [
            71.38350035826556,
            49.599457055632186
        ],
        [
            19.005232780317684,
            59.76112173756687
        ],
        [
            46.02677181978953,
            30.160252924955174
        ]
    ],
    "edges": [
        [
            3,
            4
        ],
        [
            4,
            3
        ],
        [
            3,
            5
        ],
        [
            5,
            3
        ],
        [
            4,
            6
        ],
        [
            6,
            4
        ],
        [
            5,
            6
        ],
        [
            6,
            5
        ],
        [
            12,
            13
        ],
        [
            13,
            12
        ],
        [
            15,
            0
        ],
        [
            0,
            15
        ],
        [
            3,
            6
        ],
        [
            6,
            3
        ],
        [
            5,
            4
        ],
        [
            4,
            5
        ],
        [
            4,
            10
        ],
        [
            10,
            4
        ],
        [
            6,
            10
        ],
        [
            10,
            6
        ],
        [
            13,
            10
        ],
        [
            10,
            13
        ],
        [
            7,
            9
        ],
        [
            9,
            7
        ],
        [
            1,
            4
        ],
        [
            4,
            1
        ],
        [
            1,
            15
        ],
        [
            15,
            1
        ],
        [
            8,
            2
        ],
        [
            2,
            8
        ],
        [
            14,
            11
        ],
        [
            11,
            14
        ],
        [
            2,
            11
        ],
        [
            11,
            2
        ],
        [
            8,
            11
        ],
        [
            11,
            8
        ],
        [
            0,
            0
        ],
        [
            1,
            1
        ],
        [
            2,
            2
        ],
        [
            3,
            3
        ],
        [
            4,
            4
        ],
        [
            5,
            5
        ],
        [
            6,
            6
        ],
        [
            7,
            7
        ],
        [
            8,
            8
        ],
        [
            9,
            9
        ],
        [
            10,
            10
        ],
        [
            11,
            11
        ],
        [
            12,
            12
        ],
        [
            13,
            13
        ],
        [
            14,
            14
        ],
        [
            15,
            15
        ]
    ],
    "similarity": 0.56
}