{
    "coords": [
        [
            43.07255350913795,
            64.3706845523846
        ],
        [
            45.95065871979873,
            18.501541398896826
        ],
        [
            21.094633103750393,
            28.46314351259558
        ],
        [
            69.8085566966386,
            28.06190890027639
        ],
        [
            17.749026398452102,
            62.65579496334389
        ],
        [
            68.27261898028037,
            62.7552920581557
        ],
        [
            73.33216216441402,
            35.3607171931355
        ],
        [
            19.37861801411821,
            35.923112782217906
        ],
        [
            19.141643875345856,
            57.22487360963647
        ],
        [
            74.82101994311417,
            62.49675484089373
        ],
        [
            87.90906207872649,
            46.957639015244304
        ],
        [
            34.1278174446296,
            55.91132761627743
        ],
        [
            30.45671132041491,
            40.302186674819275
        ],
        [
            21.06707176337064,
            49.76914319204336
        ],
        [
            71.19471430052951,
            49.98354239062623
        ],
        [
            47.64469021694491,
            30.436937832217016
        ]
    ],
    "edges": [
        [
            2,
            3
        ],
        [
            3,
            2
        ],
        [
            2,
            4
        ],
        [
            4,
            2
        ],
        [
            3,
            5
        ],
        [
            5,
            3
        ],
        [
            4,
            5
        ],
        [
            5,
            4
        ],
        [
            13,
            14
        ],
        [
            14,
            13
        ],
        [
            15,
            0
        ],
        [
            0,
            15
        ],
        [
            2,
            5
        ],
        [
            5,
            2
        ],
        [
            4,
            3
        ],
        [
            3,
            4
        ],
        [
            3,
            10
        ],
        [
            10,
            3
        ],
        [
            5,
            10
        ],
        [
            10,
            5
        ],
        [
            14,
            10
        ],
        [
            10,
            14
        ],
        [
            6,
            9
        ],
        [
            9,
            6
        ],
        [
            1,
            3
        ],
        [
            3,
            1
        ],
        [
            1,
            15
        ],
        [
            15,
            1
        ],
        [
            7,
            12
        ],
        [
            12,
            7
        ],
        [
            8,
            11
        ],
        [
            11,
            8
        ],
        [
            12,
            11
        ],
        [
            11,
            12
        ],
        [
            7,
            12
        ],
        [
            12,
            7
        ],
        [
            7,
            11
        ],
        [
            11,
            7
        ],
        [
            12,
            8
        ],
        [
            8,
            12
        ],
        [
            0,
            0
        ],
        [
            1,
            1
        ],
        [
            2,
            2
        ],
        [
            3,
            3
        ],
        [
            4,
            4
        ],
        [
            5,
            5
        ],
        [
            6,
            6
        ],
        [
            7,
            7
        ],
        [
            8,
            8
        ],
        [
            9,
            9
        ],
        [
            10,
            10
        ],
        [
            11,
            11
        ],
        [
            12,
            12
        ],
        [
            13,
            13
        ],
        [
            14,
            14
        ],
        [
            15,
            15
        ]
    ],
    "similarity": 0.42
}