{
    "coords": [
        [
            42.24908170548179,
            68.3990772225087
        ],
        [
            24.191515809732714,
            33.30458667074351
        ],
        [
            67.77580236470519,
            30.665214646641
        ],
        [
            20.048833244509453,
            62.327192742344835
        ],
        [
            66.72362369032682,
            64.9617580088968
        ],
        [
            21.711451822891444,
            51.62798245024274
        ],
        [
            71.2266596618042,
            45.39014299384678
        ],
        [
            42.94115111141127,
            26.848397302313384
        ]
    ],
    "edges": [
        [
            1,
            2
        ],
        [
            2,
            1
        ],
        [
            1,
            3
        ],
        [
            3,
            1
        ],
        [
            2,
            4
        ],
        [
            4,
            2
        ],
        [
            3,
            4
        ],
        [
            4,
            3
        ],
        [
            5,
            6
        ],
        [
            6,
            5
        ],
        [
            7,
            0
        ],
        [
            0,
            7
        ],
        [
            0,
            0
        ],
        [
            1,
            1
        ],
        [
            2,
            2
        ],
        [
            3,
            3
        ],
        [
            4,
            4
        ],
        [
            5,
            5
        ],
        [
            6,
            6
        ],
        [
            7,
            7
        ]
    ],
    "similarity": 0.1
}