{
    "coords": [
        [
            43.69480781054967,
            63.359191690115104
        ],
        [
            47.48891972970779,
            22.226537126340713
        ],
        [
            30.291684693827065,
            37.49275994546252
        ],
        [
            22.008657833938344,
            30.396974179115823
        ],
        [
            71.63331939460973,
            29.526841925985938
        ],
        [
            20.441842480602457,
            63.809900772545255
        ],
        [
            69.95685868148225,
            67.17755841782551
        ],
        [
            74.55422675674424,
            35.890820834654775
        ],
        [
            19.001450404843112,
            38.030898715764266
        ],
        [
            76.24080693678891,
            61.60920400492431
        ],
        [
            90.6300678023398,
            45.12268242405946
        ],
        [
            29.939404652700528,
            56.592248154063846
        ],
        [
            18.225591835170817,
            49.56600000825928
        ],
        [
            68.9980688984341,
            47.44972101267006
        ],
        [
            17.96324157160953,
            56.705059656165304
        ],
        [
            46.228858769847434,
            31.78055494981651
        ]
    ],
    "edges": [
        [
            3,
            4
        ],
        [
            4,
            3
        ],
        [
            3,
            5
        ],
        [
            5,
            3
        ],
        [
            4,
            6
        ],
        [
            6,
            4
        ],
        [
            5,
            6
        ],
        [
            6,
            5
        ],
        [
            12,
            13
        ],
        [
            13,
            12
        ],
        [
            15,
            0
        ],
        [
            0,
            15
        ],
        [
            3,
            6
        ],
        [
            6,
            3
        ],
        [
            5,
            4
        ],
        [
            4,
            5
        ],
        [
            4,
            10
        ],
        [
            10,
            4
        ],
        [
            6,
            10
        ],
        [
            10,
            6
        ],
        [
            13,
            10
        ],
        [
            10,
            13
        ],
        [
            7,
            9
        ],
        [
            9,
            7
        ],
        [
            1,
            4
        ],
        [
            4,
            1
        ],
        [
            1,
            15
        ],
        [
            15,
            1
        ],
        [
            8,
            2
        ],
        [
            2,
            8
        ],
        [
            14,
            11
        ],
        [
            11,
            14
        ],
        [
            0,
            0
        ],
        [
            1,
            1
        ],
        [
            2,
            2
        ],
        [
            3,
            3
        ],
        [
            4,
            4
        ],
        [
            5,
            5
        ],
        [
            6,
            6
        ],
        [
            7,
            7
        ],
        [
            8,
            8
        ],
        [
            9,
            9
        ],
        [
            10,
            10
        ],
        [
            11,
            11
        ],
        [
            12,
            12
        ],
        [
            13,
            13
        ],
        [
            14,
            14
        ],
        [
            15,
            15
        ]
    ],
    "similarity": 0.48
}