{
    "coords": [
        [
            19.899801267411462,
            75.21371401046845
        ],
        [
            76.25485995962376,
            34.03003624043875
        ],
        [
            74.87613012029976,
            61.21397330384437
        ],
        [
            90.43905923344752,
            46.94161259946068
        ],
        [
            20.448429616686013,
            47.390315353656725
        ],
        [
            45.87136688732582,
            63.56400075018442
        ],
        [
            29.45182664655718,
            36.909251126188714
        ],
        [
            70.87583189981055,
            30.452376234161893
        ],
        [
            29.559658106238214,
            56.570991386262065
        ],
        [
            31.133018212710226,
            65.3082911297384
        ],
        [
            20.67421349287657,
            28.840330680340674
        ],
        [
            70.13751612085557,
            66.02573566332741
        ],
        [
            20.64798915127869,
            36.408083894777015
        ],
        [
            28.63067871350861,
            76.37138451511434
        ],
        [
            20.048305239362815,
            58.66183482565608
        ],
        [
            44.729557803235686,
            21.208141681367174
        ],
        [
            19.640385446716287,
            64.20518847879143
        ],
        [
            69.72562041536202,
            48.78509733557873
        ],
        [
            43.672303404434224,
            30.066677139850594
        ]
    ],
    "edges": [
        [
            10,
            7
        ],
        [
            7,
            10
        ],
        [
            10,
            16
        ],
        [
            16,
            10
        ],
        [
            7,
            11
        ],
        [
            11,
            7
        ],
        [
            16,
            11
        ],
        [
            11,
            16
        ],
        [
            4,
            17
        ],
        [
            17,
            4
        ],
        [
            18,
            5
        ],
        [
            5,
            18
        ],
        [
            10,
            11
        ],
        [
            11,
            10
        ],
        [
            16,
            7
        ],
        [
            7,
            16
        ],
        [
            7,
            3
        ],
        [
            3,
            7
        ],
        [
            11,
            3
        ],
        [
            3,
            11
        ],
        [
            17,
            3
        ],
        [
            3,
            17
        ],
        [
            1,
            2
        ],
        [
            2,
            1
        ],
        [
            15,
            7
        ],
        [
            7,
            15
        ],
        [
            15,
            18
        ],
        [
            18,
            15
        ],
        [
            12,
            6
        ],
        [
            6,
            12
        ],
        [
            14,
            8
        ],
        [
            8,
            14
        ],
        [
            6,
            8
        ],
        [
            8,
            6
        ],
        [
            12,
            8
        ],
        [
            8,
            12
        ],
        [
            6,
            14
        ],
        [
            14,
            6
        ],
        [
            16,
            0
        ],
        [
            0,
            16
        ],
        [
            9,
            13
        ],
        [
            13,
            9
        ],
        [
            0,
            0
        ],
        [
            1,
            1
        ],
        [
            2,
            2
        ],
        [
            3,
            3
        ],
        [
            4,
            4
        ],
        [
            5,
            5
        ],
        [
            6,
            6
        ],
        [
            7,
            7
        ],
        [
            8,
            8
        ],
        [
            9,
            9
        ],
        [
            10,
            10
        ],
        [
            11,
            11
        ],
        [
            12,
            12
        ],
        [
            13,
            13
        ],
        [
            14,
            14
        ],
        [
            15,
            15
        ],
        [
            16,
            16
        ],
        [
            17,
            17
        ],
        [
            18,
            18
        ]
    ],
    "similarity": 0.7
}