{
    "coords": [
        [
            45.85154911491941,
            67.65757100473773
        ],
        [
            46.56881437846546,
            21.09782660538324
        ],
        [
            20.797634359097156,
            29.131246154932825
        ],
        [
            72.8892872698619,
            32.07270636282704
        ],
        [
            19.560114127557373,
            67.28947970861384
        ],
        [
            69.88111132505672,
            67.94202174777276
        ],
        [
            76.41578504289203,
            35.439030275843606
        ],
        [
            18.739552902654417,
            41.438645439174984
        ],
        [
            22.829095179371606,
            58.57219829649984
        ],
        [
            78.56265477620546,
            62.11394367114153
        ],
        [
            90.6521573025281,
            44.74168400249512
        ],
        [
            35.439752610235395,
            57.87969895108118
        ],
        [
            18.525094943856878,
            46.716367590804296
        ],
        [
            71.70890245408675,
            45.31226999257571
        ],
        [
            31.90695629266695,
            37.635797911810215
        ],
        [
            46.78317806190911,
            30.20565697122259
        ]
    ],
    "edges": [
        [
            2,
            3
        ],
        [
            3,
            2
        ],
        [
            2,
            4
        ],
        [
            4,
            2
        ],
        [
            3,
            5
        ],
        [
            5,
            3
        ],
        [
            4,
            5
        ],
        [
            5,
            4
        ],
        [
            12,
            13
        ],
        [
            13,
            12
        ],
        [
            15,
            0
        ],
        [
            0,
            15
        ],
        [
            2,
            5
        ],
        [
            5,
            2
        ],
        [
            4,
            3
        ],
        [
            3,
            4
        ],
        [
            3,
            10
        ],
        [
            10,
            3
        ],
        [
            5,
            10
        ],
        [
            10,
            5
        ],
        [
            13,
            10
        ],
        [
            10,
            13
        ],
        [
            6,
            9
        ],
        [
            9,
            6
        ],
        [
            1,
            3
        ],
        [
            3,
            1
        ],
        [
            1,
            15
        ],
        [
            15,
            1
        ],
        [
            7,
            14
        ],
        [
            14,
            7
        ],
        [
            8,
            11
        ],
        [
            11,
            8
        ],
        [
            0,
            0
        ],
        [
            1,
            1
        ],
        [
            2,
            2
        ],
        [
            3,
            3
        ],
        [
            4,
            4
        ],
        [
            5,
            5
        ],
        [
            6,
            6
        ],
        [
            7,
            7
        ],
        [
            8,
            8
        ],
        [
            9,
            9
        ],
        [
            10,
            10
        ],
        [
            11,
            11
        ],
        [
            12,
            12
        ],
        [
            13,
            13
        ],
        [
            14,
            14
        ],
        [
            15,
            15
        ]
    ],
    "similarity": 0.36
}