{
    "coords": [
        [
            44.737122585454436,
            38.17386007624859
        ],
        [
            20.439452865457376,
            38.88531987580971
        ],
        [
            19.33249006839581,
            76.40773556268394
        ],
        [
            33.753608105773054,
            38.81591439821263
        ],
        [
            76.37045902266077,
            34.85739215954435
        ],
        [
            74.18639606435873,
            60.41390477077037
        ],
        [
            89.78894592307645,
            46.5827593408375
        ],
        [
            31.290194721209144,
            68.26858102044689
        ],
        [
            19.22643840660553,
            47.33832179520529
        ],
        [
            44.651755869208635,
            63.58817240591002
        ],
        [
            29.591939056703225,
            35.58972824198854
        ],
        [
            71.06515086798913,
            30.281820296047638
        ],
        [
            20.902662390476387,
            55.94890044311426
        ],
        [
            31.45034530781807,
            55.65332129939322
        ],
        [
            23.758997955248812,
            33.5721616527258
        ],
        [
            60.25276184221098,
            71.15709568662297
        ],
        [
            28.921291746252802,
            64.21618282202436
        ],
        [
            45.08789176091278,
            34.386882816313374
        ],
        [
            20.917032011894023,
            31.03781380891886
        ],
        [
            71.77593246142935,
            64.74608360641592
        ],
        [
            46.48249257590068,
            40.208533211618985
        ],
        [
            30.538395442671117,
            75.16924381587836
        ],
        [
            43.67569464645108,
            19.074574985483345
        ],
        [
            18.675362808072705,
            65.11569418333187
        ],
        [
            60.594152092602,
            66.06912163321455
        ],
        [
            45.83213791212272,
            70.5700497103809
        ],
        [
            65.79132631225302,
            70.58337945239492
        ],
        [
            68.69430654621007,
            48.69722132792303
        ],
        [
            44.95195132788172,
            29.68710890815172
        ]
    ],
    "edges": [
        [
            18,
            11
        ],
        [
            11,
            18
        ],
        [
            18,
            23
        ],
        [
            23,
            18
        ],
        [
            11,
            19
        ],
        [
            19,
            11
        ],
        [
            23,
            19
        ],
        [
            19,
            23
        ],
        [
            8,
            27
        ],
        [
            27,
            8
        ],
        [
            28,
            9
        ],
        [
            9,
            28
        ],
        [
            18,
            19
        ],
        [
            19,
            18
        ],
        [
            23,
            11
        ],
        [
            11,
            23
        ],
        [
            11,
            6
        ],
        [
            6,
            11
        ],
        [
            19,
            6
        ],
        [
            6,
            19
        ],
        [
            27,
            6
        ],
        [
            6,
            27
        ],
        [
            4,
            5
        ],
        [
            5,
            4
        ],
        [
            22,
            11
        ],
        [
            11,
            22
        ],
        [
            22,
            28
        ],
        [
            28,
            22
        ],
        [
            1,
            3
        ],
        [
            3,
            1
        ],
        [
            12,
            13
        ],
        [
            13,
            12
        ],
        [
            3,
            13
        ],
        [
            13,
            3
        ],
        [
            1,
            10
        ],
        [
            10,
            1
        ],
        [
            1,
            13
        ],
        [
            13,
            1
        ],
        [
            3,
            12
        ],
        [
            12,
            3
        ],
        [
            23,
            2
        ],
        [
            2,
            23
        ],
        [
            16,
            21
        ],
        [
            21,
            16
        ],
        [
            2,
            21
        ],
        [
            21,
            2
        ],
        [
            23,
            21
        ],
        [
            21,
            23
        ],
        [
            25,
            9
        ],
        [
            9,
            25
        ],
        [
            7,
            26
        ],
        [
            26,
            7
        ],
        [
            24,
            15
        ],
        [
            15,
            24
        ],
        [
            14,
            17
        ],
        [
            17,
            14
        ],
        [
            10,
            0
        ],
        [
            0,
            10
        ],
        [
            3,
            20
        ],
        [
            20,
            3
        ],
        [
            0,
            0
        ],
        [
            1,
            1
        ],
        [
            2,
            2
        ],
        [
            3,
            3
        ],
        [
            4,
            4
        ],
        [
            5,
            5
        ],
        [
            6,
            6
        ],
        [
            7,
            7
        ],
        [
            8,
            8
        ],
        [
            9,
            9
        ],
        [
            10,
            10
        ],
        [
            11,
            11
        ],
        [
            12,
            12
        ],
        [
            13,
            13
        ],
        [
            14,
            14
        ],
        [
            15,
            15
        ],
        [
            16,
            16
        ],
        [
            17,
            17
        ],
        [
            18,
            18
        ],
        [
            19,
            19
        ],
        [
            20,
            20
        ],
        [
            21,
            21
        ],
        [
            22,
            22
        ],
        [
            23,
            23
        ],
        [
            24,
            24
        ],
        [
            25,
            25
        ],
        [
            26,
            26
        ],
        [
            27,
            27
        ],
        [
            28,
            28
        ]
    ],
    "similarity": 0.64
}