{
    "coords": [
        [
            18.608795787621258,
            62.497316677052844
        ],
        [
            66.83854100002229,
            68.41672409195945
        ],
        [
            23.697505076444678,
            33.462186916230124
        ],
        [
            67.53810588683072,
            25.583697585988215
        ]
    ],
    "edges": [
        [
            2,
            3
        ],
        [
            3,
            2
        ],
        [
            2,
            0
        ],
        [
            0,
            2
        ],
        [
            3,
            1
        ],
        [
            1,
            3
        ],
        [
            0,
            1
        ],
        [
            1,
            0
        ],
        [
            0,
            0
        ],
        [
            1,
            1
        ],
        [
            2,
            2
        ],
        [
            3,
            3
        ]
    ],
    "similarity": 0.07
}