{
    "coords": [
        [
            19.811045922711727,
            39.57935793320478
        ],
        [
            19.50078126189552,
            74.54551435500288
        ],
        [
            77.1635666684678,
            36.47111511932059
        ],
        [
            73.8286773301894,
            59.09547601007251
        ],
        [
            90.32116857231426,
            46.633258555543506
        ],
        [
            30.28421665884814,
            68.18207853204842
        ],
        [
            20.376639576659645,
            48.11050740160209
        ],
        [
            44.99922673500502,
            66.16098447816502
        ],
        [
            68.3563166437849,
            29.268847069539593
        ],
        [
            21.23007330493118,
            54.42784859997314
        ],
        [
            34.54420011436949,
            55.135090983107254
        ],
        [
            30.39859606468518,
            39.25863311246509
        ],
        [
            23.677939936875724,
            35.06728112274591
        ],
        [
            58.627122393796775,
            72.44588266625752
        ],
        [
            28.403438190988396,
            63.27166476288563
        ],
        [
            44.39376720292131,
            34.68724716734221
        ],
        [
            18.871534424678778,
            28.13010809146708
        ],
        [
            70.46577415026881,
            65.31831377517241
        ],
        [
            28.566195961997174,
            74.72041420608669
        ],
        [
            46.24996450850105,
            20.816559063916294
        ],
        [
            20.286507661234122,
            63.5378728340684
        ],
        [
            58.51995650737096,
            67.51491994164664
        ],
        [
            46.67281494230692,
            71.02104522749391
        ],
        [
            65.8945697928911,
            71.07591133097938
        ],
        [
            71.33418918914244,
            49.37959687315124
        ],
        [
            46.46575357146297,
            28.81319103279712
        ]
    ],
    "edges": [
        [
            16,
            8
        ],
        [
            8,
            16
        ],
        [
            16,
            20
        ],
        [
            20,
            16
        ],
        [
            8,
            17
        ],
        [
            17,
            8
        ],
        [
            20,
            17
        ],
        [
            17,
            20
        ],
        [
            6,
            24
        ],
        [
            24,
            6
        ],
        [
            25,
            7
        ],
        [
            7,
            25
        ],
        [
            16,
            17
        ],
        [
            17,
            16
        ],
        [
            20,
            8
        ],
        [
            8,
            20
        ],
        [
            8,
            4
        ],
        [
            4,
            8
        ],
        [
            17,
            4
        ],
        [
            4,
            17
        ],
        [
            24,
            4
        ],
        [
            4,
            24
        ],
        [
            2,
            3
        ],
        [
            3,
            2
        ],
        [
            19,
            8
        ],
        [
            8,
            19
        ],
        [
            19,
            25
        ],
        [
            25,
            19
        ],
        [
            0,
            11
        ],
        [
            11,
            0
        ],
        [
            9,
            10
        ],
        [
            10,
            9
        ],
        [
            11,
            10
        ],
        [
            10,
            11
        ],
        [
            0,
            11
        ],
        [
            11,
            0
        ],
        [
            0,
            10
        ],
        [
            10,
            0
        ],
        [
            11,
            9
        ],
        [
            9,
            11
        ],
        [
            20,
            1
        ],
        [
            1,
            20
        ],
        [
            14,
            18
        ],
        [
            18,
            14
        ],
        [
            1,
            18
        ],
        [
            18,
            1
        ],
        [
            20,
            18
        ],
        [
            18,
            20
        ],
        [
            22,
            7
        ],
        [
            7,
            22
        ],
        [
            5,
            23
        ],
        [
            23,
            5
        ],
        [
            21,
            13
        ],
        [
            13,
            21
        ],
        [
            12,
            15
        ],
        [
            15,
            12
        ],
        [
            0,
            0
        ],
        [
            1,
            1
        ],
        [
            2,
            2
        ],
        [
            3,
            3
        ],
        [
            4,
            4
        ],
        [
            5,
            5
        ],
        [
            6,
            6
        ],
        [
            7,
            7
        ],
        [
            8,
            8
        ],
        [
            9,
            9
        ],
        [
            10,
            10
        ],
        [
            11,
            11
        ],
        [
            12,
            12
        ],
        [
            13,
            13
        ],
        [
            14,
            14
        ],
        [
            15,
            15
        ],
        [
            16,
            16
        ],
        [
            17,
            17
        ],
        [
            18,
            18
        ],
        [
            19,
            19
        ],
        [
            20,
            20
        ],
        [
            21,
            21
        ],
        [
            22,
            22
        ],
        [
            23,
            23
        ],
        [
            24,
            24
        ],
        [
            25,
            25
        ]
    ],
    "similarity": 0.62
}