{
    "coords": [
        [
            18.09269962665072,
            66.9478277614738
        ],
        [
            71.48791395290878,
            62.10250391642008
        ],
        [
            17.397521543765507,
            32.774670792492444
        ],
        [
            65.94563676714615,
            32.14535845614535
        ]
    ],
    "edges": [
        [
            2,
            3
        ],
        [
            3,
            2
        ],
        [
            2,
            0
        ],
        [
            0,
            2
        ],
        [
            3,
            1
        ],
        [
            1,
            3
        ],
        [
            0,
            1
        ],
        [
            1,
            0
        ],
        [
            0,
            0
        ],
        [
            1,
            1
        ],
        [
            2,
            2
        ],
        [
            3,
            3
        ]
    ],
    "similarity": 0.08
}