{
    "coords": [
        [
            43.51472201444256,
            63.860044468850255
        ],
        [
            44.14770618550921,
            19.323122089988523
        ],
        [
            30.0827135342023,
            37.87598660717263
        ],
        [
            20.439525949277524,
            30.74639262355385
        ],
        [
            69.0467034990192,
            28.740108224508383
        ],
        [
            19.66403336762224,
            64.06650258490788
        ],
        [
            70.1351577851223,
            65.58498677664475
        ],
        [
            74.95642469493941,
            34.25703818683013
        ],
        [
            18.905151133905512,
            37.98027295753767
        ],
        [
            20.4617548842991,
            75.97533386542294
        ],
        [
            74.87053305504494,
            58.810208476883766
        ],
        [
            90.79477560435663,
            47.25778682517291
        ],
        [
            30.381659414288478,
            57.37826688926725
        ],
        [
            20.202325139072727,
            45.9225025809736
        ],
        [
            69.55374366948767,
            48.950273846574504
        ],
        [
            21.03339717119869,
            58.72615297868008
        ],
        [
            44.398987239686655,
            29.893894442356782
        ]
    ],
    "edges": [
        [
            3,
            4
        ],
        [
            4,
            3
        ],
        [
            3,
            5
        ],
        [
            5,
            3
        ],
        [
            4,
            6
        ],
        [
            6,
            4
        ],
        [
            5,
            6
        ],
        [
            6,
            5
        ],
        [
            13,
            14
        ],
        [
            14,
            13
        ],
        [
            16,
            0
        ],
        [
            0,
            16
        ],
        [
            3,
            6
        ],
        [
            6,
            3
        ],
        [
            5,
            4
        ],
        [
            4,
            5
        ],
        [
            4,
            11
        ],
        [
            11,
            4
        ],
        [
            6,
            11
        ],
        [
            11,
            6
        ],
        [
            14,
            11
        ],
        [
            11,
            14
        ],
        [
            7,
            10
        ],
        [
            10,
            7
        ],
        [
            1,
            4
        ],
        [
            4,
            1
        ],
        [
            1,
            16
        ],
        [
            16,
            1
        ],
        [
            8,
            2
        ],
        [
            2,
            8
        ],
        [
            15,
            12
        ],
        [
            12,
            15
        ],
        [
            2,
            12
        ],
        [
            12,
            2
        ],
        [
            8,
            12
        ],
        [
            12,
            8
        ],
        [
            2,
            15
        ],
        [
            15,
            2
        ],
        [
            5,
            9
        ],
        [
            9,
            5
        ],
        [
            0,
            0
        ],
        [
            1,
            1
        ],
        [
            2,
            2
        ],
        [
            3,
            3
        ],
        [
            4,
            4
        ],
        [
            5,
            5
        ],
        [
            6,
            6
        ],
        [
            7,
            7
        ],
        [
            8,
            8
        ],
        [
            9,
            9
        ],
        [
            10,
            10
        ],
        [
            11,
            11
        ],
        [
            12,
            12
        ],
        [
            13,
            13
        ],
        [
            14,
            14
        ],
        [
            15,
            15
        ],
        [
            16,
            16
        ]
    ],
    "similarity": 0.68
}