{
    "coords": [
        [
            44.99386519575558,
            64.55294985538609
        ],
        [
            47.177485989005625,
            18.75476731204696
        ],
        [
            21.614952360664546,
            32.28481486152911
        ],
        [
            68.16775631681044,
            31.816534653245405
        ],
        [
            17.841187432195085,
            67.28311366762298
        ],
        [
            71.59843374333482,
            62.95144803582764
        ],
        [
            76.84433449100956,
            36.18185108277388
        ],
        [
            19.552767080237203,
            35.446458482691504
        ],
        [
            17.602551579852094,
            55.2393291702321
        ],
        [
            75.6579085446956,
            61.17604814542523
        ],
        [
            87.93592641187765,
            49.30656597792622
        ],
        [
            30.730618588973112,
            58.73038703210473
        ],
        [
            30.384548203326247,
            37.83232948887897
        ],
        [
            18.60516495520026,
            49.30850165357328
        ],
        [
            70.66577309842009,
            44.662047644347204
        ],
        [
            43.963167727926525,
            31.53245551134054
        ]
    ],
    "edges": [
        [
            2,
            3
        ],
        [
            3,
            2
        ],
        [
            2,
            4
        ],
        [
            4,
            2
        ],
        [
            3,
            5
        ],
        [
            5,
            3
        ],
        [
            4,
            5
        ],
        [
            5,
            4
        ],
        [
            13,
            14
        ],
        [
            14,
            13
        ],
        [
            15,
            0
        ],
        [
            0,
            15
        ],
        [
            2,
            5
        ],
        [
            5,
            2
        ],
        [
            4,
            3
        ],
        [
            3,
            4
        ],
        [
            3,
            10
        ],
        [
            10,
            3
        ],
        [
            5,
            10
        ],
        [
            10,
            5
        ],
        [
            14,
            10
        ],
        [
            10,
            14
        ],
        [
            6,
            9
        ],
        [
            9,
            6
        ],
        [
            1,
            3
        ],
        [
            3,
            1
        ],
        [
            1,
            15
        ],
        [
            15,
            1
        ],
        [
            7,
            12
        ],
        [
            12,
            7
        ],
        [
            8,
            11
        ],
        [
            11,
            8
        ],
        [
            12,
            11
        ],
        [
            11,
            12
        ],
        [
            7,
            12
        ],
        [
            12,
            7
        ],
        [
            7,
            11
        ],
        [
            11,
            7
        ],
        [
            12,
            8
        ],
        [
            8,
            12
        ],
        [
            0,
            0
        ],
        [
            1,
            1
        ],
        [
            2,
            2
        ],
        [
            3,
            3
        ],
        [
            4,
            4
        ],
        [
            5,
            5
        ],
        [
            6,
            6
        ],
        [
            7,
            7
        ],
        [
            8,
            8
        ],
        [
            9,
            9
        ],
        [
            10,
            10
        ],
        [
            11,
            11
        ],
        [
            12,
            12
        ],
        [
            13,
            13
        ],
        [
            14,
            14
        ],
        [
            15,
            15
        ]
    ],
    "similarity": 0.43
}