{
    "coords": [
        [
            20.066267146725277,
            74.74125037028969
        ],
        [
            75.22746048561457,
            35.18999462001073
        ],
        [
            75.56469814691411,
            60.21366490240511
        ],
        [
            89.7979813841656,
            47.75466048206806
        ],
        [
            29.86787780403022,
            70.25882769815215
        ],
        [
            19.72643623218277,
            47.27268918515738
        ],
        [
            45.11998039409759,
            64.83885046837503
        ],
        [
            30.11535137131766,
            36.91756625955299
        ],
        [
            70.146109341015,
            29.95064787420659
        ],
        [
            30.168368257189396,
            57.92594990031322
        ],
        [
            29.878092561309046,
            64.84716284006193
        ],
        [
            19.72366907243927,
            29.871126510853088
        ],
        [
            69.8175451592384,
            65.2883432955331
        ],
        [
            19.871473234358433,
            36.854628077770855
        ],
        [
            30.147547468135542,
            74.86422869078933
        ],
        [
            20.180603331751783,
            58.25161618408358
        ],
        [
            45.170945224015966,
            20.202844805982284
        ],
        [
            19.77455285865744,
            65.19358503471167
        ],
        [
            44.70169388108302,
            69.94453570827912
        ],
        [
            65.05983952063764,
            69.75185830406987
        ],
        [
            69.83763716131368,
            47.3613013806245
        ],
        [
            44.84630122001139,
            29.903716704003834
        ]
    ],
    "edges": [
        [
            11,
            8
        ],
        [
            8,
            11
        ],
        [
            11,
            17
        ],
        [
            17,
            11
        ],
        [
            8,
            12
        ],
        [
            12,
            8
        ],
        [
            17,
            12
        ],
        [
            12,
            17
        ],
        [
            5,
            20
        ],
        [
            20,
            5
        ],
        [
            21,
            6
        ],
        [
            6,
            21
        ],
        [
            11,
            12
        ],
        [
            12,
            11
        ],
        [
            17,
            8
        ],
        [
            8,
            17
        ],
        [
            8,
            3
        ],
        [
            3,
            8
        ],
        [
            12,
            3
        ],
        [
            3,
            12
        ],
        [
            20,
            3
        ],
        [
            3,
            20
        ],
        [
            1,
            2
        ],
        [
            2,
            1
        ],
        [
            16,
            8
        ],
        [
            8,
            16
        ],
        [
            16,
            21
        ],
        [
            21,
            16
        ],
        [
            13,
            7
        ],
        [
            7,
            13
        ],
        [
            15,
            9
        ],
        [
            9,
            15
        ],
        [
            7,
            9
        ],
        [
            9,
            7
        ],
        [
            13,
            9
        ],
        [
            9,
            13
        ],
        [
            7,
            15
        ],
        [
            15,
            7
        ],
        [
            17,
            0
        ],
        [
            0,
            17
        ],
        [
            10,
            14
        ],
        [
            14,
            10
        ],
        [
            0,
            14
        ],
        [
            14,
            0
        ],
        [
            17,
            14
        ],
        [
            14,
            17
        ],
        [
            18,
            6
        ],
        [
            6,
            18
        ],
        [
            4,
            19
        ],
        [
            19,
            4
        ],
        [
            0,
            0
        ],
        [
            1,
            1
        ],
        [
            2,
            2
        ],
        [
            3,
            3
        ],
        [
            4,
            4
        ],
        [
            5,
            5
        ],
        [
            6,
            6
        ],
        [
            7,
            7
        ],
        [
            8,
            8
        ],
        [
            9,
            9
        ],
        [
            10,
            10
        ],
        [
            11,
            11
        ],
        [
            12,
            12
        ],
        [
            13,
            13
        ],
        [
            14,
            14
        ],
        [
            15,
            15
        ],
        [
            16,
            16
        ],
        [
            17,
            17
        ],
        [
            18,
            18
        ],
        [
            19,
            19
        ],
        [
            20,
            20
        ],
        [
            21,
            21
        ]
    ],
    "similarity": 0.94
}