{
    "coords": [
        [
            43.250068243991386,
            66.0282082201555
        ],
        [
            43.59441650100375,
            18.354603885283076
        ],
        [
            18.990347298255706,
            28.346813787446035
        ],
        [
            69.61550684866734,
            30.95356220432695
        ],
        [
            20.169493612496087,
            64.62739580365995
        ],
        [
            67.53437036407105,
            65.2198112302967
        ],
        [
            77.30262653061135,
            33.58968744774
        ],
        [
            21.50963042764066,
            37.21642585053333
        ],
        [
            17.216247157939826,
            54.8897928495543
        ],
        [
            74.7683860693208,
            62.03054966285784
        ],
        [
            90.83297980889155,
            45.32507678483297
        ],
        [
            34.114195203287714,
            54.08054597618319
        ],
        [
            29.83219012971547,
            37.298743916637434
        ],
        [
            21.808606026109764,
            50.01812634014079
        ],
        [
            68.49950414933507,
            45.86882756171214
        ],
        [
            43.30567981883699,
            28.412319713716933
        ]
    ],
    "edges": [
        [
            2,
            3
        ],
        [
            3,
            2
        ],
        [
            2,
            4
        ],
        [
            4,
            2
        ],
        [
            3,
            5
        ],
        [
            5,
            3
        ],
        [
            4,
            5
        ],
        [
            5,
            4
        ],
        [
            13,
            14
        ],
        [
            14,
            13
        ],
        [
            15,
            0
        ],
        [
            0,
            15
        ],
        [
            2,
            5
        ],
        [
            5,
            2
        ],
        [
            4,
            3
        ],
        [
            3,
            4
        ],
        [
            3,
            10
        ],
        [
            10,
            3
        ],
        [
            5,
            10
        ],
        [
            10,
            5
        ],
        [
            14,
            10
        ],
        [
            10,
            14
        ],
        [
            6,
            9
        ],
        [
            9,
            6
        ],
        [
            1,
            3
        ],
        [
            3,
            1
        ],
        [
            1,
            15
        ],
        [
            15,
            1
        ],
        [
            7,
            12
        ],
        [
            12,
            7
        ],
        [
            8,
            11
        ],
        [
            11,
            8
        ],
        [
            12,
            11
        ],
        [
            11,
            12
        ],
        [
            7,
            12
        ],
        [
            12,
            7
        ],
        [
            7,
            11
        ],
        [
            11,
            7
        ],
        [
            12,
            8
        ],
        [
            8,
            12
        ],
        [
            0,
            0
        ],
        [
            1,
            1
        ],
        [
            2,
            2
        ],
        [
            3,
            3
        ],
        [
            4,
            4
        ],
        [
            5,
            5
        ],
        [
            6,
            6
        ],
        [
            7,
            7
        ],
        [
            8,
            8
        ],
        [
            9,
            9
        ],
        [
            10,
            10
        ],
        [
            11,
            11
        ],
        [
            12,
            12
        ],
        [
            13,
            13
        ],
        [
            14,
            14
        ],
        [
            15,
            15
        ]
    ],
    "similarity": 0.44
}