{
    "coords": [
        [
            18.499581534584493,
            40.50394447823662
        ],
        [
            19.580572414180466,
            74.01595532783512
        ],
        [
            73.81547888356685,
            34.749680919586865
        ],
        [
            77.8359963274786,
            60.18185091980292
        ],
        [
            88.66705032441808,
            45.35664329546798
        ],
        [
            22.048374489457967,
            48.75812864075222
        ],
        [
            43.69998176734499,
            64.74412103369214
        ],
        [
            69.58509741510989,
            31.283964700127225
        ],
        [
            21.74432629514014,
            58.2439373067136
        ],
        [
            31.50993013542989,
            58.02230497015024
        ],
        [
            33.60867681331908,
            40.1878161177112
        ],
        [
            28.63863605604492,
            67.06900988957614
        ],
        [
            20.819558503686583,
            29.93872829035059
        ],
        [
            71.56921182463621,
            63.37377809717685
        ],
        [
            31.08630993417987,
            77.18292258445607
        ],
        [
            46.81688992079585,
            18.61822979260346
        ],
        [
            22.230534457921433,
            64.87485933154298
        ],
        [
            70.04499457471476,
            45.79658517274941
        ],
        [
            42.71628316409698,
            28.643104782444134
        ]
    ],
    "edges": [
        [
            12,
            7
        ],
        [
            7,
            12
        ],
        [
            12,
            16
        ],
        [
            16,
            12
        ],
        [
            7,
            13
        ],
        [
            13,
            7
        ],
        [
            16,
            13
        ],
        [
            13,
            16
        ],
        [
            5,
            17
        ],
        [
            17,
            5
        ],
        [
            18,
            6
        ],
        [
            6,
            18
        ],
        [
            12,
            13
        ],
        [
            13,
            12
        ],
        [
            16,
            7
        ],
        [
            7,
            16
        ],
        [
            7,
            4
        ],
        [
            4,
            7
        ],
        [
            13,
            4
        ],
        [
            4,
            13
        ],
        [
            17,
            4
        ],
        [
            4,
            17
        ],
        [
            2,
            3
        ],
        [
            3,
            2
        ],
        [
            15,
            7
        ],
        [
            7,
            15
        ],
        [
            15,
            18
        ],
        [
            18,
            15
        ],
        [
            0,
            10
        ],
        [
            10,
            0
        ],
        [
            8,
            9
        ],
        [
            9,
            8
        ],
        [
            10,
            9
        ],
        [
            9,
            10
        ],
        [
            0,
            10
        ],
        [
            10,
            0
        ],
        [
            0,
            9
        ],
        [
            9,
            0
        ],
        [
            10,
            8
        ],
        [
            8,
            10
        ],
        [
            16,
            1
        ],
        [
            1,
            16
        ],
        [
            11,
            14
        ],
        [
            14,
            11
        ],
        [
            1,
            14
        ],
        [
            14,
            1
        ],
        [
            16,
            14
        ],
        [
            14,
            16
        ],
        [
            0,
            0
        ],
        [
            1,
            1
        ],
        [
            2,
            2
        ],
        [
            3,
            3
        ],
        [
            4,
            4
        ],
        [
            5,
            5
        ],
        [
            6,
            6
        ],
        [
            7,
            7
        ],
        [
            8,
            8
        ],
        [
            9,
            9
        ],
        [
            10,
            10
        ],
        [
            11,
            11
        ],
        [
            12,
            12
        ],
        [
            13,
            13
        ],
        [
            14,
            14
        ],
        [
            15,
            15
        ],
        [
            16,
            16
        ],
        [
            17,
            17
        ],
        [
            18,
            18
        ]
    ],
    "similarity": 0.53
}