{
    "coords": [
        [
            47.98384073245717,
            64.55302281591639
        ],
        [
            47.652776351868596,
            23.17313020251112
        ],
        [
            19.00045011094859,
            31.712864728876237
        ],
        [
            70.63384897838891,
            31.593115872439085
        ],
        [
            17.016614234069763,
            63.90367512783961
        ],
        [
            71.20869905795824,
            66.21700678744361
        ],
        [
            78.875963333461,
            38.23405188750419
        ],
        [
            77.08186897290777,
            61.59743294735036
        ],
        [
            93.00941169690427,
            48.19643912738485
        ],
        [
            21.194515426764134,
            46.48333231391055
        ],
        [
            69.97723034449858,
            50.391384723305606
        ],
        [
            43.46137488664491,
            29.02918027406892
        ]
    ],
    "edges": [
        [
            2,
            3
        ],
        [
            3,
            2
        ],
        [
            2,
            4
        ],
        [
            4,
            2
        ],
        [
            3,
            5
        ],
        [
            5,
            3
        ],
        [
            4,
            5
        ],
        [
            5,
            4
        ],
        [
            9,
            10
        ],
        [
            10,
            9
        ],
        [
            11,
            0
        ],
        [
            0,
            11
        ],
        [
            2,
            5
        ],
        [
            5,
            2
        ],
        [
            4,
            3
        ],
        [
            3,
            4
        ],
        [
            3,
            8
        ],
        [
            8,
            3
        ],
        [
            5,
            8
        ],
        [
            8,
            5
        ],
        [
            10,
            8
        ],
        [
            8,
            10
        ],
        [
            6,
            7
        ],
        [
            7,
            6
        ],
        [
            1,
            3
        ],
        [
            3,
            1
        ],
        [
            1,
            11
        ],
        [
            11,
            1
        ],
        [
            0,
            0
        ],
        [
            1,
            1
        ],
        [
            2,
            2
        ],
        [
            3,
            3
        ],
        [
            4,
            4
        ],
        [
            5,
            5
        ],
        [
            6,
            6
        ],
        [
            7,
            7
        ],
        [
            8,
            8
        ],
        [
            9,
            9
        ],
        [
            10,
            10
        ],
        [
            11,
            11
        ]
    ],
    "similarity": 0.32
}