{
    "coords": [
        [
            43.92419869163608,
            63.47357653705579
        ],
        [
            23.029428046734175,
            32.986223087251545
        ],
        [
            70.05876991874365,
            32.320647293398466
        ],
        [
            18.662634227475532,
            66.04710627518347
        ],
        [
            69.7033112180377,
            68.60073607276156
        ],
        [
            72.05544249918394,
            31.576317847525402
        ],
        [
            75.40159957390169,
            58.32095152000516
        ],
        [
            87.2565553228518,
            50.64947606487043
        ],
        [
            21.900623639831668,
            46.81709134264748
        ],
        [
            68.88644757316996,
            48.77447111339888
        ],
        [
            41.44945128156231,
            27.047131826094486
        ]
    ],
    "edges": [
        [
            1,
            2
        ],
        [
            2,
            1
        ],
        [
            1,
            3
        ],
        [
            3,
            1
        ],
        [
            2,
            4
        ],
        [
            4,
            2
        ],
        [
            3,
            4
        ],
        [
            4,
            3
        ],
        [
            8,
            9
        ],
        [
            9,
            8
        ],
        [
            10,
            0
        ],
        [
            0,
            10
        ],
        [
            1,
            4
        ],
        [
            4,
            1
        ],
        [
            3,
            2
        ],
        [
            2,
            3
        ],
        [
            2,
            7
        ],
        [
            7,
            2
        ],
        [
            4,
            7
        ],
        [
            7,
            4
        ],
        [
            9,
            7
        ],
        [
            7,
            9
        ],
        [
            5,
            6
        ],
        [
            6,
            5
        ],
        [
            0,
            0
        ],
        [
            1,
            1
        ],
        [
            2,
            2
        ],
        [
            3,
            3
        ],
        [
            4,
            4
        ],
        [
            5,
            5
        ],
        [
            6,
            6
        ],
        [
            7,
            7
        ],
        [
            8,
            8
        ],
        [
            9,
            9
        ],
        [
            10,
            10
        ]
    ],
    "similarity": 0.27
}