{
    "coords": [
        [
            42.63362870030628,
            68.4800925977387
        ],
        [
            23.197129433534453,
            31.21608261653861
        ],
        [
            66.4162374316207,
            26.948048246780335
        ],
        [
            17.551223520058244,
            67.02128569290142
        ],
        [
            70.8686649537509,
            64.7170648108553
        ],
        [
            73.9874069238627,
            36.91004048895802
        ],
        [
            72.81134681794569,
            62.55865159570147
        ],
        [
            91.6501286776748,
            50.254880666116506
        ],
        [
            21.43699163875307,
            49.7279491721083
        ],
        [
            72.30439827021034,
            46.487562260899615
        ],
        [
            47.996637642020616,
            30.89472894201929
        ]
    ],
    "edges": [
        [
            1,
            2
        ],
        [
            2,
            1
        ],
        [
            1,
            3
        ],
        [
            3,
            1
        ],
        [
            2,
            4
        ],
        [
            4,
            2
        ],
        [
            3,
            4
        ],
        [
            4,
            3
        ],
        [
            8,
            9
        ],
        [
            9,
            8
        ],
        [
            10,
            0
        ],
        [
            0,
            10
        ],
        [
            1,
            4
        ],
        [
            4,
            1
        ],
        [
            3,
            2
        ],
        [
            2,
            3
        ],
        [
            2,
            7
        ],
        [
            7,
            2
        ],
        [
            4,
            7
        ],
        [
            7,
            4
        ],
        [
            9,
            7
        ],
        [
            7,
            9
        ],
        [
            5,
            6
        ],
        [
            6,
            5
        ],
        [
            0,
            0
        ],
        [
            1,
            1
        ],
        [
            2,
            2
        ],
        [
            3,
            3
        ],
        [
            4,
            4
        ],
        [
            5,
            5
        ],
        [
            6,
            6
        ],
        [
            7,
            7
        ],
        [
            8,
            8
        ],
        [
            9,
            9
        ],
        [
            10,
            10
        ]
    ],
    "similarity": 0.27
}