{
    "coords": [
        [
            45.639522776572896,
            62.19336700168559
        ],
        [
            45.29751656702309,
            20.07892596824968
        ],
        [
            22.10742809817936,
            28.585525889277125
        ],
        [
            70.12832715591102,
            29.806326714727472
        ],
        [
            17.768628290845434,
            67.23342419719505
        ],
        [
            68.51616017667658,
            63.52364272541156
        ],
        [
            73.30136980797971,
            35.56865620053719
        ],
        [
            17.723294736244696,
            40.34311716578487
        ],
        [
            21.482431141192862,
            54.86830847314643
        ],
        [
            76.29769150585106,
            60.92924374718045
        ],
        [
            89.65164758850902,
            47.43144930492156
        ],
        [
            31.64174393680434,
            55.92258121806201
        ],
        [
            30.058604835164786,
            36.4352859861398
        ],
        [
            19.54372351851152,
            48.709665666931066
        ],
        [
            72.03666190919961,
            48.12801760350719
        ],
        [
            43.44077621056224,
            32.11170380295082
        ]
    ],
    "edges": [
        [
            2,
            3
        ],
        [
            3,
            2
        ],
        [
            2,
            4
        ],
        [
            4,
            2
        ],
        [
            3,
            5
        ],
        [
            5,
            3
        ],
        [
            4,
            5
        ],
        [
            5,
            4
        ],
        [
            13,
            14
        ],
        [
            14,
            13
        ],
        [
            15,
            0
        ],
        [
            0,
            15
        ],
        [
            2,
            5
        ],
        [
            5,
            2
        ],
        [
            4,
            3
        ],
        [
            3,
            4
        ],
        [
            3,
            10
        ],
        [
            10,
            3
        ],
        [
            5,
            10
        ],
        [
            10,
            5
        ],
        [
            14,
            10
        ],
        [
            10,
            14
        ],
        [
            6,
            9
        ],
        [
            9,
            6
        ],
        [
            1,
            3
        ],
        [
            3,
            1
        ],
        [
            1,
            15
        ],
        [
            15,
            1
        ],
        [
            7,
            12
        ],
        [
            12,
            7
        ],
        [
            8,
            11
        ],
        [
            11,
            8
        ],
        [
            12,
            11
        ],
        [
            11,
            12
        ],
        [
            7,
            12
        ],
        [
            12,
            7
        ],
        [
            7,
            11
        ],
        [
            11,
            7
        ],
        [
            12,
            8
        ],
        [
            8,
            12
        ],
        [
            0,
            0
        ],
        [
            1,
            1
        ],
        [
            2,
            2
        ],
        [
            3,
            3
        ],
        [
            4,
            4
        ],
        [
            5,
            5
        ],
        [
            6,
            6
        ],
        [
            7,
            7
        ],
        [
            8,
            8
        ],
        [
            9,
            9
        ],
        [
            10,
            10
        ],
        [
            11,
            11
        ],
        [
            12,
            12
        ],
        [
            13,
            13
        ],
        [
            14,
            14
        ],
        [
            15,
            15
        ]
    ],
    "similarity": 0.42
}