{
    "coords": [
        [
            19.917144128452836,
            39.856186180189695
        ],
        [
            21.908073140494704,
            74.42795207912208
        ],
        [
            74.38585368398951,
            36.32856807510959
        ],
        [
            76.97371324622641,
            60.58426245717281
        ],
        [
            88.77751111534936,
            46.91255761800272
        ],
        [
            19.014168637785616,
            46.98427162908887
        ],
        [
            46.71947620365923,
            66.80286303468822
        ],
        [
            69.26234904149219,
            29.493876561100503
        ],
        [
            22.01261630967984,
            56.630874629549794
        ],
        [
            34.76960051583907,
            56.55186482098618
        ],
        [
            31.997594673253943,
            37.76178169601928
        ],
        [
            31.562649459487595,
            63.631911591973285
        ],
        [
            19.0643939435126,
            31.077145230655034
        ],
        [
            70.42856036315897,
            67.11094794283449
        ],
        [
            31.82022919508629,
            73.51393697018698
        ],
        [
            42.777313014654425,
            20.02538671181643
        ],
        [
            17.915676343961923,
            67.21815858586166
        ],
        [
            69.77945144706727,
            47.37277934805286
        ],
        [
            46.35166955047424,
            28.310567187117268
        ]
    ],
    "edges": [
        [
            12,
            7
        ],
        [
            7,
            12
        ],
        [
            12,
            16
        ],
        [
            16,
            12
        ],
        [
            7,
            13
        ],
        [
            13,
            7
        ],
        [
            16,
            13
        ],
        [
            13,
            16
        ],
        [
            5,
            17
        ],
        [
            17,
            5
        ],
        [
            18,
            6
        ],
        [
            6,
            18
        ],
        [
            12,
            13
        ],
        [
            13,
            12
        ],
        [
            16,
            7
        ],
        [
            7,
            16
        ],
        [
            7,
            4
        ],
        [
            4,
            7
        ],
        [
            13,
            4
        ],
        [
            4,
            13
        ],
        [
            17,
            4
        ],
        [
            4,
            17
        ],
        [
            2,
            3
        ],
        [
            3,
            2
        ],
        [
            15,
            7
        ],
        [
            7,
            15
        ],
        [
            15,
            18
        ],
        [
            18,
            15
        ],
        [
            0,
            10
        ],
        [
            10,
            0
        ],
        [
            8,
            9
        ],
        [
            9,
            8
        ],
        [
            10,
            9
        ],
        [
            9,
            10
        ],
        [
            0,
            10
        ],
        [
            10,
            0
        ],
        [
            0,
            9
        ],
        [
            9,
            0
        ],
        [
            10,
            8
        ],
        [
            8,
            10
        ],
        [
            16,
            1
        ],
        [
            1,
            16
        ],
        [
            11,
            14
        ],
        [
            14,
            11
        ],
        [
            1,
            14
        ],
        [
            14,
            1
        ],
        [
            16,
            14
        ],
        [
            14,
            16
        ],
        [
            0,
            0
        ],
        [
            1,
            1
        ],
        [
            2,
            2
        ],
        [
            3,
            3
        ],
        [
            4,
            4
        ],
        [
            5,
            5
        ],
        [
            6,
            6
        ],
        [
            7,
            7
        ],
        [
            8,
            8
        ],
        [
            9,
            9
        ],
        [
            10,
            10
        ],
        [
            11,
            11
        ],
        [
            12,
            12
        ],
        [
            13,
            13
        ],
        [
            14,
            14
        ],
        [
            15,
            15
        ],
        [
            16,
            16
        ],
        [
            17,
            17
        ],
        [
            18,
            18
        ]
    ],
    "similarity": 0.55
}