{
    "coords": [
        [
            46.95460571658512,
            63.63611097432986
        ],
        [
            45.64446090046539,
            23.032571717980485
        ],
        [
            18.223696166275957,
            29.857916559604224
        ],
        [
            67.52068580121309,
            29.25741030070997
        ],
        [
            19.95213853868403,
            63.17620896413656
        ],
        [
            71.12451193377225,
            67.78273678508877
        ],
        [
            76.87877064631547,
            38.064493930933175
        ],
        [
            21.682258428376407,
            36.7219700037226
        ],
        [
            19.29765773578748,
            55.40737237273455
        ],
        [
            74.96943046180019,
            58.19812998837719
        ],
        [
            89.4629242864222,
            49.01614546810179
        ],
        [
            29.81282874793162,
            53.52428659588677
        ],
        [
            20.394817029249428,
            45.20391410336402
        ],
        [
            70.98602052069107,
            45.89149196064807
        ],
        [
            32.334665335086115,
            38.55573661159437
        ],
        [
            47.01636666205916,
            28.001862163889957
        ]
    ],
    "edges": [
        [
            2,
            3
        ],
        [
            3,
            2
        ],
        [
            2,
            4
        ],
        [
            4,
            2
        ],
        [
            3,
            5
        ],
        [
            5,
            3
        ],
        [
            4,
            5
        ],
        [
            5,
            4
        ],
        [
            12,
            13
        ],
        [
            13,
            12
        ],
        [
            15,
            0
        ],
        [
            0,
            15
        ],
        [
            2,
            5
        ],
        [
            5,
            2
        ],
        [
            4,
            3
        ],
        [
            3,
            4
        ],
        [
            3,
            10
        ],
        [
            10,
            3
        ],
        [
            5,
            10
        ],
        [
            10,
            5
        ],
        [
            13,
            10
        ],
        [
            10,
            13
        ],
        [
            6,
            9
        ],
        [
            9,
            6
        ],
        [
            1,
            3
        ],
        [
            3,
            1
        ],
        [
            1,
            15
        ],
        [
            15,
            1
        ],
        [
            7,
            14
        ],
        [
            14,
            7
        ],
        [
            8,
            11
        ],
        [
            11,
            8
        ],
        [
            0,
            0
        ],
        [
            1,
            1
        ],
        [
            2,
            2
        ],
        [
            3,
            3
        ],
        [
            4,
            4
        ],
        [
            5,
            5
        ],
        [
            6,
            6
        ],
        [
            7,
            7
        ],
        [
            8,
            8
        ],
        [
            9,
            9
        ],
        [
            10,
            10
        ],
        [
            11,
            11
        ],
        [
            12,
            12
        ],
        [
            13,
            13
        ],
        [
            14,
            14
        ],
        [
            15,
            15
        ]
    ],
    "similarity": 0.34
}