{
    "coords": [
        [
            17.832834530995996,
            39.34822065076998
        ],
        [
            17.694642576036387,
            76.16962783548858
        ],
        [
            77.26415470691418,
            37.06193936836183
        ],
        [
            74.78950481013649,
            59.99762393293408
        ],
        [
            91.16729698853668,
            47.53008441035599
        ],
        [
            21.403307898510462,
            49.98813480425986
        ],
        [
            44.66613416334705,
            65.13308471266417
        ],
        [
            69.58966447103568,
            27.947960861524308
        ],
        [
            18.0296376303498,
            54.41094934388355
        ],
        [
            31.4056197690161,
            56.13789878122194
        ],
        [
            32.71197319386138,
            39.65436687143642
        ],
        [
            29.446294338976916,
            66.92794535702836
        ],
        [
            21.186241727949724,
            30.463808307753364
        ],
        [
            67.95101944170587,
            63.49796383903455
        ],
        [
            32.420971042771065,
            72.97658161415387
        ],
        [
            46.56795151520844,
            21.858239155705597
        ],
        [
            18.386432345387064,
            66.034472026767
        ],
        [
            68.69043713208299,
            45.92199662362162
        ],
        [
            43.76803867615937,
            29.726646655831566
        ]
    ],
    "edges": [
        [
            12,
            7
        ],
        [
            7,
            12
        ],
        [
            12,
            16
        ],
        [
            16,
            12
        ],
        [
            7,
            13
        ],
        [
            13,
            7
        ],
        [
            16,
            13
        ],
        [
            13,
            16
        ],
        [
            5,
            17
        ],
        [
            17,
            5
        ],
        [
            18,
            6
        ],
        [
            6,
            18
        ],
        [
            12,
            13
        ],
        [
            13,
            12
        ],
        [
            16,
            7
        ],
        [
            7,
            16
        ],
        [
            7,
            4
        ],
        [
            4,
            7
        ],
        [
            13,
            4
        ],
        [
            4,
            13
        ],
        [
            17,
            4
        ],
        [
            4,
            17
        ],
        [
            2,
            3
        ],
        [
            3,
            2
        ],
        [
            15,
            7
        ],
        [
            7,
            15
        ],
        [
            15,
            18
        ],
        [
            18,
            15
        ],
        [
            0,
            10
        ],
        [
            10,
            0
        ],
        [
            8,
            9
        ],
        [
            9,
            8
        ],
        [
            10,
            9
        ],
        [
            9,
            10
        ],
        [
            0,
            10
        ],
        [
            10,
            0
        ],
        [
            0,
            9
        ],
        [
            9,
            0
        ],
        [
            10,
            8
        ],
        [
            8,
            10
        ],
        [
            16,
            1
        ],
        [
            1,
            16
        ],
        [
            11,
            14
        ],
        [
            14,
            11
        ],
        [
            1,
            14
        ],
        [
            14,
            1
        ],
        [
            16,
            14
        ],
        [
            14,
            16
        ],
        [
            0,
            0
        ],
        [
            1,
            1
        ],
        [
            2,
            2
        ],
        [
            3,
            3
        ],
        [
            4,
            4
        ],
        [
            5,
            5
        ],
        [
            6,
            6
        ],
        [
            7,
            7
        ],
        [
            8,
            8
        ],
        [
            9,
            9
        ],
        [
            10,
            10
        ],
        [
            11,
            11
        ],
        [
            12,
            12
        ],
        [
            13,
            13
        ],
        [
            14,
            14
        ],
        [
            15,
            15
        ],
        [
            16,
            16
        ],
        [
            17,
            17
        ],
        [
            18,
            18
        ]
    ],
    "similarity": 0.49
}