{
    "coords": [
        [
            46.113926535815466,
            68.71711331848054
        ],
        [
            18.32825371132977,
            31.554084827394544
        ],
        [
            69.2919340190796,
            30.04562037932376
        ],
        [
            17.590157806813934,
            62.36933146217056
        ],
        [
            70.41312223654954,
            68.78276146676428
        ],
        [
            20.63806950369241,
            44.12857312616535
        ],
        [
            70.7893352048831,
            51.62402629018929
        ],
        [
            44.630697659413556,
            33.05046186887163
        ]
    ],
    "edges": [
        [
            1,
            2
        ],
        [
            2,
            1
        ],
        [
            1,
            3
        ],
        [
            3,
            1
        ],
        [
            2,
            4
        ],
        [
            4,
            2
        ],
        [
            3,
            4
        ],
        [
            4,
            3
        ],
        [
            5,
            6
        ],
        [
            6,
            5
        ],
        [
            7,
            0
        ],
        [
            0,
            7
        ],
        [
            1,
            4
        ],
        [
            4,
            1
        ],
        [
            3,
            2
        ],
        [
            2,
            3
        ],
        [
            0,
            0
        ],
        [
            1,
            1
        ],
        [
            2,
            2
        ],
        [
            3,
            3
        ],
        [
            4,
            4
        ],
        [
            5,
            5
        ],
        [
            6,
            6
        ],
        [
            7,
            7
        ]
    ],
    "similarity": 0.15
}