{
    "coords": [
        [
            46.696943065299685,
            62.92334513030512
        ],
        [
            44.86419514079627,
            18.898886529327807
        ],
        [
            17.29832417044648,
            31.517313403771944
        ],
        [
            68.00358469195385,
            32.42347198017072
        ],
        [
            19.15462965580759,
            63.31868701070695
        ],
        [
            70.04922588242529,
            65.04693067090787
        ],
        [
            74.57285231757037,
            36.9582327438496
        ],
        [
            18.613174890900055,
            37.879659174430195
        ],
        [
            20.12051561436971,
            57.78873692915128
        ],
        [
            74.34782314159943,
            58.330374398178186
        ],
        [
            92.58907874096249,
            49.272181669927605
        ],
        [
            32.25713563644669,
            55.48212919049837
        ],
        [
            34.159069370007586,
            36.64931411160565
        ],
        [
            18.21224576320515,
            49.42164517709225
        ],
        [
            69.28627665718122,
            47.07602620634731
        ],
        [
            47.29686786105296,
            30.04337408679902
        ]
    ],
    "edges": [
        [
            2,
            3
        ],
        [
            3,
            2
        ],
        [
            2,
            4
        ],
        [
            4,
            2
        ],
        [
            3,
            5
        ],
        [
            5,
            3
        ],
        [
            4,
            5
        ],
        [
            5,
            4
        ],
        [
            13,
            14
        ],
        [
            14,
            13
        ],
        [
            15,
            0
        ],
        [
            0,
            15
        ],
        [
            2,
            5
        ],
        [
            5,
            2
        ],
        [
            4,
            3
        ],
        [
            3,
            4
        ],
        [
            3,
            10
        ],
        [
            10,
            3
        ],
        [
            5,
            10
        ],
        [
            10,
            5
        ],
        [
            14,
            10
        ],
        [
            10,
            14
        ],
        [
            6,
            9
        ],
        [
            9,
            6
        ],
        [
            1,
            3
        ],
        [
            3,
            1
        ],
        [
            1,
            15
        ],
        [
            15,
            1
        ],
        [
            7,
            12
        ],
        [
            12,
            7
        ],
        [
            8,
            11
        ],
        [
            11,
            8
        ],
        [
            12,
            11
        ],
        [
            11,
            12
        ],
        [
            7,
            12
        ],
        [
            12,
            7
        ],
        [
            7,
            11
        ],
        [
            11,
            7
        ],
        [
            12,
            8
        ],
        [
            8,
            12
        ],
        [
            0,
            0
        ],
        [
            1,
            1
        ],
        [
            2,
            2
        ],
        [
            3,
            3
        ],
        [
            4,
            4
        ],
        [
            5,
            5
        ],
        [
            6,
            6
        ],
        [
            7,
            7
        ],
        [
            8,
            8
        ],
        [
            9,
            9
        ],
        [
            10,
            10
        ],
        [
            11,
            11
        ],
        [
            12,
            12
        ],
        [
            13,
            13
        ],
        [
            14,
            14
        ],
        [
            15,
            15
        ]
    ],
    "similarity": 0.45
}