{
    "coords": [
        [
            44.803178135120376,
            68.13209973758318
        ],
        [
            45.17157213421578,
            16.711635050124794
        ],
        [
            20.294642476831417,
            28.260948177509995
        ],
        [
            71.45541256883362,
            29.190122506392576
        ],
        [
            21.581819778885134,
            67.3475610124274
        ],
        [
            67.66410373926665,
            67.45590976429385
        ],
        [
            75.83215891260939,
            32.49197327753788
        ],
        [
            76.61341517774518,
            62.75083518117799
        ],
        [
            90.50985351647543,
            46.80298879167023
        ],
        [
            19.111939069829873,
            47.43254147345204
        ],
        [
            70.33398583506676,
            46.801939288657366
        ],
        [
            44.43508379074873,
            30.558192214388512
        ]
    ],
    "edges": [
        [
            2,
            3
        ],
        [
            3,
            2
        ],
        [
            2,
            4
        ],
        [
            4,
            2
        ],
        [
            3,
            5
        ],
        [
            5,
            3
        ],
        [
            4,
            5
        ],
        [
            5,
            4
        ],
        [
            9,
            10
        ],
        [
            10,
            9
        ],
        [
            11,
            0
        ],
        [
            0,
            11
        ],
        [
            2,
            5
        ],
        [
            5,
            2
        ],
        [
            4,
            3
        ],
        [
            3,
            4
        ],
        [
            3,
            8
        ],
        [
            8,
            3
        ],
        [
            5,
            8
        ],
        [
            8,
            5
        ],
        [
            10,
            8
        ],
        [
            8,
            10
        ],
        [
            6,
            7
        ],
        [
            7,
            6
        ],
        [
            1,
            3
        ],
        [
            3,
            1
        ],
        [
            0,
            0
        ],
        [
            1,
            1
        ],
        [
            2,
            2
        ],
        [
            3,
            3
        ],
        [
            4,
            4
        ],
        [
            5,
            5
        ],
        [
            6,
            6
        ],
        [
            7,
            7
        ],
        [
            8,
            8
        ],
        [
            9,
            9
        ],
        [
            10,
            10
        ],
        [
            11,
            11
        ]
    ],
    "similarity": 0.34
}