{
    "coords": [
        [
            18.07319687668978,
            65.40045930516496
        ],
        [
            19.196228355697833,
            26.974838559235632
        ],
        [
            68.48962682294813,
            29.130526150798854
        ]
    ],
    "edges": [
        [
            1,
            2
        ],
        [
            2,
            1
        ],
        [
            1,
            0
        ],
        [
            0,
            1
        ],
        [
            0,
            0
        ],
        [
            1,
            1
        ],
        [
            2,
            2
        ]
    ],
    "similarity": 0.02
}