{
    "coords": [
        [
            46.361151180274256,
            67.22440913617758
        ],
        [
            20.869433594561464,
            30.58149923277787
        ],
        [
            71.88277469614235,
            32.39975425559111
        ],
        [
            17.828510133162784,
            62.51510820446419
        ],
        [
            69.11501282236851,
            64.94577452330836
        ],
        [
            74.55800577342465,
            34.75892093637168
        ],
        [
            74.8463242397614,
            62.73949877513309
        ],
        [
            93.0895490892547,
            45.60626045762575
        ],
        [
            20.17335192604272,
            45.396584654915934
        ],
        [
            73.2226658612782,
            47.238290221336534
        ],
        [
            46.00033047373306,
            28.284658451016217
        ]
    ],
    "edges": [
        [
            1,
            2
        ],
        [
            2,
            1
        ],
        [
            1,
            3
        ],
        [
            3,
            1
        ],
        [
            2,
            4
        ],
        [
            4,
            2
        ],
        [
            3,
            4
        ],
        [
            4,
            3
        ],
        [
            8,
            9
        ],
        [
            9,
            8
        ],
        [
            10,
            0
        ],
        [
            0,
            10
        ],
        [
            1,
            4
        ],
        [
            4,
            1
        ],
        [
            3,
            2
        ],
        [
            2,
            3
        ],
        [
            2,
            7
        ],
        [
            7,
            2
        ],
        [
            4,
            7
        ],
        [
            7,
            4
        ],
        [
            9,
            7
        ],
        [
            7,
            9
        ],
        [
            5,
            6
        ],
        [
            6,
            5
        ],
        [
            0,
            0
        ],
        [
            1,
            1
        ],
        [
            2,
            2
        ],
        [
            3,
            3
        ],
        [
            4,
            4
        ],
        [
            5,
            5
        ],
        [
            6,
            6
        ],
        [
            7,
            7
        ],
        [
            8,
            8
        ],
        [
            9,
            9
        ],
        [
            10,
            10
        ]
    ],
    "similarity": 0.28
}