{
    "coords": [
        [
            45.64159824065356,
            63.64593940323561
        ],
        [
            43.392228035462594,
            18.60523782654873
        ],
        [
            19.135963981218612,
            32.02919639255831
        ],
        [
            72.0038760518722,
            28.5452354945147
        ],
        [
            21.90097805583983,
            62.327720069932994
        ],
        [
            68.86971952979465,
            62.332481977665836
        ],
        [
            77.8334301783424,
            35.09296466226665
        ],
        [
            20.72812805396313,
            37.65955377732723
        ],
        [
            20.906391973386974,
            53.938821144432175
        ],
        [
            76.41159861642959,
            57.27234425543754
        ],
        [
            89.48854904598736,
            48.83558352986307
        ],
        [
            35.423871827786854,
            55.61046283528139
        ],
        [
            30.031942391227133,
            37.42599494613362
        ],
        [
            19.97354450307717,
            47.31100685678456
        ],
        [
            68.16017540427,
            48.634996765968694
        ],
        [
            46.63996338880472,
            32.108992886652786
        ]
    ],
    "edges": [
        [
            2,
            3
        ],
        [
            3,
            2
        ],
        [
            2,
            4
        ],
        [
            4,
            2
        ],
        [
            3,
            5
        ],
        [
            5,
            3
        ],
        [
            4,
            5
        ],
        [
            5,
            4
        ],
        [
            13,
            14
        ],
        [
            14,
            13
        ],
        [
            15,
            0
        ],
        [
            0,
            15
        ],
        [
            2,
            5
        ],
        [
            5,
            2
        ],
        [
            4,
            3
        ],
        [
            3,
            4
        ],
        [
            3,
            10
        ],
        [
            10,
            3
        ],
        [
            5,
            10
        ],
        [
            10,
            5
        ],
        [
            14,
            10
        ],
        [
            10,
            14
        ],
        [
            6,
            9
        ],
        [
            9,
            6
        ],
        [
            1,
            3
        ],
        [
            3,
            1
        ],
        [
            1,
            15
        ],
        [
            15,
            1
        ],
        [
            7,
            12
        ],
        [
            12,
            7
        ],
        [
            8,
            11
        ],
        [
            11,
            8
        ],
        [
            12,
            11
        ],
        [
            11,
            12
        ],
        [
            7,
            12
        ],
        [
            12,
            7
        ],
        [
            7,
            11
        ],
        [
            11,
            7
        ],
        [
            12,
            8
        ],
        [
            8,
            12
        ],
        [
            0,
            0
        ],
        [
            1,
            1
        ],
        [
            2,
            2
        ],
        [
            3,
            3
        ],
        [
            4,
            4
        ],
        [
            5,
            5
        ],
        [
            6,
            6
        ],
        [
            7,
            7
        ],
        [
            8,
            8
        ],
        [
            9,
            9
        ],
        [
            10,
            10
        ],
        [
            11,
            11
        ],
        [
            12,
            12
        ],
        [
            13,
            13
        ],
        [
            14,
            14
        ],
        [
            15,
            15
        ]
    ],
    "similarity": 0.42
}