{
    "coords": [
        [
            45.10731129287462,
            63.66743237549929
        ],
        [
            44.39790083313982,
            18.635062938322687
        ],
        [
            17.05820164452227,
            33.035007238061894
        ],
        [
            71.42098674178564,
            31.202456263877767
        ],
        [
            20.95611421241817,
            63.17320217709759
        ],
        [
            68.4681428821405,
            63.031308823890285
        ],
        [
            77.3534811945475,
            34.0230313565733
        ],
        [
            22.82342199552098,
            36.81924969341373
        ],
        [
            18.9540843763063,
            53.7250812843434
        ],
        [
            75.85756816319399,
            59.854633363542135
        ],
        [
            89.43317716751352,
            46.93778064743462
        ],
        [
            34.224631963484875,
            58.08954070470623
        ],
        [
            31.978769104777196,
            35.73629181547934
        ],
        [
            17.831786066363048,
            47.85004964009655
        ],
        [
            70.49203760136699,
            45.24578172600836
        ],
        [
            46.753317160283146,
            27.17264546900617
        ]
    ],
    "edges": [
        [
            2,
            3
        ],
        [
            3,
            2
        ],
        [
            2,
            4
        ],
        [
            4,
            2
        ],
        [
            3,
            5
        ],
        [
            5,
            3
        ],
        [
            4,
            5
        ],
        [
            5,
            4
        ],
        [
            13,
            14
        ],
        [
            14,
            13
        ],
        [
            15,
            0
        ],
        [
            0,
            15
        ],
        [
            2,
            5
        ],
        [
            5,
            2
        ],
        [
            4,
            3
        ],
        [
            3,
            4
        ],
        [
            3,
            10
        ],
        [
            10,
            3
        ],
        [
            5,
            10
        ],
        [
            10,
            5
        ],
        [
            14,
            10
        ],
        [
            10,
            14
        ],
        [
            6,
            9
        ],
        [
            9,
            6
        ],
        [
            1,
            3
        ],
        [
            3,
            1
        ],
        [
            1,
            15
        ],
        [
            15,
            1
        ],
        [
            7,
            12
        ],
        [
            12,
            7
        ],
        [
            8,
            11
        ],
        [
            11,
            8
        ],
        [
            12,
            11
        ],
        [
            11,
            12
        ],
        [
            7,
            12
        ],
        [
            12,
            7
        ],
        [
            7,
            11
        ],
        [
            11,
            7
        ],
        [
            12,
            8
        ],
        [
            8,
            12
        ],
        [
            0,
            0
        ],
        [
            1,
            1
        ],
        [
            2,
            2
        ],
        [
            3,
            3
        ],
        [
            4,
            4
        ],
        [
            5,
            5
        ],
        [
            6,
            6
        ],
        [
            7,
            7
        ],
        [
            8,
            8
        ],
        [
            9,
            9
        ],
        [
            10,
            10
        ],
        [
            11,
            11
        ],
        [
            12,
            12
        ],
        [
            13,
            13
        ],
        [
            14,
            14
        ],
        [
            15,
            15
        ]
    ],
    "similarity": 0.38
}