{
    "coords": [
        [
            22.704558782992528,
            67.36973960764718
        ],
        [
            18.045238582655198,
            31.476082913337983
        ],
        [
            67.63870690259479,
            32.40230388399136
        ]
    ],
    "edges": [
        [
            1,
            2
        ],
        [
            2,
            1
        ],
        [
            1,
            0
        ],
        [
            0,
            1
        ],
        [
            0,
            0
        ],
        [
            1,
            1
        ],
        [
            2,
            2
        ]
    ],
    "similarity": 0.05
}