{
    "coords": [
        [
            45.64486874909625,
            68.36572431448842
        ],
        [
            20.33531404214537,
            30.272085031491205
        ],
        [
            72.95446139419168,
            31.34890203766176
        ],
        [
            18.06896574586112,
            64.62956822568066
        ],
        [
            67.24493980712765,
            65.41159936169035
        ],
        [
            78.63811131604328,
            32.00939664113194
        ],
        [
            75.89966813494333,
            59.65318438218675
        ],
        [
            86.65981111465693,
            50.46555116628967
        ],
        [
            17.868192138439714,
            44.80035400844883
        ],
        [
            71.24808871714629,
            44.10645119844558
        ],
        [
            47.39853593436302,
            31.816856253624366
        ]
    ],
    "edges": [
        [
            1,
            2
        ],
        [
            2,
            1
        ],
        [
            1,
            3
        ],
        [
            3,
            1
        ],
        [
            2,
            4
        ],
        [
            4,
            2
        ],
        [
            3,
            4
        ],
        [
            4,
            3
        ],
        [
            8,
            9
        ],
        [
            9,
            8
        ],
        [
            10,
            0
        ],
        [
            0,
            10
        ],
        [
            1,
            4
        ],
        [
            4,
            1
        ],
        [
            3,
            2
        ],
        [
            2,
            3
        ],
        [
            2,
            7
        ],
        [
            7,
            2
        ],
        [
            4,
            7
        ],
        [
            7,
            4
        ],
        [
            9,
            7
        ],
        [
            7,
            9
        ],
        [
            5,
            6
        ],
        [
            6,
            5
        ],
        [
            0,
            0
        ],
        [
            1,
            1
        ],
        [
            2,
            2
        ],
        [
            3,
            3
        ],
        [
            4,
            4
        ],
        [
            5,
            5
        ],
        [
            6,
            6
        ],
        [
            7,
            7
        ],
        [
            8,
            8
        ],
        [
            9,
            9
        ],
        [
            10,
            10
        ]
    ],
    "similarity": 0.28
}