{
    "coords": [
        [
            44.16388273947656,
            64.85394095696512
        ],
        [
            22.927769581978165,
            32.623366697644315
        ],
        [
            68.52142655685695,
            28.939145831753596
        ],
        [
            17.458320493557245,
            62.13105365862282
        ],
        [
            72.67633520322609,
            68.2460733477264
        ],
        [
            76.19264074447224,
            32.714506527346046
        ],
        [
            78.76820305468057,
            61.02535410964917
        ],
        [
            88.35571161397122,
            44.385309785161446
        ],
        [
            20.5821088659419,
            45.742740429882446
        ],
        [
            68.02583302814328,
            44.84632368371628
        ],
        [
            47.47151320899881,
            32.58730925737341
        ]
    ],
    "edges": [
        [
            1,
            2
        ],
        [
            2,
            1
        ],
        [
            1,
            3
        ],
        [
            3,
            1
        ],
        [
            2,
            4
        ],
        [
            4,
            2
        ],
        [
            3,
            4
        ],
        [
            4,
            3
        ],
        [
            8,
            9
        ],
        [
            9,
            8
        ],
        [
            10,
            0
        ],
        [
            0,
            10
        ],
        [
            1,
            4
        ],
        [
            4,
            1
        ],
        [
            3,
            2
        ],
        [
            2,
            3
        ],
        [
            2,
            7
        ],
        [
            7,
            2
        ],
        [
            4,
            7
        ],
        [
            7,
            4
        ],
        [
            9,
            7
        ],
        [
            7,
            9
        ],
        [
            5,
            6
        ],
        [
            6,
            5
        ],
        [
            0,
            0
        ],
        [
            1,
            1
        ],
        [
            2,
            2
        ],
        [
            3,
            3
        ],
        [
            4,
            4
        ],
        [
            5,
            5
        ],
        [
            6,
            6
        ],
        [
            7,
            7
        ],
        [
            8,
            8
        ],
        [
            9,
            9
        ],
        [
            10,
            10
        ]
    ],
    "similarity": 0.28
}