{
    "coords": [
        [
            19.21616935441409,
            64.28788394286398
        ],
        [
            71.80143901960116,
            68.88991335718467
        ],
        [
            19.767994668432607,
            27.334330075516387
        ],
        [
            66.98232063436923,
            27.370116445969888
        ]
    ],
    "edges": [
        [
            2,
            3
        ],
        [
            3,
            2
        ],
        [
            2,
            0
        ],
        [
            0,
            2
        ],
        [
            3,
            1
        ],
        [
            1,
            3
        ],
        [
            0,
            1
        ],
        [
            1,
            0
        ],
        [
            0,
            0
        ],
        [
            1,
            1
        ],
        [
            2,
            2
        ],
        [
            3,
            3
        ]
    ],
    "similarity": 0.06
}