{
    "coords": [
        [
            22.758518265543795,
            60.54329405871129
        ],
        [
            69.50432503250315,
            64.23440469048772
        ],
        [
            18.224460086403987,
            29.650387790890726
        ],
        [
            69.36331639528899,
            29.41097818446326
        ]
    ],
    "edges": [
        [
            2,
            3
        ],
        [
            3,
            2
        ],
        [
            2,
            0
        ],
        [
            0,
            2
        ],
        [
            3,
            1
        ],
        [
            1,
            3
        ],
        [
            0,
            1
        ],
        [
            1,
            0
        ],
        [
            0,
            0
        ],
        [
            1,
            1
        ],
        [
            2,
            2
        ],
        [
            3,
            3
        ]
    ],
    "similarity": 0.02
}