{
    "coords": [
        [
            46.02752718232302,
            66.90729517485678
        ],
        [
            43.423399037216285,
            19.99336401589599
        ],
        [
            28.144515614781348,
            36.33696025751522
        ],
        [
            20.353910412977623,
            29.12948466988235
        ],
        [
            71.22216669789661,
            28.20379189339139
        ],
        [
            19.53467856495839,
            65.83355761727334
        ],
        [
            70.35159222664318,
            65.77730419165572
        ],
        [
            75.22473398658309,
            36.4348352133233
        ],
        [
            19.37147464119347,
            38.758613900412094
        ],
        [
            74.57463789658813,
            62.15278087425682
        ],
        [
            88.03227507376347,
            45.32946692073045
        ],
        [
            28.156477306926558,
            56.416467409972
        ],
        [
            22.111843774972275,
            49.348796954340685
        ],
        [
            69.76465966561085,
            45.80190238343319
        ],
        [
            21.838476034485357,
            58.87030764128089
        ],
        [
            44.61407584055025,
            28.36805764839427
        ]
    ],
    "edges": [
        [
            3,
            4
        ],
        [
            4,
            3
        ],
        [
            3,
            5
        ],
        [
            5,
            3
        ],
        [
            4,
            6
        ],
        [
            6,
            4
        ],
        [
            5,
            6
        ],
        [
            6,
            5
        ],
        [
            12,
            13
        ],
        [
            13,
            12
        ],
        [
            15,
            0
        ],
        [
            0,
            15
        ],
        [
            3,
            6
        ],
        [
            6,
            3
        ],
        [
            5,
            4
        ],
        [
            4,
            5
        ],
        [
            4,
            10
        ],
        [
            10,
            4
        ],
        [
            6,
            10
        ],
        [
            10,
            6
        ],
        [
            13,
            10
        ],
        [
            10,
            13
        ],
        [
            7,
            9
        ],
        [
            9,
            7
        ],
        [
            1,
            4
        ],
        [
            4,
            1
        ],
        [
            1,
            15
        ],
        [
            15,
            1
        ],
        [
            8,
            2
        ],
        [
            2,
            8
        ],
        [
            14,
            11
        ],
        [
            11,
            14
        ],
        [
            2,
            11
        ],
        [
            11,
            2
        ],
        [
            8,
            11
        ],
        [
            11,
            8
        ],
        [
            0,
            0
        ],
        [
            1,
            1
        ],
        [
            2,
            2
        ],
        [
            3,
            3
        ],
        [
            4,
            4
        ],
        [
            5,
            5
        ],
        [
            6,
            6
        ],
        [
            7,
            7
        ],
        [
            8,
            8
        ],
        [
            9,
            9
        ],
        [
            10,
            10
        ],
        [
            11,
            11
        ],
        [
            12,
            12
        ],
        [
            13,
            13
        ],
        [
            14,
            14
        ],
        [
            15,
            15
        ]
    ],
    "similarity": 0.56
}