{
    "coords": [
        [
            44.147988178338714,
            64.06091875265479
        ],
        [
            43.25724726423429,
            20.862531800458704
        ],
        [
            19.872508905962412,
            33.06827919788601
        ],
        [
            67.63681594856378,
            29.469190936769873
        ],
        [
            22.50713138175996,
            67.89725343794636
        ],
        [
            70.3415634416138,
            67.60965714150048
        ],
        [
            75.36544392311906,
            37.952707419031924
        ],
        [
            19.19003070125455,
            35.83182504940834
        ],
        [
            17.38988900100987,
            54.795963629594695
        ],
        [
            78.12258682239741,
            60.055756703354206
        ],
        [
            91.27863701355871,
            45.106164992101
        ],
        [
            32.278085893301494,
            53.344566608221946
        ],
        [
            29.644301862628534,
            38.522027009276236
        ],
        [
            17.18329638588001,
            46.01635461385756
        ],
        [
            70.58542459801443,
            48.296252558184584
        ],
        [
            46.25008524840467,
            31.48345392104343
        ]
    ],
    "edges": [
        [
            2,
            3
        ],
        [
            3,
            2
        ],
        [
            2,
            4
        ],
        [
            4,
            2
        ],
        [
            3,
            5
        ],
        [
            5,
            3
        ],
        [
            4,
            5
        ],
        [
            5,
            4
        ],
        [
            13,
            14
        ],
        [
            14,
            13
        ],
        [
            15,
            0
        ],
        [
            0,
            15
        ],
        [
            2,
            5
        ],
        [
            5,
            2
        ],
        [
            4,
            3
        ],
        [
            3,
            4
        ],
        [
            3,
            10
        ],
        [
            10,
            3
        ],
        [
            5,
            10
        ],
        [
            10,
            5
        ],
        [
            14,
            10
        ],
        [
            10,
            14
        ],
        [
            6,
            9
        ],
        [
            9,
            6
        ],
        [
            1,
            3
        ],
        [
            3,
            1
        ],
        [
            1,
            15
        ],
        [
            15,
            1
        ],
        [
            7,
            12
        ],
        [
            12,
            7
        ],
        [
            8,
            11
        ],
        [
            11,
            8
        ],
        [
            12,
            11
        ],
        [
            11,
            12
        ],
        [
            7,
            12
        ],
        [
            12,
            7
        ],
        [
            7,
            11
        ],
        [
            11,
            7
        ],
        [
            12,
            8
        ],
        [
            8,
            12
        ],
        [
            0,
            0
        ],
        [
            1,
            1
        ],
        [
            2,
            2
        ],
        [
            3,
            3
        ],
        [
            4,
            4
        ],
        [
            5,
            5
        ],
        [
            6,
            6
        ],
        [
            7,
            7
        ],
        [
            8,
            8
        ],
        [
            9,
            9
        ],
        [
            10,
            10
        ],
        [
            11,
            11
        ],
        [
            12,
            12
        ],
        [
            13,
            13
        ],
        [
            14,
            14
        ],
        [
            15,
            15
        ]
    ],
    "similarity": 0.38
}