{
    "coords": [
        [
            46.59885595735686,
            63.2824886150082
        ],
        [
            42.822921995957515,
            17.32589047221039
        ],
        [
            19.209075840394867,
            32.56688613281734
        ],
        [
            67.99992379852154,
            32.04553861307306
        ],
        [
            18.145783578820634,
            62.337278215758346
        ],
        [
            72.38576140095658,
            65.83652810385698
        ],
        [
            77.7052430647109,
            37.148538197184365
        ],
        [
            22.576270650925505,
            39.15082569635114
        ],
        [
            21.557087500619645,
            56.53505068264707
        ],
        [
            75.17635977973602,
            61.2082465050601
        ],
        [
            88.46217410709697,
            49.99548305054621
        ],
        [
            30.573206964369113,
            53.67378373903287
        ],
        [
            30.783297255747588,
            40.36233252980758
        ],
        [
            18.412408117565647,
            47.9431151938289
        ],
        [
            67.98752349890913,
            47.12437195218146
        ],
        [
            46.36229438776421,
            29.302162699049482
        ]
    ],
    "edges": [
        [
            2,
            3
        ],
        [
            3,
            2
        ],
        [
            2,
            4
        ],
        [
            4,
            2
        ],
        [
            3,
            5
        ],
        [
            5,
            3
        ],
        [
            4,
            5
        ],
        [
            5,
            4
        ],
        [
            13,
            14
        ],
        [
            14,
            13
        ],
        [
            15,
            0
        ],
        [
            0,
            15
        ],
        [
            2,
            5
        ],
        [
            5,
            2
        ],
        [
            4,
            3
        ],
        [
            3,
            4
        ],
        [
            3,
            10
        ],
        [
            10,
            3
        ],
        [
            5,
            10
        ],
        [
            10,
            5
        ],
        [
            14,
            10
        ],
        [
            10,
            14
        ],
        [
            6,
            9
        ],
        [
            9,
            6
        ],
        [
            1,
            3
        ],
        [
            3,
            1
        ],
        [
            1,
            15
        ],
        [
            15,
            1
        ],
        [
            7,
            12
        ],
        [
            12,
            7
        ],
        [
            8,
            11
        ],
        [
            11,
            8
        ],
        [
            12,
            11
        ],
        [
            11,
            12
        ],
        [
            7,
            12
        ],
        [
            12,
            7
        ],
        [
            0,
            0
        ],
        [
            1,
            1
        ],
        [
            2,
            2
        ],
        [
            3,
            3
        ],
        [
            4,
            4
        ],
        [
            5,
            5
        ],
        [
            6,
            6
        ],
        [
            7,
            7
        ],
        [
            8,
            8
        ],
        [
            9,
            9
        ],
        [
            10,
            10
        ],
        [
            11,
            11
        ],
        [
            12,
            12
        ],
        [
            13,
            13
        ],
        [
            14,
            14
        ],
        [
            15,
            15
        ]
    ],
    "similarity": 0.4
}