{
    "coords": [
        [
            46.35267121857513,
            64.96098567952816
        ],
        [
            44.39072755320995,
            22.886957797862955
        ],
        [
            18.914953463989573,
            32.74347662059655
        ],
        [
            67.3896539268204,
            30.567646226800647
        ],
        [
            19.328468645744323,
            63.42046846016841
        ],
        [
            71.87277635098403,
            67.51305706794108
        ],
        [
            73.00942465247603,
            33.729972274747595
        ],
        [
            22.072745927782243,
            35.30058242503047
        ],
        [
            20.54466020090161,
            58.65000221237731
        ],
        [
            76.22296031890669,
            60.981223558676724
        ],
        [
            89.14909958149089,
            45.06628625885822
        ],
        [
            35.285870307414164,
            58.622506348736444
        ],
        [
            32.97314378030161,
            38.313819508477536
        ],
        [
            17.73754458902266,
            47.060213332553765
        ],
        [
            71.75303893396756,
            45.26864253083339
        ],
        [
            43.29950339211262,
            27.50776833863248
        ]
    ],
    "edges": [
        [
            2,
            3
        ],
        [
            3,
            2
        ],
        [
            2,
            4
        ],
        [
            4,
            2
        ],
        [
            3,
            5
        ],
        [
            5,
            3
        ],
        [
            4,
            5
        ],
        [
            5,
            4
        ],
        [
            13,
            14
        ],
        [
            14,
            13
        ],
        [
            15,
            0
        ],
        [
            0,
            15
        ],
        [
            2,
            5
        ],
        [
            5,
            2
        ],
        [
            4,
            3
        ],
        [
            3,
            4
        ],
        [
            3,
            10
        ],
        [
            10,
            3
        ],
        [
            5,
            10
        ],
        [
            10,
            5
        ],
        [
            14,
            10
        ],
        [
            10,
            14
        ],
        [
            6,
            9
        ],
        [
            9,
            6
        ],
        [
            1,
            3
        ],
        [
            3,
            1
        ],
        [
            1,
            15
        ],
        [
            15,
            1
        ],
        [
            7,
            12
        ],
        [
            12,
            7
        ],
        [
            8,
            11
        ],
        [
            11,
            8
        ],
        [
            12,
            11
        ],
        [
            11,
            12
        ],
        [
            7,
            12
        ],
        [
            12,
            7
        ],
        [
            7,
            11
        ],
        [
            11,
            7
        ],
        [
            12,
            8
        ],
        [
            8,
            12
        ],
        [
            0,
            0
        ],
        [
            1,
            1
        ],
        [
            2,
            2
        ],
        [
            3,
            3
        ],
        [
            4,
            4
        ],
        [
            5,
            5
        ],
        [
            6,
            6
        ],
        [
            7,
            7
        ],
        [
            8,
            8
        ],
        [
            9,
            9
        ],
        [
            10,
            10
        ],
        [
            11,
            11
        ],
        [
            12,
            12
        ],
        [
            13,
            13
        ],
        [
            14,
            14
        ],
        [
            15,
            15
        ]
    ],
    "similarity": 0.4
}