{
    "coords": [
        [
            42.364721675403146,
            67.72939658801084
        ],
        [
            21.27072344382367,
            34.06170510156005
        ],
        [
            66.63593541278755,
            27.337760976217876
        ],
        [
            23.52884627114116,
            68.04094120955665
        ],
        [
            68.1732841333606,
            61.88611910430675
        ],
        [
            18.551333906732946,
            47.11543367164537
        ],
        [
            73.76286672670336,
            51.441895806279724
        ],
        [
            47.46577183052408,
            26.92094977309017
        ]
    ],
    "edges": [
        [
            1,
            2
        ],
        [
            2,
            1
        ],
        [
            1,
            3
        ],
        [
            3,
            1
        ],
        [
            2,
            4
        ],
        [
            4,
            2
        ],
        [
            3,
            4
        ],
        [
            4,
            3
        ],
        [
            5,
            6
        ],
        [
            6,
            5
        ],
        [
            7,
            0
        ],
        [
            0,
            7
        ],
        [
            1,
            4
        ],
        [
            4,
            1
        ],
        [
            3,
            2
        ],
        [
            2,
            3
        ],
        [
            0,
            0
        ],
        [
            1,
            1
        ],
        [
            2,
            2
        ],
        [
            3,
            3
        ],
        [
            4,
            4
        ],
        [
            5,
            5
        ],
        [
            6,
            6
        ],
        [
            7,
            7
        ]
    ],
    "similarity": 0.16
}