{
    "coords": [
        [
            46.761654509078475,
            62.13886349557209
        ],
        [
            42.07263649124298,
            22.317524911076408
        ],
        [
            18.397344861712316,
            28.22143872185182
        ],
        [
            69.85960591674443,
            32.884088595900586
        ],
        [
            19.70429569246447,
            65.6282406441044
        ],
        [
            71.75049243036942,
            68.49271571495036
        ],
        [
            75.60358581777527,
            33.26963953190356
        ],
        [
            77.54954502350182,
            59.465681276556055
        ],
        [
            87.91198919432755,
            47.42372597991225
        ],
        [
            20.159281922318137,
            48.8679295955867
        ],
        [
            67.86105554589726,
            49.99796787237063
        ],
        [
            43.61800071354542,
            30.591718338514884
        ]
    ],
    "edges": [
        [
            2,
            3
        ],
        [
            3,
            2
        ],
        [
            2,
            4
        ],
        [
            4,
            2
        ],
        [
            3,
            5
        ],
        [
            5,
            3
        ],
        [
            4,
            5
        ],
        [
            5,
            4
        ],
        [
            9,
            10
        ],
        [
            10,
            9
        ],
        [
            11,
            0
        ],
        [
            0,
            11
        ],
        [
            2,
            5
        ],
        [
            5,
            2
        ],
        [
            4,
            3
        ],
        [
            3,
            4
        ],
        [
            3,
            8
        ],
        [
            8,
            3
        ],
        [
            5,
            8
        ],
        [
            8,
            5
        ],
        [
            10,
            8
        ],
        [
            8,
            10
        ],
        [
            6,
            7
        ],
        [
            7,
            6
        ],
        [
            1,
            3
        ],
        [
            3,
            1
        ],
        [
            1,
            11
        ],
        [
            11,
            1
        ],
        [
            0,
            0
        ],
        [
            1,
            1
        ],
        [
            2,
            2
        ],
        [
            3,
            3
        ],
        [
            4,
            4
        ],
        [
            5,
            5
        ],
        [
            6,
            6
        ],
        [
            7,
            7
        ],
        [
            8,
            8
        ],
        [
            9,
            9
        ],
        [
            10,
            10
        ],
        [
            11,
            11
        ]
    ],
    "similarity": 0.3
}