{
    "coords": [
        [
            45.520182966845404,
            62.34923954838752
        ],
        [
            42.819851783796544,
            21.088269836469166
        ],
        [
            22.52290993217137,
            32.61527999626797
        ],
        [
            71.99547306358382,
            27.241927547799815
        ],
        [
            21.231309976660846,
            62.03908863151821
        ],
        [
            69.63946789009145,
            67.14895713014748
        ],
        [
            75.72777367725296,
            37.486338054411405
        ],
        [
            21.28226958606218,
            38.90938696365225
        ],
        [
            22.608397799549344,
            56.10512160895129
        ],
        [
            73.06893848636336,
            60.00654146284609
        ],
        [
            90.05548906390273,
            48.951288725963366
        ],
        [
            31.086118710309794,
            57.403666576533325
        ],
        [
            29.399995215243578,
            36.03883435703564
        ],
        [
            18.244604198274104,
            44.95131111404098
        ],
        [
            68.24966849248288,
            49.85380014193691
        ],
        [
            46.03134573158377,
            31.33382200663688
        ]
    ],
    "edges": [
        [
            2,
            3
        ],
        [
            3,
            2
        ],
        [
            2,
            4
        ],
        [
            4,
            2
        ],
        [
            3,
            5
        ],
        [
            5,
            3
        ],
        [
            4,
            5
        ],
        [
            5,
            4
        ],
        [
            13,
            14
        ],
        [
            14,
            13
        ],
        [
            15,
            0
        ],
        [
            0,
            15
        ],
        [
            2,
            5
        ],
        [
            5,
            2
        ],
        [
            4,
            3
        ],
        [
            3,
            4
        ],
        [
            3,
            10
        ],
        [
            10,
            3
        ],
        [
            5,
            10
        ],
        [
            10,
            5
        ],
        [
            14,
            10
        ],
        [
            10,
            14
        ],
        [
            6,
            9
        ],
        [
            9,
            6
        ],
        [
            1,
            3
        ],
        [
            3,
            1
        ],
        [
            1,
            15
        ],
        [
            15,
            1
        ],
        [
            7,
            12
        ],
        [
            12,
            7
        ],
        [
            8,
            11
        ],
        [
            11,
            8
        ],
        [
            12,
            11
        ],
        [
            11,
            12
        ],
        [
            7,
            12
        ],
        [
            12,
            7
        ],
        [
            0,
            0
        ],
        [
            1,
            1
        ],
        [
            2,
            2
        ],
        [
            3,
            3
        ],
        [
            4,
            4
        ],
        [
            5,
            5
        ],
        [
            6,
            6
        ],
        [
            7,
            7
        ],
        [
            8,
            8
        ],
        [
            9,
            9
        ],
        [
            10,
            10
        ],
        [
            11,
            11
        ],
        [
            12,
            12
        ],
        [
            13,
            13
        ],
        [
            14,
            14
        ],
        [
            15,
            15
        ]
    ],
    "similarity": 0.39
}