{
    "coords": [
        [
            42.59002022608526,
            65.91779071262606
        ],
        [
            17.88351113829832,
            28.386239657197667
        ],
        [
            69.22514090150574,
            32.54563229721556
        ],
        [
            16.938781641870847,
            63.908761843297945
        ],
        [
            71.87918753587206,
            64.19691439793503
        ],
        [
            89.59034626259894,
            48.21562616367032
        ],
        [
            17.739015448625388,
            45.97429918496259
        ],
        [
            72.86371903201719,
            49.2978932488483
        ],
        [
            46.53694518249058,
            32.044396525156685
        ]
    ],
    "edges": [
        [
            1,
            2
        ],
        [
            2,
            1
        ],
        [
            1,
            3
        ],
        [
            3,
            1
        ],
        [
            2,
            4
        ],
        [
            4,
            2
        ],
        [
            3,
            4
        ],
        [
            4,
            3
        ],
        [
            6,
            7
        ],
        [
            7,
            6
        ],
        [
            8,
            0
        ],
        [
            0,
            8
        ],
        [
            1,
            4
        ],
        [
            4,
            1
        ],
        [
            3,
            2
        ],
        [
            2,
            3
        ],
        [
            2,
            5
        ],
        [
            5,
            2
        ],
        [
            4,
            5
        ],
        [
            5,
            4
        ],
        [
            0,
            0
        ],
        [
            1,
            1
        ],
        [
            2,
            2
        ],
        [
            3,
            3
        ],
        [
            4,
            4
        ],
        [
            5,
            5
        ],
        [
            6,
            6
        ],
        [
            7,
            7
        ],
        [
            8,
            8
        ]
    ],
    "similarity": 0.22
}