{
    "coords": [
        [
            44.40985319049558,
            63.30761801785597
        ],
        [
            16.51071850825168,
            33.56054169957762
        ],
        [
            66.6230187398147,
            33.08793280587961
        ],
        [
            20.1442325269034,
            63.85518577825006
        ],
        [
            69.00870195024218,
            64.63093047469303
        ],
        [
            22.004238115249695,
            50.522638837865664
        ],
        [
            73.43379224093894,
            51.59499744806724
        ],
        [
            43.62660641542819,
            28.31817073466197
        ]
    ],
    "edges": [
        [
            1,
            2
        ],
        [
            2,
            1
        ],
        [
            1,
            3
        ],
        [
            3,
            1
        ],
        [
            2,
            4
        ],
        [
            4,
            2
        ],
        [
            3,
            4
        ],
        [
            4,
            3
        ],
        [
            5,
            6
        ],
        [
            6,
            5
        ],
        [
            7,
            0
        ],
        [
            0,
            7
        ],
        [
            0,
            0
        ],
        [
            1,
            1
        ],
        [
            2,
            2
        ],
        [
            3,
            3
        ],
        [
            4,
            4
        ],
        [
            5,
            5
        ],
        [
            6,
            6
        ],
        [
            7,
            7
        ]
    ],
    "similarity": 0.14
}