{
    "coords": [
        [
            18.920782613926963,
            75.05850767203339
        ],
        [
            75.87068594810287,
            35.217556057163
        ],
        [
            76.61192958498347,
            60.24785646600316
        ],
        [
            91.12289102911838,
            48.52395303109696
        ],
        [
            20.672515325554194,
            47.46610031197874
        ],
        [
            45.5787531196467,
            65.9627514177096
        ],
        [
            30.27566041346161,
            36.930254125380046
        ],
        [
            70.05454445823823,
            30.64776203657421
        ],
        [
            30.93082119878884,
            58.22497003742214
        ],
        [
            29.2988567583498,
            64.46400781760329
        ],
        [
            21.01949481601509,
            31.2880261759074
        ],
        [
            71.01774473334696,
            64.93950369337573
        ],
        [
            19.95065747034764,
            36.42448749157566
        ],
        [
            30.6789371031965,
            73.99948303587539
        ],
        [
            20.957171662771355,
            57.19751836414538
        ],
        [
            46.282808100064535,
            20.040105427908223
        ],
        [
            20.247836126594496,
            64.49967772118532
        ],
        [
            69.75883393556164,
            46.25586036001934
        ],
        [
            43.86491575654779,
            30.738112351047185
        ]
    ],
    "edges": [
        [
            10,
            7
        ],
        [
            7,
            10
        ],
        [
            10,
            16
        ],
        [
            16,
            10
        ],
        [
            7,
            11
        ],
        [
            11,
            7
        ],
        [
            16,
            11
        ],
        [
            11,
            16
        ],
        [
            4,
            17
        ],
        [
            17,
            4
        ],
        [
            18,
            5
        ],
        [
            5,
            18
        ],
        [
            10,
            11
        ],
        [
            11,
            10
        ],
        [
            16,
            7
        ],
        [
            7,
            16
        ],
        [
            7,
            3
        ],
        [
            3,
            7
        ],
        [
            11,
            3
        ],
        [
            3,
            11
        ],
        [
            17,
            3
        ],
        [
            3,
            17
        ],
        [
            1,
            2
        ],
        [
            2,
            1
        ],
        [
            15,
            7
        ],
        [
            7,
            15
        ],
        [
            15,
            18
        ],
        [
            18,
            15
        ],
        [
            12,
            6
        ],
        [
            6,
            12
        ],
        [
            14,
            8
        ],
        [
            8,
            14
        ],
        [
            6,
            8
        ],
        [
            8,
            6
        ],
        [
            12,
            8
        ],
        [
            8,
            12
        ],
        [
            6,
            14
        ],
        [
            14,
            6
        ],
        [
            16,
            0
        ],
        [
            0,
            16
        ],
        [
            9,
            13
        ],
        [
            13,
            9
        ],
        [
            0,
            0
        ],
        [
            1,
            1
        ],
        [
            2,
            2
        ],
        [
            3,
            3
        ],
        [
            4,
            4
        ],
        [
            5,
            5
        ],
        [
            6,
            6
        ],
        [
            7,
            7
        ],
        [
            8,
            8
        ],
        [
            9,
            9
        ],
        [
            10,
            10
        ],
        [
            11,
            11
        ],
        [
            12,
            12
        ],
        [
            13,
            13
        ],
        [
            14,
            14
        ],
        [
            15,
            15
        ],
        [
            16,
            16
        ],
        [
            17,
            17
        ],
        [
            18,
            18
        ]
    ],
    "similarity": 0.74
}