{
    "coords": [
        [
            17.84233981896142,
            40.720869277594865
        ],
        [
            18.437665707944724,
            72.55411232607076
        ],
        [
            76.37765107270141,
            32.41508283732604
        ],
        [
            77.20485015831834,
            59.74683298441451
        ],
        [
            87.78026087818981,
            46.77166184332025
        ],
        [
            20.412363894155767,
            49.44346888484306
        ],
        [
            47.44331696616186,
            67.18258211334508
        ],
        [
            71.44951554774143,
            29.018364139309526
        ],
        [
            21.5742677166558,
            54.0540453919514
        ],
        [
            32.57118981088865,
            54.54553674000794
        ],
        [
            34.334823821421566,
            40.19843857851258
        ],
        [
            28.87777122634914,
            67.64080882618198
        ],
        [
            19.268636250352824,
            28.36347793491868
        ],
        [
            70.2960024878272,
            64.55793937622879
        ],
        [
            32.14081368129072,
            73.75449778180007
        ],
        [
            47.37024760466151,
            19.445922853440727
        ],
        [
            19.510199387065892,
            66.10915936248351
        ],
        [
            70.79134157315134,
            48.388506762568795
        ],
        [
            45.162954035239785,
            27.9923838513692
        ]
    ],
    "edges": [
        [
            12,
            7
        ],
        [
            7,
            12
        ],
        [
            12,
            16
        ],
        [
            16,
            12
        ],
        [
            7,
            13
        ],
        [
            13,
            7
        ],
        [
            16,
            13
        ],
        [
            13,
            16
        ],
        [
            5,
            17
        ],
        [
            17,
            5
        ],
        [
            18,
            6
        ],
        [
            6,
            18
        ],
        [
            12,
            13
        ],
        [
            13,
            12
        ],
        [
            16,
            7
        ],
        [
            7,
            16
        ],
        [
            7,
            4
        ],
        [
            4,
            7
        ],
        [
            13,
            4
        ],
        [
            4,
            13
        ],
        [
            17,
            4
        ],
        [
            4,
            17
        ],
        [
            2,
            3
        ],
        [
            3,
            2
        ],
        [
            15,
            7
        ],
        [
            7,
            15
        ],
        [
            15,
            18
        ],
        [
            18,
            15
        ],
        [
            0,
            10
        ],
        [
            10,
            0
        ],
        [
            8,
            9
        ],
        [
            9,
            8
        ],
        [
            10,
            9
        ],
        [
            9,
            10
        ],
        [
            0,
            10
        ],
        [
            10,
            0
        ],
        [
            0,
            9
        ],
        [
            9,
            0
        ],
        [
            10,
            8
        ],
        [
            8,
            10
        ],
        [
            16,
            1
        ],
        [
            1,
            16
        ],
        [
            11,
            14
        ],
        [
            14,
            11
        ],
        [
            0,
            0
        ],
        [
            1,
            1
        ],
        [
            2,
            2
        ],
        [
            3,
            3
        ],
        [
            4,
            4
        ],
        [
            5,
            5
        ],
        [
            6,
            6
        ],
        [
            7,
            7
        ],
        [
            8,
            8
        ],
        [
            9,
            9
        ],
        [
            10,
            10
        ],
        [
            11,
            11
        ],
        [
            12,
            12
        ],
        [
            13,
            13
        ],
        [
            14,
            14
        ],
        [
            15,
            15
        ],
        [
            16,
            16
        ],
        [
            17,
            17
        ],
        [
            18,
            18
        ]
    ],
    "similarity": 0.46
}