{
    "coords": [
        [
            45.80555260152438,
            65.62303680357904
        ],
        [
            43.284489735519045,
            20.9984814149358
        ],
        [
            17.033884836364223,
            29.457111224669024
        ],
        [
            68.00833490263177,
            29.854020195653757
        ],
        [
            21.327267467390634,
            66.99656026890767
        ],
        [
            72.9879305917904,
            63.479418840664216
        ],
        [
            78.46864561183868,
            34.35012282609114
        ],
        [
            22.541526975592244,
            41.2050732972361
        ],
        [
            18.182859564663808,
            57.79219054852631
        ],
        [
            74.11949384527539,
            58.15593220538848
        ],
        [
            89.0025592572189,
            45.270215651184635
        ],
        [
            34.985390899408515,
            57.11845149709937
        ],
        [
            34.619540553168896,
            36.512571919255684
        ],
        [
            17.881427889413928,
            47.29637372519047
        ],
        [
            70.71655649974439,
            47.93950103406985
        ],
        [
            42.158750959183905,
            30.021618992908337
        ]
    ],
    "edges": [
        [
            2,
            3
        ],
        [
            3,
            2
        ],
        [
            2,
            4
        ],
        [
            4,
            2
        ],
        [
            3,
            5
        ],
        [
            5,
            3
        ],
        [
            4,
            5
        ],
        [
            5,
            4
        ],
        [
            13,
            14
        ],
        [
            14,
            13
        ],
        [
            15,
            0
        ],
        [
            0,
            15
        ],
        [
            2,
            5
        ],
        [
            5,
            2
        ],
        [
            4,
            3
        ],
        [
            3,
            4
        ],
        [
            3,
            10
        ],
        [
            10,
            3
        ],
        [
            5,
            10
        ],
        [
            10,
            5
        ],
        [
            14,
            10
        ],
        [
            10,
            14
        ],
        [
            6,
            9
        ],
        [
            9,
            6
        ],
        [
            1,
            3
        ],
        [
            3,
            1
        ],
        [
            1,
            15
        ],
        [
            15,
            1
        ],
        [
            7,
            12
        ],
        [
            12,
            7
        ],
        [
            8,
            11
        ],
        [
            11,
            8
        ],
        [
            12,
            11
        ],
        [
            11,
            12
        ],
        [
            7,
            12
        ],
        [
            12,
            7
        ],
        [
            0,
            0
        ],
        [
            1,
            1
        ],
        [
            2,
            2
        ],
        [
            3,
            3
        ],
        [
            4,
            4
        ],
        [
            5,
            5
        ],
        [
            6,
            6
        ],
        [
            7,
            7
        ],
        [
            8,
            8
        ],
        [
            9,
            9
        ],
        [
            10,
            10
        ],
        [
            11,
            11
        ],
        [
            12,
            12
        ],
        [
            13,
            13
        ],
        [
            14,
            14
        ],
        [
            15,
            15
        ]
    ],
    "similarity": 0.39
}