{
    "coords": [
        [
            43.47781586650796,
            64.47501527950044
        ],
        [
            43.570523273921026,
            20.862860156872138
        ],
        [
            28.961085665331566,
            38.007341619193184
        ],
        [
            19.371097237776077,
            31.476321606774096
        ],
        [
            68.8550843413598,
            29.26019739420866
        ],
        [
            20.952769400358612,
            65.61025191861346
        ],
        [
            70.93020655052828,
            65.61623729680024
        ],
        [
            74.87277538603382,
            33.403952325739304
        ],
        [
            19.31283764758705,
            36.671933993994244
        ],
        [
            20.72602787862631,
            76.1149758715384
        ],
        [
            76.3389672571689,
            60.89770336124819
        ],
        [
            91.28546962850488,
            48.21826407193551
        ],
        [
            31.342735323066915,
            57.53116677305224
        ],
        [
            20.38691878637754,
            47.327569597293845
        ],
        [
            70.45710165572694,
            48.71961948310059
        ],
        [
            20.930048942964227,
            57.07386719623353
        ],
        [
            44.7297873507086,
            30.54144052494353
        ]
    ],
    "edges": [
        [
            3,
            4
        ],
        [
            4,
            3
        ],
        [
            3,
            5
        ],
        [
            5,
            3
        ],
        [
            4,
            6
        ],
        [
            6,
            4
        ],
        [
            5,
            6
        ],
        [
            6,
            5
        ],
        [
            13,
            14
        ],
        [
            14,
            13
        ],
        [
            16,
            0
        ],
        [
            0,
            16
        ],
        [
            3,
            6
        ],
        [
            6,
            3
        ],
        [
            5,
            4
        ],
        [
            4,
            5
        ],
        [
            4,
            11
        ],
        [
            11,
            4
        ],
        [
            6,
            11
        ],
        [
            11,
            6
        ],
        [
            14,
            11
        ],
        [
            11,
            14
        ],
        [
            7,
            10
        ],
        [
            10,
            7
        ],
        [
            1,
            4
        ],
        [
            4,
            1
        ],
        [
            1,
            16
        ],
        [
            16,
            1
        ],
        [
            8,
            2
        ],
        [
            2,
            8
        ],
        [
            15,
            12
        ],
        [
            12,
            15
        ],
        [
            2,
            12
        ],
        [
            12,
            2
        ],
        [
            8,
            12
        ],
        [
            12,
            8
        ],
        [
            2,
            15
        ],
        [
            15,
            2
        ],
        [
            5,
            9
        ],
        [
            9,
            5
        ],
        [
            0,
            0
        ],
        [
            1,
            1
        ],
        [
            2,
            2
        ],
        [
            3,
            3
        ],
        [
            4,
            4
        ],
        [
            5,
            5
        ],
        [
            6,
            6
        ],
        [
            7,
            7
        ],
        [
            8,
            8
        ],
        [
            9,
            9
        ],
        [
            10,
            10
        ],
        [
            11,
            11
        ],
        [
            12,
            12
        ],
        [
            13,
            13
        ],
        [
            14,
            14
        ],
        [
            15,
            15
        ],
        [
            16,
            16
        ]
    ],
    "similarity": 0.67
}