{
    "coords": [
        [
            46.085909053593134,
            66.40958574870906
        ],
        [
            46.08780869491963,
            21.031081616175108
        ],
        [
            30.29632262629794,
            39.10848306916622
        ],
        [
            19.88098721213201,
            28.556368161378824
        ],
        [
            72.18075166117524,
            31.085001939223716
        ],
        [
            22.090273204384626,
            66.4199009790214
        ],
        [
            70.51704205840717,
            63.618778925507726
        ],
        [
            76.70538172949988,
            35.47574586261517
        ],
        [
            19.605916190073437,
            36.34884313822583
        ],
        [
            77.63719600171711,
            58.631020944173265
        ],
        [
            88.80668970275903,
            46.12993513609482
        ],
        [
            29.02234638138818,
            56.50788760186054
        ],
        [
            19.783645650128136,
            49.495137921302046
        ],
        [
            68.78887031801291,
            48.316622240084286
        ],
        [
            19.484193157286434,
            57.16204137436773
        ],
        [
            42.83541451477881,
            30.4993407778624
        ]
    ],
    "edges": [
        [
            3,
            4
        ],
        [
            4,
            3
        ],
        [
            3,
            5
        ],
        [
            5,
            3
        ],
        [
            4,
            6
        ],
        [
            6,
            4
        ],
        [
            5,
            6
        ],
        [
            6,
            5
        ],
        [
            12,
            13
        ],
        [
            13,
            12
        ],
        [
            15,
            0
        ],
        [
            0,
            15
        ],
        [
            3,
            6
        ],
        [
            6,
            3
        ],
        [
            5,
            4
        ],
        [
            4,
            5
        ],
        [
            4,
            10
        ],
        [
            10,
            4
        ],
        [
            6,
            10
        ],
        [
            10,
            6
        ],
        [
            13,
            10
        ],
        [
            10,
            13
        ],
        [
            7,
            9
        ],
        [
            9,
            7
        ],
        [
            1,
            4
        ],
        [
            4,
            1
        ],
        [
            1,
            15
        ],
        [
            15,
            1
        ],
        [
            8,
            2
        ],
        [
            2,
            8
        ],
        [
            14,
            11
        ],
        [
            11,
            14
        ],
        [
            2,
            11
        ],
        [
            11,
            2
        ],
        [
            0,
            0
        ],
        [
            1,
            1
        ],
        [
            2,
            2
        ],
        [
            3,
            3
        ],
        [
            4,
            4
        ],
        [
            5,
            5
        ],
        [
            6,
            6
        ],
        [
            7,
            7
        ],
        [
            8,
            8
        ],
        [
            9,
            9
        ],
        [
            10,
            10
        ],
        [
            11,
            11
        ],
        [
            12,
            12
        ],
        [
            13,
            13
        ],
        [
            14,
            14
        ],
        [
            15,
            15
        ]
    ],
    "similarity": 0.55
}