{
    "coords": [
        [
            42.33630665794778,
            64.90637816167462
        ],
        [
            19.66133733044845,
            30.305810247406978
        ],
        [
            69.94010028322124,
            27.681665402838238
        ],
        [
            17.649306983539716,
            64.91311390055549
        ],
        [
            68.03687059400485,
            66.53801063368432
        ],
        [
            72.17820770215873,
            38.20773598384193
        ],
        [
            76.99646236451655,
            62.49888570030548
        ],
        [
            86.26223026009197,
            50.01546761274
        ],
        [
            19.219123654372726,
            45.71167144205349
        ],
        [
            67.9055693282459,
            45.92935834035998
        ],
        [
            46.56565099839232,
            26.98559189292165
        ]
    ],
    "edges": [
        [
            1,
            2
        ],
        [
            2,
            1
        ],
        [
            1,
            3
        ],
        [
            3,
            1
        ],
        [
            2,
            4
        ],
        [
            4,
            2
        ],
        [
            3,
            4
        ],
        [
            4,
            3
        ],
        [
            8,
            9
        ],
        [
            9,
            8
        ],
        [
            10,
            0
        ],
        [
            0,
            10
        ],
        [
            1,
            4
        ],
        [
            4,
            1
        ],
        [
            3,
            2
        ],
        [
            2,
            3
        ],
        [
            2,
            7
        ],
        [
            7,
            2
        ],
        [
            4,
            7
        ],
        [
            7,
            4
        ],
        [
            9,
            7
        ],
        [
            7,
            9
        ],
        [
            5,
            6
        ],
        [
            6,
            5
        ],
        [
            0,
            0
        ],
        [
            1,
            1
        ],
        [
            2,
            2
        ],
        [
            3,
            3
        ],
        [
            4,
            4
        ],
        [
            5,
            5
        ],
        [
            6,
            6
        ],
        [
            7,
            7
        ],
        [
            8,
            8
        ],
        [
            9,
            9
        ],
        [
            10,
            10
        ]
    ],
    "similarity": 0.25
}