{
    "coords": [
        [
            21.79482627562452,
            68.43499082053087
        ],
        [
            71.36831576036738,
            66.56114437913746
        ],
        [
            17.84940304038593,
            26.431330342773894
        ],
        [
            73.55369573751277,
            26.638258097709265
        ]
    ],
    "edges": [
        [
            2,
            3
        ],
        [
            3,
            2
        ],
        [
            2,
            0
        ],
        [
            0,
            2
        ],
        [
            3,
            1
        ],
        [
            1,
            3
        ],
        [
            0,
            1
        ],
        [
            1,
            0
        ],
        [
            0,
            0
        ],
        [
            1,
            1
        ],
        [
            2,
            2
        ],
        [
            3,
            3
        ]
    ],
    "similarity": 0.1
}