{
    "coords": [
        [
            43.996619508207615,
            66.7427994526631
        ],
        [
            45.24325912466274,
            22.91639700893461
        ],
        [
            20.292469991738475,
            30.287902644986644
        ],
        [
            66.99725222358967,
            32.715021170251084
        ],
        [
            18.54135663237123,
            63.444694153557606
        ],
        [
            68.2794689360108,
            65.09137876862064
        ],
        [
            75.00382178293924,
            33.333903054991126
        ],
        [
            78.92853593880746,
            59.80258824869613
        ],
        [
            91.79208541367707,
            48.66706047883677
        ],
        [
            17.07524977638588,
            49.464194542368304
        ],
        [
            70.34855507892618,
            44.2813206624375
        ],
        [
            47.07151549501717,
            32.935888169458295
        ]
    ],
    "edges": [
        [
            2,
            3
        ],
        [
            3,
            2
        ],
        [
            2,
            4
        ],
        [
            4,
            2
        ],
        [
            3,
            5
        ],
        [
            5,
            3
        ],
        [
            4,
            5
        ],
        [
            5,
            4
        ],
        [
            9,
            10
        ],
        [
            10,
            9
        ],
        [
            11,
            0
        ],
        [
            0,
            11
        ],
        [
            2,
            5
        ],
        [
            5,
            2
        ],
        [
            4,
            3
        ],
        [
            3,
            4
        ],
        [
            3,
            8
        ],
        [
            8,
            3
        ],
        [
            5,
            8
        ],
        [
            8,
            5
        ],
        [
            10,
            8
        ],
        [
            8,
            10
        ],
        [
            6,
            7
        ],
        [
            7,
            6
        ],
        [
            1,
            3
        ],
        [
            3,
            1
        ],
        [
            0,
            0
        ],
        [
            1,
            1
        ],
        [
            2,
            2
        ],
        [
            3,
            3
        ],
        [
            4,
            4
        ],
        [
            5,
            5
        ],
        [
            6,
            6
        ],
        [
            7,
            7
        ],
        [
            8,
            8
        ],
        [
            9,
            9
        ],
        [
            10,
            10
        ],
        [
            11,
            11
        ]
    ],
    "similarity": 0.3
}