{
    "coords": [
        [
            17.107134189199478,
            62.433859054935326
        ],
        [
            23.473825061795687,
            34.153318163380305
        ],
        [
            65.86248754264604,
            33.33861223433965
        ]
    ],
    "edges": [
        [
            1,
            2
        ],
        [
            2,
            1
        ],
        [
            1,
            0
        ],
        [
            0,
            1
        ],
        [
            0,
            0
        ],
        [
            1,
            1
        ],
        [
            2,
            2
        ]
    ],
    "similarity": 0.03
}