{
    "coords": [
        [
            46.22890371682021,
            66.18125407089252
        ],
        [
            18.06796748818931,
            27.719487889938218
        ],
        [
            69.03863948402763,
            27.759183305073144
        ],
        [
            19.553365378184083,
            62.08617115283151
        ],
        [
            68.29227144752508,
            65.61080992087318
        ],
        [
            73.44613562344772,
            33.28012828965176
        ],
        [
            78.03136664858452,
            59.61692447826359
        ],
        [
            86.65990107594014,
            44.707506754720356
        ],
        [
            16.63523425680145,
            44.755384232596526
        ],
        [
            70.97755099951823,
            48.72504628900424
        ],
        [
            43.289514755346836,
            29.831987662277925
        ]
    ],
    "edges": [
        [
            1,
            2
        ],
        [
            2,
            1
        ],
        [
            1,
            3
        ],
        [
            3,
            1
        ],
        [
            2,
            4
        ],
        [
            4,
            2
        ],
        [
            3,
            4
        ],
        [
            4,
            3
        ],
        [
            8,
            9
        ],
        [
            9,
            8
        ],
        [
            10,
            0
        ],
        [
            0,
            10
        ],
        [
            1,
            4
        ],
        [
            4,
            1
        ],
        [
            3,
            2
        ],
        [
            2,
            3
        ],
        [
            2,
            7
        ],
        [
            7,
            2
        ],
        [
            4,
            7
        ],
        [
            7,
            4
        ],
        [
            9,
            7
        ],
        [
            7,
            9
        ],
        [
            5,
            6
        ],
        [
            6,
            5
        ],
        [
            0,
            0
        ],
        [
            1,
            1
        ],
        [
            2,
            2
        ],
        [
            3,
            3
        ],
        [
            4,
            4
        ],
        [
            5,
            5
        ],
        [
            6,
            6
        ],
        [
            7,
            7
        ],
        [
            8,
            8
        ],
        [
            9,
            9
        ],
        [
            10,
            10
        ]
    ],
    "similarity": 0.25
}