{
    "coords": [
        [
            49.00748018171872,
            64.98967799442265
        ],
        [
            20.192268568342964,
            32.55518774954091
        ],
        [
            68.6545999296782,
            29.34093299045581
        ],
        [
            22.901525670867446,
            67.15618388939338
        ],
        [
            72.88696963751484,
            62.45621156180846
        ],
        [
            18.125244383012227,
            50.29815277637992
        ],
        [
            70.26897936968207,
            49.240266866279356
        ],
        [
            48.44466904817176,
            28.655794580893264
        ]
    ],
    "edges": [
        [
            1,
            2
        ],
        [
            2,
            1
        ],
        [
            1,
            3
        ],
        [
            3,
            1
        ],
        [
            2,
            4
        ],
        [
            4,
            2
        ],
        [
            3,
            4
        ],
        [
            4,
            3
        ],
        [
            5,
            6
        ],
        [
            6,
            5
        ],
        [
            7,
            0
        ],
        [
            0,
            7
        ],
        [
            1,
            4
        ],
        [
            4,
            1
        ],
        [
            3,
            2
        ],
        [
            2,
            3
        ],
        [
            0,
            0
        ],
        [
            1,
            1
        ],
        [
            2,
            2
        ],
        [
            3,
            3
        ],
        [
            4,
            4
        ],
        [
            5,
            5
        ],
        [
            6,
            6
        ],
        [
            7,
            7
        ]
    ],
    "similarity": 0.18
}