{
    "coords": [
        [
            43.46998645860805,
            35.939229660826065
        ],
        [
            19.18437081489863,
            37.60086127261442
        ],
        [
            20.6365414550967,
            75.50295861361954
        ],
        [
            33.42934674221296,
            39.8252526475485
        ],
        [
            76.33742346978617,
            36.4363024379632
        ],
        [
            74.47621124472195,
            60.76851126616745
        ],
        [
            89.15751735673095,
            48.81047032265498
        ],
        [
            28.74609147015813,
            70.64607168098387
        ],
        [
            19.508033546781025,
            48.46204843185914
        ],
        [
            43.57171701859659,
            65.56806520618397
        ],
        [
            31.12416929210145,
            35.89328795639418
        ],
        [
            70.10294489202394,
            31.647421872431213
        ],
        [
            21.319296245217785,
            55.381824937411444
        ],
        [
            33.81795557100469,
            54.872399644512946
        ],
        [
            24.069801735847776,
            32.24781988913132
        ],
        [
            60.59643010044548,
            73.7426311757378
        ],
        [
            28.685256914173117,
            66.53624393049363
        ],
        [
            43.813309436552956,
            34.087491893002976
        ],
        [
            19.018538546802752,
            28.509031501849776
        ],
        [
            71.42020004797509,
            65.84244095306167
        ],
        [
            45.724972978232046,
            40.68328638876672
        ],
        [
            31.565636151709796,
            74.88218175873753
        ],
        [
            44.84193235391036,
            18.736821288151525
        ],
        [
            18.520278553440107,
            64.76988635376114
        ],
        [
            61.29013468090135,
            66.13772771403968
        ],
        [
            46.379668374764606,
            70.20775197234566
        ],
        [
            65.19385579236409,
            71.15529248469022
        ],
        [
            68.51958324224503,
            46.12616371571745
        ],
        [
            43.718139731767096,
            31.597971476355312
        ]
    ],
    "edges": [
        [
            18,
            11
        ],
        [
            11,
            18
        ],
        [
            18,
            23
        ],
        [
            23,
            18
        ],
        [
            11,
            19
        ],
        [
            19,
            11
        ],
        [
            23,
            19
        ],
        [
            19,
            23
        ],
        [
            8,
            27
        ],
        [
            27,
            8
        ],
        [
            28,
            9
        ],
        [
            9,
            28
        ],
        [
            18,
            19
        ],
        [
            19,
            18
        ],
        [
            23,
            11
        ],
        [
            11,
            23
        ],
        [
            11,
            6
        ],
        [
            6,
            11
        ],
        [
            19,
            6
        ],
        [
            6,
            19
        ],
        [
            27,
            6
        ],
        [
            6,
            27
        ],
        [
            4,
            5
        ],
        [
            5,
            4
        ],
        [
            22,
            11
        ],
        [
            11,
            22
        ],
        [
            22,
            28
        ],
        [
            28,
            22
        ],
        [
            1,
            3
        ],
        [
            3,
            1
        ],
        [
            12,
            13
        ],
        [
            13,
            12
        ],
        [
            3,
            13
        ],
        [
            13,
            3
        ],
        [
            1,
            10
        ],
        [
            10,
            1
        ],
        [
            1,
            13
        ],
        [
            13,
            1
        ],
        [
            3,
            12
        ],
        [
            12,
            3
        ],
        [
            23,
            2
        ],
        [
            2,
            23
        ],
        [
            16,
            21
        ],
        [
            21,
            16
        ],
        [
            2,
            21
        ],
        [
            21,
            2
        ],
        [
            23,
            21
        ],
        [
            21,
            23
        ],
        [
            25,
            9
        ],
        [
            9,
            25
        ],
        [
            7,
            26
        ],
        [
            26,
            7
        ],
        [
            24,
            15
        ],
        [
            15,
            24
        ],
        [
            14,
            17
        ],
        [
            17,
            14
        ],
        [
            10,
            0
        ],
        [
            0,
            10
        ],
        [
            3,
            20
        ],
        [
            20,
            3
        ],
        [
            0,
            0
        ],
        [
            1,
            1
        ],
        [
            2,
            2
        ],
        [
            3,
            3
        ],
        [
            4,
            4
        ],
        [
            5,
            5
        ],
        [
            6,
            6
        ],
        [
            7,
            7
        ],
        [
            8,
            8
        ],
        [
            9,
            9
        ],
        [
            10,
            10
        ],
        [
            11,
            11
        ],
        [
            12,
            12
        ],
        [
            13,
            13
        ],
        [
            14,
            14
        ],
        [
            15,
            15
        ],
        [
            16,
            16
        ],
        [
            17,
            17
        ],
        [
            18,
            18
        ],
        [
            19,
            19
        ],
        [
            20,
            20
        ],
        [
            21,
            21
        ],
        [
            22,
            22
        ],
        [
            23,
            23
        ],
        [
            24,
            24
        ],
        [
            25,
            25
        ],
        [
            26,
            26
        ],
        [
            27,
            27
        ],
        [
            28,
            28
        ]
    ],
    "similarity": 0.67
}