{
    "coords": [
        [
            19.363368680720253,
            37.7284793082161
        ],
        [
            19.679033516649607,
            74.97129858322123
        ],
        [
            74.5902291871069,
            33.9758350560023
        ],
        [
            74.29512415942621,
            61.67058643979597
        ],
        [
            89.59823750146063,
            49.54108289306198
        ],
        [
            29.26846441098113,
            69.34709864451446
        ],
        [
            18.675087474525082,
            48.83937732054106
        ],
        [
            43.03482563773212,
            64.34277670487614
        ],
        [
            70.10794623268029,
            31.213078256170874
        ],
        [
            21.245085716240876,
            56.85075659510548
        ],
        [
            31.579554689451797,
            57.835533815720765
        ],
        [
            30.452563078818805,
            38.75514488115966
        ],
        [
            29.67927769608471,
            63.72162687099593
        ],
        [
            21.930666697787238,
            28.890056317101013
        ],
        [
            71.34712882288676,
            66.90750444973489
        ],
        [
            29.64227471669471,
            74.13152400759783
        ],
        [
            43.3724113092016,
            19.654167538667284
        ],
        [
            19.369100422761626,
            62.954818448087345
        ],
        [
            44.144750375762584,
            70.97325456892011
        ],
        [
            66.01040079754863,
            71.68869876272709
        ],
        [
            68.00398368075649,
            49.250327351949934
        ],
        [
            44.493159201515326,
            31.782745728375588
        ]
    ],
    "edges": [
        [
            13,
            8
        ],
        [
            8,
            13
        ],
        [
            13,
            17
        ],
        [
            17,
            13
        ],
        [
            8,
            14
        ],
        [
            14,
            8
        ],
        [
            17,
            14
        ],
        [
            14,
            17
        ],
        [
            6,
            20
        ],
        [
            20,
            6
        ],
        [
            21,
            7
        ],
        [
            7,
            21
        ],
        [
            13,
            14
        ],
        [
            14,
            13
        ],
        [
            17,
            8
        ],
        [
            8,
            17
        ],
        [
            8,
            4
        ],
        [
            4,
            8
        ],
        [
            14,
            4
        ],
        [
            4,
            14
        ],
        [
            20,
            4
        ],
        [
            4,
            20
        ],
        [
            2,
            3
        ],
        [
            3,
            2
        ],
        [
            16,
            8
        ],
        [
            8,
            16
        ],
        [
            16,
            21
        ],
        [
            21,
            16
        ],
        [
            0,
            11
        ],
        [
            11,
            0
        ],
        [
            9,
            10
        ],
        [
            10,
            9
        ],
        [
            11,
            10
        ],
        [
            10,
            11
        ],
        [
            0,
            11
        ],
        [
            11,
            0
        ],
        [
            0,
            10
        ],
        [
            10,
            0
        ],
        [
            11,
            9
        ],
        [
            9,
            11
        ],
        [
            17,
            1
        ],
        [
            1,
            17
        ],
        [
            12,
            15
        ],
        [
            15,
            12
        ],
        [
            1,
            15
        ],
        [
            15,
            1
        ],
        [
            17,
            15
        ],
        [
            15,
            17
        ],
        [
            18,
            7
        ],
        [
            7,
            18
        ],
        [
            5,
            19
        ],
        [
            19,
            5
        ],
        [
            0,
            0
        ],
        [
            1,
            1
        ],
        [
            2,
            2
        ],
        [
            3,
            3
        ],
        [
            4,
            4
        ],
        [
            5,
            5
        ],
        [
            6,
            6
        ],
        [
            7,
            7
        ],
        [
            8,
            8
        ],
        [
            9,
            9
        ],
        [
            10,
            10
        ],
        [
            11,
            11
        ],
        [
            12,
            12
        ],
        [
            13,
            13
        ],
        [
            14,
            14
        ],
        [
            15,
            15
        ],
        [
            16,
            16
        ],
        [
            17,
            17
        ],
        [
            18,
            18
        ],
        [
            19,
            19
        ],
        [
            20,
            20
        ],
        [
            21,
            21
        ]
    ],
    "similarity": 0.59
}