{
    "coords": [
        [
            19.42040691441392,
            39.771516171568564
        ],
        [
            20.26910598994527,
            76.66432762400329
        ],
        [
            77.53379589870818,
            32.874422962250954
        ],
        [
            73.62806849798895,
            59.521177004342974
        ],
        [
            91.21738058215311,
            47.19221522673398
        ],
        [
            29.587411888730426,
            71.24684895258426
        ],
        [
            18.79667312077922,
            47.778623993525144
        ],
        [
            46.773562006079004,
            66.78497228002249
        ],
        [
            68.86358109790794,
            31.36426795628786
        ],
        [
            18.13075983056149,
            56.71289892596418
        ],
        [
            34.33334992280845,
            54.61397091883623
        ],
        [
            31.307570252551976,
            36.73520327127576
        ],
        [
            27.762491909875134,
            64.9617129389231
        ],
        [
            17.947710496549497,
            31.41386786933535
        ],
        [
            68.96368494544623,
            65.8350922682143
        ],
        [
            30.498360793203275,
            76.0842218891898
        ],
        [
            46.0288203111142,
            19.43752948882024
        ],
        [
            20.52295184034824,
            66.49168404753215
        ],
        [
            44.72621534647244,
            68.09048349942465
        ],
        [
            63.72593902418933,
            70.33705507301885
        ],
        [
            72.05311869511851,
            49.69129532861127
        ],
        [
            47.1180572913382,
            28.47802050357792
        ]
    ],
    "edges": [
        [
            13,
            8
        ],
        [
            8,
            13
        ],
        [
            13,
            17
        ],
        [
            17,
            13
        ],
        [
            8,
            14
        ],
        [
            14,
            8
        ],
        [
            17,
            14
        ],
        [
            14,
            17
        ],
        [
            6,
            20
        ],
        [
            20,
            6
        ],
        [
            21,
            7
        ],
        [
            7,
            21
        ],
        [
            13,
            14
        ],
        [
            14,
            13
        ],
        [
            17,
            8
        ],
        [
            8,
            17
        ],
        [
            8,
            4
        ],
        [
            4,
            8
        ],
        [
            14,
            4
        ],
        [
            4,
            14
        ],
        [
            20,
            4
        ],
        [
            4,
            20
        ],
        [
            2,
            3
        ],
        [
            3,
            2
        ],
        [
            16,
            8
        ],
        [
            8,
            16
        ],
        [
            16,
            21
        ],
        [
            21,
            16
        ],
        [
            0,
            11
        ],
        [
            11,
            0
        ],
        [
            9,
            10
        ],
        [
            10,
            9
        ],
        [
            11,
            10
        ],
        [
            10,
            11
        ],
        [
            0,
            11
        ],
        [
            11,
            0
        ],
        [
            0,
            10
        ],
        [
            10,
            0
        ],
        [
            11,
            9
        ],
        [
            9,
            11
        ],
        [
            17,
            1
        ],
        [
            1,
            17
        ],
        [
            12,
            15
        ],
        [
            15,
            12
        ],
        [
            1,
            15
        ],
        [
            15,
            1
        ],
        [
            17,
            15
        ],
        [
            15,
            17
        ],
        [
            18,
            7
        ],
        [
            7,
            18
        ],
        [
            5,
            19
        ],
        [
            19,
            5
        ],
        [
            0,
            0
        ],
        [
            1,
            1
        ],
        [
            2,
            2
        ],
        [
            3,
            3
        ],
        [
            4,
            4
        ],
        [
            5,
            5
        ],
        [
            6,
            6
        ],
        [
            7,
            7
        ],
        [
            8,
            8
        ],
        [
            9,
            9
        ],
        [
            10,
            10
        ],
        [
            11,
            11
        ],
        [
            12,
            12
        ],
        [
            13,
            13
        ],
        [
            14,
            14
        ],
        [
            15,
            15
        ],
        [
            16,
            16
        ],
        [
            17,
            17
        ],
        [
            18,
            18
        ],
        [
            19,
            19
        ],
        [
            20,
            20
        ],
        [
            21,
            21
        ]
    ],
    "similarity": 0.55
}