{
    "coords": [
        [
            20.2125624095177,
            75.0346266306169
        ],
        [
            75.73029181686898,
            35.04204296711936
        ],
        [
            75.56919298015518,
            60.03433268620438
        ],
        [
            89.90713326577865,
            47.37024856718714
        ],
        [
            30.09863538108987,
            70.12622770794886
        ],
        [
            20.122289889567547,
            47.80758636808831
        ],
        [
            44.677403996050174,
            64.70488256150841
        ],
        [
            30.29457270934925,
            37.17348454271113
        ],
        [
            69.8853968774099,
            30.337645618962757
        ],
        [
            30.23151885737191,
            57.73553495988785
        ],
        [
            30.051093358458196,
            64.80884182823436
        ],
        [
            19.987364475372136,
            30.150266138446327
        ],
        [
            69.771129679581,
            64.93229902389012
        ],
        [
            19.743876634974022,
            36.72062224696459
        ],
        [
            29.70820452060551,
            74.8217105756348
        ],
        [
            19.9180617415887,
            57.877930910066205
        ],
        [
            44.878253737665815,
            19.684025354010803
        ],
        [
            20.141704768581242,
            65.26383258427573
        ],
        [
            44.867010072538115,
            70.20137189952563
        ],
        [
            64.75435412048846,
            70.00102422052261
        ],
        [
            70.12504371522562,
            47.58460432990635
        ],
        [
            45.130071763012175,
            30.324486745608525
        ]
    ],
    "edges": [
        [
            11,
            8
        ],
        [
            8,
            11
        ],
        [
            11,
            17
        ],
        [
            17,
            11
        ],
        [
            8,
            12
        ],
        [
            12,
            8
        ],
        [
            17,
            12
        ],
        [
            12,
            17
        ],
        [
            5,
            20
        ],
        [
            20,
            5
        ],
        [
            21,
            6
        ],
        [
            6,
            21
        ],
        [
            11,
            12
        ],
        [
            12,
            11
        ],
        [
            17,
            8
        ],
        [
            8,
            17
        ],
        [
            8,
            3
        ],
        [
            3,
            8
        ],
        [
            12,
            3
        ],
        [
            3,
            12
        ],
        [
            20,
            3
        ],
        [
            3,
            20
        ],
        [
            1,
            2
        ],
        [
            2,
            1
        ],
        [
            16,
            8
        ],
        [
            8,
            16
        ],
        [
            16,
            21
        ],
        [
            21,
            16
        ],
        [
            13,
            7
        ],
        [
            7,
            13
        ],
        [
            15,
            9
        ],
        [
            9,
            15
        ],
        [
            7,
            9
        ],
        [
            9,
            7
        ],
        [
            13,
            9
        ],
        [
            9,
            13
        ],
        [
            7,
            15
        ],
        [
            15,
            7
        ],
        [
            17,
            0
        ],
        [
            0,
            17
        ],
        [
            10,
            14
        ],
        [
            14,
            10
        ],
        [
            0,
            14
        ],
        [
            14,
            0
        ],
        [
            17,
            14
        ],
        [
            14,
            17
        ],
        [
            18,
            6
        ],
        [
            6,
            18
        ],
        [
            4,
            19
        ],
        [
            19,
            4
        ],
        [
            0,
            0
        ],
        [
            1,
            1
        ],
        [
            2,
            2
        ],
        [
            3,
            3
        ],
        [
            4,
            4
        ],
        [
            5,
            5
        ],
        [
            6,
            6
        ],
        [
            7,
            7
        ],
        [
            8,
            8
        ],
        [
            9,
            9
        ],
        [
            10,
            10
        ],
        [
            11,
            11
        ],
        [
            12,
            12
        ],
        [
            13,
            13
        ],
        [
            14,
            14
        ],
        [
            15,
            15
        ],
        [
            16,
            16
        ],
        [
            17,
            17
        ],
        [
            18,
            18
        ],
        [
            19,
            19
        ],
        [
            20,
            20
        ],
        [
            21,
            21
        ]
    ],
    "similarity": 0.93
}