{
    "coords": [
        [
            18.945142418947444,
            40.28235987750644
        ],
        [
            18.405241506889563,
            73.64132857505497
        ],
        [
            73.85348243996489,
            33.26066276435165
        ],
        [
            76.40476250022658,
            59.16310415608279
        ],
        [
            88.39552044402585,
            47.48162395435643
        ],
        [
            30.77678836813533,
            71.63329663159726
        ],
        [
            20.326124248641168,
            47.87879420726186
        ],
        [
            46.24189342148724,
            64.6584308925319
        ],
        [
            67.99590851335377,
            28.829252192595384
        ],
        [
            21.423165945744802,
            57.98229643481328
        ],
        [
            34.10956947219189,
            55.986859066156285
        ],
        [
            30.6938490895844,
            36.28098287606332
        ],
        [
            29.410311830694543,
            66.136055255036
        ],
        [
            18.651499553765312,
            31.577882179455447
        ],
        [
            70.94046568138347,
            66.60156145040405
        ],
        [
            31.16842122488445,
            75.198861527462
        ],
        [
            44.24033278337646,
            20.849672453472934
        ],
        [
            19.752315443956007,
            65.43182024428268
        ],
        [
            46.315961538675396,
            71.5789880733551
        ],
        [
            66.69861025414878,
            70.62443561552946
        ],
        [
            70.51637729449868,
            45.85003926476286
        ],
        [
            46.323318240423134,
            28.143870205165236
        ]
    ],
    "edges": [
        [
            13,
            8
        ],
        [
            8,
            13
        ],
        [
            13,
            17
        ],
        [
            17,
            13
        ],
        [
            8,
            14
        ],
        [
            14,
            8
        ],
        [
            17,
            14
        ],
        [
            14,
            17
        ],
        [
            6,
            20
        ],
        [
            20,
            6
        ],
        [
            21,
            7
        ],
        [
            7,
            21
        ],
        [
            13,
            14
        ],
        [
            14,
            13
        ],
        [
            17,
            8
        ],
        [
            8,
            17
        ],
        [
            8,
            4
        ],
        [
            4,
            8
        ],
        [
            14,
            4
        ],
        [
            4,
            14
        ],
        [
            20,
            4
        ],
        [
            4,
            20
        ],
        [
            2,
            3
        ],
        [
            3,
            2
        ],
        [
            16,
            8
        ],
        [
            8,
            16
        ],
        [
            16,
            21
        ],
        [
            21,
            16
        ],
        [
            0,
            11
        ],
        [
            11,
            0
        ],
        [
            9,
            10
        ],
        [
            10,
            9
        ],
        [
            11,
            10
        ],
        [
            10,
            11
        ],
        [
            0,
            11
        ],
        [
            11,
            0
        ],
        [
            0,
            10
        ],
        [
            10,
            0
        ],
        [
            11,
            9
        ],
        [
            9,
            11
        ],
        [
            17,
            1
        ],
        [
            1,
            17
        ],
        [
            12,
            15
        ],
        [
            15,
            12
        ],
        [
            1,
            15
        ],
        [
            15,
            1
        ],
        [
            17,
            15
        ],
        [
            15,
            17
        ],
        [
            18,
            7
        ],
        [
            7,
            18
        ],
        [
            5,
            19
        ],
        [
            19,
            5
        ],
        [
            0,
            0
        ],
        [
            1,
            1
        ],
        [
            2,
            2
        ],
        [
            3,
            3
        ],
        [
            4,
            4
        ],
        [
            5,
            5
        ],
        [
            6,
            6
        ],
        [
            7,
            7
        ],
        [
            8,
            8
        ],
        [
            9,
            9
        ],
        [
            10,
            10
        ],
        [
            11,
            11
        ],
        [
            12,
            12
        ],
        [
            13,
            13
        ],
        [
            14,
            14
        ],
        [
            15,
            15
        ],
        [
            16,
            16
        ],
        [
            17,
            17
        ],
        [
            18,
            18
        ],
        [
            19,
            19
        ],
        [
            20,
            20
        ],
        [
            21,
            21
        ]
    ],
    "similarity": 0.58
}