{
    "coords": [
        [
            18.347429926904542,
            39.017826618668686
        ],
        [
            19.363752275559577,
            76.39329083756395
        ],
        [
            74.7402913238573,
            35.39552157630654
        ],
        [
            75.94739798189921,
            60.68851717861978
        ],
        [
            90.23089785000005,
            47.5544464731351
        ],
        [
            28.895132270648393,
            71.12110428244115
        ],
        [
            21.592101252603534,
            47.33402931420574
        ],
        [
            44.36515216413842,
            63.43306262150693
        ],
        [
            69.81027828985269,
            30.70614929363062
        ],
        [
            21.465920838201377,
            55.699226573956786
        ],
        [
            32.044595529205296,
            54.71089659965134
        ],
        [
            32.238214555077754,
            38.54459994887259
        ],
        [
            29.380350980094036,
            63.73459527461812
        ],
        [
            18.269617164897134,
            31.9666151444746
        ],
        [
            71.46590069677524,
            64.12652663624878
        ],
        [
            31.200459655081204,
            75.54751499801202
        ],
        [
            43.67860331978795,
            19.9174828746151
        ],
        [
            22.036216196841302,
            63.733187118542354
        ],
        [
            46.888886654936655,
            68.98705039363848
        ],
        [
            64.9290449408105,
            71.1869550105439
        ],
        [
            71.43200184378378,
            45.756679870561626
        ],
        [
            46.40408095855776,
            29.90727781388026
        ]
    ],
    "edges": [
        [
            13,
            8
        ],
        [
            8,
            13
        ],
        [
            13,
            17
        ],
        [
            17,
            13
        ],
        [
            8,
            14
        ],
        [
            14,
            8
        ],
        [
            17,
            14
        ],
        [
            14,
            17
        ],
        [
            6,
            20
        ],
        [
            20,
            6
        ],
        [
            21,
            7
        ],
        [
            7,
            21
        ],
        [
            13,
            14
        ],
        [
            14,
            13
        ],
        [
            17,
            8
        ],
        [
            8,
            17
        ],
        [
            8,
            4
        ],
        [
            4,
            8
        ],
        [
            14,
            4
        ],
        [
            4,
            14
        ],
        [
            20,
            4
        ],
        [
            4,
            20
        ],
        [
            2,
            3
        ],
        [
            3,
            2
        ],
        [
            16,
            8
        ],
        [
            8,
            16
        ],
        [
            16,
            21
        ],
        [
            21,
            16
        ],
        [
            0,
            11
        ],
        [
            11,
            0
        ],
        [
            9,
            10
        ],
        [
            10,
            9
        ],
        [
            11,
            10
        ],
        [
            10,
            11
        ],
        [
            0,
            11
        ],
        [
            11,
            0
        ],
        [
            0,
            10
        ],
        [
            10,
            0
        ],
        [
            11,
            9
        ],
        [
            9,
            11
        ],
        [
            17,
            1
        ],
        [
            1,
            17
        ],
        [
            12,
            15
        ],
        [
            15,
            12
        ],
        [
            1,
            15
        ],
        [
            15,
            1
        ],
        [
            17,
            15
        ],
        [
            15,
            17
        ],
        [
            18,
            7
        ],
        [
            7,
            18
        ],
        [
            5,
            19
        ],
        [
            19,
            5
        ],
        [
            0,
            0
        ],
        [
            1,
            1
        ],
        [
            2,
            2
        ],
        [
            3,
            3
        ],
        [
            4,
            4
        ],
        [
            5,
            5
        ],
        [
            6,
            6
        ],
        [
            7,
            7
        ],
        [
            8,
            8
        ],
        [
            9,
            9
        ],
        [
            10,
            10
        ],
        [
            11,
            11
        ],
        [
            12,
            12
        ],
        [
            13,
            13
        ],
        [
            14,
            14
        ],
        [
            15,
            15
        ],
        [
            16,
            16
        ],
        [
            17,
            17
        ],
        [
            18,
            18
        ],
        [
            19,
            19
        ],
        [
            20,
            20
        ],
        [
            21,
            21
        ]
    ],
    "similarity": 0.59
}