{
    "coords": [
        [
            46.182287103084555,
            63.07228052136032
        ],
        [
            16.766854012897696,
            27.876238624262967
        ],
        [
            69.21387121149014,
            26.481464190857942
        ],
        [
            22.35154989966339,
            65.25302136598906
        ],
        [
            67.8837966963078,
            63.196525380238185
        ],
        [
            73.31055642936009,
            38.40272130168028
        ],
        [
            76.61349736272415,
            61.56101993598275
        ],
        [
            86.8885483086552,
            44.43205582006367
        ],
        [
            17.775236760682056,
            48.004161909476146
        ],
        [
            67.80877690906699,
            44.21589280217489
        ],
        [
            41.88157955727528,
            30.030770138773416
        ]
    ],
    "edges": [
        [
            1,
            2
        ],
        [
            2,
            1
        ],
        [
            1,
            3
        ],
        [
            3,
            1
        ],
        [
            2,
            4
        ],
        [
            4,
            2
        ],
        [
            3,
            4
        ],
        [
            4,
            3
        ],
        [
            8,
            9
        ],
        [
            9,
            8
        ],
        [
            10,
            0
        ],
        [
            0,
            10
        ],
        [
            1,
            4
        ],
        [
            4,
            1
        ],
        [
            3,
            2
        ],
        [
            2,
            3
        ],
        [
            2,
            7
        ],
        [
            7,
            2
        ],
        [
            4,
            7
        ],
        [
            7,
            4
        ],
        [
            9,
            7
        ],
        [
            7,
            9
        ],
        [
            5,
            6
        ],
        [
            6,
            5
        ],
        [
            0,
            0
        ],
        [
            1,
            1
        ],
        [
            2,
            2
        ],
        [
            3,
            3
        ],
        [
            4,
            4
        ],
        [
            5,
            5
        ],
        [
            6,
            6
        ],
        [
            7,
            7
        ],
        [
            8,
            8
        ],
        [
            9,
            9
        ],
        [
            10,
            10
        ]
    ],
    "similarity": 0.24
}