{
    "coords": [
        [
            42.66864257576142,
            65.46086551114922
        ],
        [
            43.18060907046558,
            17.570203751380994
        ],
        [
            22.16116989242173,
            27.840139225366695
        ],
        [
            72.02892392935702,
            30.7126744185179
        ],
        [
            22.40668852192125,
            62.92306105178844
        ],
        [
            71.50234526519645,
            65.90891704085226
        ],
        [
            76.82658208775008,
            36.32892980332226
        ],
        [
            20.170567486442692,
            38.205227351051526
        ],
        [
            22.67485288232221,
            57.72002389598828
        ],
        [
            75.82326880035946,
            61.511314505052596
        ],
        [
            89.15498481856392,
            46.17052210051611
        ],
        [
            34.47053656856084,
            54.94148687864534
        ],
        [
            29.106567400890228,
            36.724830709360845
        ],
        [
            19.434690334264516,
            48.24746972853135
        ],
        [
            70.55738159057877,
            48.086642823480055
        ],
        [
            47.46941102482196,
            30.79268493237876
        ]
    ],
    "edges": [
        [
            2,
            3
        ],
        [
            3,
            2
        ],
        [
            2,
            4
        ],
        [
            4,
            2
        ],
        [
            3,
            5
        ],
        [
            5,
            3
        ],
        [
            4,
            5
        ],
        [
            5,
            4
        ],
        [
            13,
            14
        ],
        [
            14,
            13
        ],
        [
            15,
            0
        ],
        [
            0,
            15
        ],
        [
            2,
            5
        ],
        [
            5,
            2
        ],
        [
            4,
            3
        ],
        [
            3,
            4
        ],
        [
            3,
            10
        ],
        [
            10,
            3
        ],
        [
            5,
            10
        ],
        [
            10,
            5
        ],
        [
            14,
            10
        ],
        [
            10,
            14
        ],
        [
            6,
            9
        ],
        [
            9,
            6
        ],
        [
            1,
            3
        ],
        [
            3,
            1
        ],
        [
            1,
            15
        ],
        [
            15,
            1
        ],
        [
            7,
            12
        ],
        [
            12,
            7
        ],
        [
            8,
            11
        ],
        [
            11,
            8
        ],
        [
            12,
            11
        ],
        [
            11,
            12
        ],
        [
            7,
            12
        ],
        [
            12,
            7
        ],
        [
            7,
            11
        ],
        [
            11,
            7
        ],
        [
            12,
            8
        ],
        [
            8,
            12
        ],
        [
            0,
            0
        ],
        [
            1,
            1
        ],
        [
            2,
            2
        ],
        [
            3,
            3
        ],
        [
            4,
            4
        ],
        [
            5,
            5
        ],
        [
            6,
            6
        ],
        [
            7,
            7
        ],
        [
            8,
            8
        ],
        [
            9,
            9
        ],
        [
            10,
            10
        ],
        [
            11,
            11
        ],
        [
            12,
            12
        ],
        [
            13,
            13
        ],
        [
            14,
            14
        ],
        [
            15,
            15
        ]
    ],
    "similarity": 0.44
}