{
    "coords": [
        [
            18.967818972576552,
            36.046722116366674
        ],
        [
            20.278323548340904,
            73.32652273390484
        ],
        [
            76.16633201219354,
            34.955662044655355
        ],
        [
            73.0991098111267,
            58.03998127060026
        ],
        [
            89.20102720106584,
            47.37905653309052
        ],
        [
            20.981382656275304,
            47.972106059451846
        ],
        [
            44.628141644564025,
            64.93247751751441
        ],
        [
            70.69763705673982,
            28.31339509865878
        ],
        [
            18.078256159888177,
            58.32075490070981
        ],
        [
            31.802331719680005,
            55.600844408531984
        ],
        [
            30.192240460756437,
            40.762215315805946
        ],
        [
            30.982812240374866,
            65.40545081631244
        ],
        [
            17.99391039875819,
            32.364588147043
        ],
        [
            69.61759159005044,
            67.2482245137407
        ],
        [
            29.785316004587962,
            73.80641926349378
        ],
        [
            44.73329945043059,
            21.22196415880566
        ],
        [
            21.91126470729594,
            65.97565087223738
        ],
        [
            67.54474636727936,
            45.683434206775964
        ],
        [
            47.55991280269442,
            31.566580632566854
        ]
    ],
    "edges": [
        [
            12,
            7
        ],
        [
            7,
            12
        ],
        [
            12,
            16
        ],
        [
            16,
            12
        ],
        [
            7,
            13
        ],
        [
            13,
            7
        ],
        [
            16,
            13
        ],
        [
            13,
            16
        ],
        [
            5,
            17
        ],
        [
            17,
            5
        ],
        [
            18,
            6
        ],
        [
            6,
            18
        ],
        [
            12,
            13
        ],
        [
            13,
            12
        ],
        [
            16,
            7
        ],
        [
            7,
            16
        ],
        [
            7,
            4
        ],
        [
            4,
            7
        ],
        [
            13,
            4
        ],
        [
            4,
            13
        ],
        [
            17,
            4
        ],
        [
            4,
            17
        ],
        [
            2,
            3
        ],
        [
            3,
            2
        ],
        [
            15,
            7
        ],
        [
            7,
            15
        ],
        [
            15,
            18
        ],
        [
            18,
            15
        ],
        [
            0,
            10
        ],
        [
            10,
            0
        ],
        [
            8,
            9
        ],
        [
            9,
            8
        ],
        [
            10,
            9
        ],
        [
            9,
            10
        ],
        [
            0,
            10
        ],
        [
            10,
            0
        ],
        [
            0,
            9
        ],
        [
            9,
            0
        ],
        [
            10,
            8
        ],
        [
            8,
            10
        ],
        [
            16,
            1
        ],
        [
            1,
            16
        ],
        [
            11,
            14
        ],
        [
            14,
            11
        ],
        [
            0,
            0
        ],
        [
            1,
            1
        ],
        [
            2,
            2
        ],
        [
            3,
            3
        ],
        [
            4,
            4
        ],
        [
            5,
            5
        ],
        [
            6,
            6
        ],
        [
            7,
            7
        ],
        [
            8,
            8
        ],
        [
            9,
            9
        ],
        [
            10,
            10
        ],
        [
            11,
            11
        ],
        [
            12,
            12
        ],
        [
            13,
            13
        ],
        [
            14,
            14
        ],
        [
            15,
            15
        ],
        [
            16,
            16
        ],
        [
            17,
            17
        ],
        [
            18,
            18
        ]
    ],
    "similarity": 0.48
}