{
    "coords": [
        [
            46.90698385566574,
            63.19963239823843
        ],
        [
            47.90186006518901,
            17.180215693202506
        ],
        [
            22.557479404201796,
            26.795670208822994
        ],
        [
            67.6363341878639,
            27.966108381229848
        ],
        [
            17.346907480052863,
            64.58216515393595
        ],
        [
            69.55677423885047,
            63.663704733042444
        ],
        [
            75.46359014261411,
            34.97415544348957
        ],
        [
            22.139230313867838,
            35.92295245601598
        ],
        [
            17.038120426424356,
            55.331615440042974
        ],
        [
            74.21519380761852,
            60.702567150308504
        ],
        [
            87.81504400241882,
            45.10794950338162
        ],
        [
            35.34418390305104,
            57.09578820828017
        ],
        [
            17.573343126034054,
            48.041159572747844
        ],
        [
            70.85918918938336,
            50.74894325608778
        ],
        [
            32.68021092774385,
            36.64028142878979
        ],
        [
            41.943570265346985,
            27.60336833525266
        ]
    ],
    "edges": [
        [
            2,
            3
        ],
        [
            3,
            2
        ],
        [
            2,
            4
        ],
        [
            4,
            2
        ],
        [
            3,
            5
        ],
        [
            5,
            3
        ],
        [
            4,
            5
        ],
        [
            5,
            4
        ],
        [
            12,
            13
        ],
        [
            13,
            12
        ],
        [
            15,
            0
        ],
        [
            0,
            15
        ],
        [
            2,
            5
        ],
        [
            5,
            2
        ],
        [
            4,
            3
        ],
        [
            3,
            4
        ],
        [
            3,
            10
        ],
        [
            10,
            3
        ],
        [
            5,
            10
        ],
        [
            10,
            5
        ],
        [
            13,
            10
        ],
        [
            10,
            13
        ],
        [
            6,
            9
        ],
        [
            9,
            6
        ],
        [
            1,
            3
        ],
        [
            3,
            1
        ],
        [
            1,
            15
        ],
        [
            15,
            1
        ],
        [
            7,
            14
        ],
        [
            14,
            7
        ],
        [
            8,
            11
        ],
        [
            11,
            8
        ],
        [
            0,
            0
        ],
        [
            1,
            1
        ],
        [
            2,
            2
        ],
        [
            3,
            3
        ],
        [
            4,
            4
        ],
        [
            5,
            5
        ],
        [
            6,
            6
        ],
        [
            7,
            7
        ],
        [
            8,
            8
        ],
        [
            9,
            9
        ],
        [
            10,
            10
        ],
        [
            11,
            11
        ],
        [
            12,
            12
        ],
        [
            13,
            13
        ],
        [
            14,
            14
        ],
        [
            15,
            15
        ]
    ],
    "similarity": 0.33
}