{
    "coords": [
        [
            21.413134306754998,
            37.348870187319505
        ],
        [
            21.586838671724067,
            74.17104591053281
        ],
        [
            75.21446527393276,
            36.70596760494048
        ],
        [
            76.02252784872815,
            61.0998174609606
        ],
        [
            89.78069157061847,
            47.43515701679281
        ],
        [
            28.217708486793384,
            70.47886293386541
        ],
        [
            19.112568353615366,
            47.458169971119545
        ],
        [
            43.73860445858405,
            62.968667429993594
        ],
        [
            70.56885467874939,
            31.815099305241528
        ],
        [
            20.83296043149274,
            57.95681186125056
        ],
        [
            34.35679224788524,
            57.88724974355078
        ],
        [
            30.453996297552962,
            37.45163951048387
        ],
        [
            29.620843388645486,
            65.96134256131185
        ],
        [
            19.64454044852871,
            31.155842215059273
        ],
        [
            71.71565133595382,
            65.90581028811711
        ],
        [
            31.89215285186925,
            73.07361696608258
        ],
        [
            45.14812278828809,
            19.794539569020543
        ],
        [
            20.12779135110105,
            65.58732652540456
        ],
        [
            44.370653120762476,
            71.60712913239307
        ],
        [
            66.70397450550111,
            68.95997722317773
        ],
        [
            68.20481370356126,
            48.21060637604642
        ],
        [
            43.25286017929356,
            30.538256282098565
        ]
    ],
    "edges": [
        [
            13,
            8
        ],
        [
            8,
            13
        ],
        [
            13,
            17
        ],
        [
            17,
            13
        ],
        [
            8,
            14
        ],
        [
            14,
            8
        ],
        [
            17,
            14
        ],
        [
            14,
            17
        ],
        [
            6,
            20
        ],
        [
            20,
            6
        ],
        [
            21,
            7
        ],
        [
            7,
            21
        ],
        [
            13,
            14
        ],
        [
            14,
            13
        ],
        [
            17,
            8
        ],
        [
            8,
            17
        ],
        [
            8,
            4
        ],
        [
            4,
            8
        ],
        [
            14,
            4
        ],
        [
            4,
            14
        ],
        [
            20,
            4
        ],
        [
            4,
            20
        ],
        [
            2,
            3
        ],
        [
            3,
            2
        ],
        [
            16,
            8
        ],
        [
            8,
            16
        ],
        [
            16,
            21
        ],
        [
            21,
            16
        ],
        [
            0,
            11
        ],
        [
            11,
            0
        ],
        [
            9,
            10
        ],
        [
            10,
            9
        ],
        [
            11,
            10
        ],
        [
            10,
            11
        ],
        [
            0,
            11
        ],
        [
            11,
            0
        ],
        [
            0,
            10
        ],
        [
            10,
            0
        ],
        [
            11,
            9
        ],
        [
            9,
            11
        ],
        [
            17,
            1
        ],
        [
            1,
            17
        ],
        [
            12,
            15
        ],
        [
            15,
            12
        ],
        [
            1,
            15
        ],
        [
            15,
            1
        ],
        [
            17,
            15
        ],
        [
            15,
            17
        ],
        [
            18,
            7
        ],
        [
            7,
            18
        ],
        [
            5,
            19
        ],
        [
            19,
            5
        ],
        [
            0,
            0
        ],
        [
            1,
            1
        ],
        [
            2,
            2
        ],
        [
            3,
            3
        ],
        [
            4,
            4
        ],
        [
            5,
            5
        ],
        [
            6,
            6
        ],
        [
            7,
            7
        ],
        [
            8,
            8
        ],
        [
            9,
            9
        ],
        [
            10,
            10
        ],
        [
            11,
            11
        ],
        [
            12,
            12
        ],
        [
            13,
            13
        ],
        [
            14,
            14
        ],
        [
            15,
            15
        ],
        [
            16,
            16
        ],
        [
            17,
            17
        ],
        [
            18,
            18
        ],
        [
            19,
            19
        ],
        [
            20,
            20
        ],
        [
            21,
            21
        ]
    ],
    "similarity": 0.58
}