{
    "coords": [
        [
            47.93947649730529,
            62.33752405025606
        ],
        [
            47.473189574077196,
            18.301285436809472
        ],
        [
            20.61282910214252,
            30.204366906997976
        ],
        [
            70.84865838466489,
            27.940263003538263
        ],
        [
            17.50387836721835,
            65.20340571151142
        ],
        [
            71.88405313822972,
            62.78834219064936
        ],
        [
            73.01303383507138,
            37.28913885115957
        ],
        [
            22.39472070371402,
            36.68792336641729
        ],
        [
            17.7218599988599,
            55.60921706085091
        ],
        [
            76.3189220161441,
            57.08549199556629
        ],
        [
            92.83240794263149,
            46.161041667471096
        ],
        [
            30.515147090752485,
            58.24864546309718
        ],
        [
            30.490856368679733,
            37.97429683062672
        ],
        [
            18.603049159096777,
            50.47166015694028
        ],
        [
            67.16982156546263,
            48.94356495679391
        ],
        [
            44.92856678964171,
            29.212557234210195
        ]
    ],
    "edges": [
        [
            2,
            3
        ],
        [
            3,
            2
        ],
        [
            2,
            4
        ],
        [
            4,
            2
        ],
        [
            3,
            5
        ],
        [
            5,
            3
        ],
        [
            4,
            5
        ],
        [
            5,
            4
        ],
        [
            13,
            14
        ],
        [
            14,
            13
        ],
        [
            15,
            0
        ],
        [
            0,
            15
        ],
        [
            2,
            5
        ],
        [
            5,
            2
        ],
        [
            4,
            3
        ],
        [
            3,
            4
        ],
        [
            3,
            10
        ],
        [
            10,
            3
        ],
        [
            5,
            10
        ],
        [
            10,
            5
        ],
        [
            14,
            10
        ],
        [
            10,
            14
        ],
        [
            6,
            9
        ],
        [
            9,
            6
        ],
        [
            1,
            3
        ],
        [
            3,
            1
        ],
        [
            1,
            15
        ],
        [
            15,
            1
        ],
        [
            7,
            12
        ],
        [
            12,
            7
        ],
        [
            8,
            11
        ],
        [
            11,
            8
        ],
        [
            12,
            11
        ],
        [
            11,
            12
        ],
        [
            7,
            12
        ],
        [
            12,
            7
        ],
        [
            0,
            0
        ],
        [
            1,
            1
        ],
        [
            2,
            2
        ],
        [
            3,
            3
        ],
        [
            4,
            4
        ],
        [
            5,
            5
        ],
        [
            6,
            6
        ],
        [
            7,
            7
        ],
        [
            8,
            8
        ],
        [
            9,
            9
        ],
        [
            10,
            10
        ],
        [
            11,
            11
        ],
        [
            12,
            12
        ],
        [
            13,
            13
        ],
        [
            14,
            14
        ],
        [
            15,
            15
        ]
    ],
    "similarity": 0.4
}