{
    "coords": [
        [
            43.951573876443945,
            63.35854345780408
        ],
        [
            19.001366766665242,
            30.656727418021152
        ],
        [
            70.67943943498099,
            28.57604633185881
        ],
        [
            20.305548949192943,
            63.17488784225666
        ],
        [
            70.19448111201378,
            65.05181408284707
        ],
        [
            78.51596210301925,
            35.31822529363095
        ],
        [
            78.75341256442393,
            57.680907595077365
        ],
        [
            92.40923216728385,
            45.48422947790711
        ],
        [
            20.136452285993546,
            44.96808314616579
        ],
        [
            69.41683993638921,
            48.69873236607707
        ],
        [
            46.62102920762225,
            30.78673966021914
        ]
    ],
    "edges": [
        [
            1,
            2
        ],
        [
            2,
            1
        ],
        [
            1,
            3
        ],
        [
            3,
            1
        ],
        [
            2,
            4
        ],
        [
            4,
            2
        ],
        [
            3,
            4
        ],
        [
            4,
            3
        ],
        [
            8,
            9
        ],
        [
            9,
            8
        ],
        [
            10,
            0
        ],
        [
            0,
            10
        ],
        [
            1,
            4
        ],
        [
            4,
            1
        ],
        [
            3,
            2
        ],
        [
            2,
            3
        ],
        [
            2,
            7
        ],
        [
            7,
            2
        ],
        [
            4,
            7
        ],
        [
            7,
            4
        ],
        [
            9,
            7
        ],
        [
            7,
            9
        ],
        [
            5,
            6
        ],
        [
            6,
            5
        ],
        [
            0,
            0
        ],
        [
            1,
            1
        ],
        [
            2,
            2
        ],
        [
            3,
            3
        ],
        [
            4,
            4
        ],
        [
            5,
            5
        ],
        [
            6,
            6
        ],
        [
            7,
            7
        ],
        [
            8,
            8
        ],
        [
            9,
            9
        ],
        [
            10,
            10
        ]
    ],
    "similarity": 0.27
}