{
    "coords": [
        [
            19.024453969423522,
            35.86075416482879
        ],
        [
            18.051074572209036,
            76.34702717144876
        ],
        [
            75.51978475523796,
            35.62365392816648
        ],
        [
            77.5559454906207,
            57.90660692931583
        ],
        [
            87.37341739746407,
            46.035332217360086
        ],
        [
            19.785846144267346,
            45.55659641980035
        ],
        [
            43.83086858261721,
            63.32172406543648
        ],
        [
            69.05666983689788,
            28.869018632294427
        ],
        [
            22.08270283236161,
            55.85307794742445
        ],
        [
            34.30627886803077,
            55.24565981911993
        ],
        [
            31.739100055142472,
            36.89809117741898
        ],
        [
            31.11970622259798,
            66.82399882286636
        ],
        [
            18.06860706058359,
            28.951496650859912
        ],
        [
            68.20883496486961,
            66.84735505201587
        ],
        [
            32.07233064198757,
            73.72272416270367
        ],
        [
            43.211552444559516,
            19.06839426073624
        ],
        [
            17.634106477014402,
            66.44612131563689
        ],
        [
            68.21900230858289,
            48.57153141808576
        ],
        [
            44.954625775449536,
            28.735124018317567
        ]
    ],
    "edges": [
        [
            12,
            7
        ],
        [
            7,
            12
        ],
        [
            12,
            16
        ],
        [
            16,
            12
        ],
        [
            7,
            13
        ],
        [
            13,
            7
        ],
        [
            16,
            13
        ],
        [
            13,
            16
        ],
        [
            5,
            17
        ],
        [
            17,
            5
        ],
        [
            18,
            6
        ],
        [
            6,
            18
        ],
        [
            12,
            13
        ],
        [
            13,
            12
        ],
        [
            16,
            7
        ],
        [
            7,
            16
        ],
        [
            7,
            4
        ],
        [
            4,
            7
        ],
        [
            13,
            4
        ],
        [
            4,
            13
        ],
        [
            17,
            4
        ],
        [
            4,
            17
        ],
        [
            2,
            3
        ],
        [
            3,
            2
        ],
        [
            15,
            7
        ],
        [
            7,
            15
        ],
        [
            15,
            18
        ],
        [
            18,
            15
        ],
        [
            0,
            10
        ],
        [
            10,
            0
        ],
        [
            8,
            9
        ],
        [
            9,
            8
        ],
        [
            10,
            9
        ],
        [
            9,
            10
        ],
        [
            0,
            10
        ],
        [
            10,
            0
        ],
        [
            0,
            9
        ],
        [
            9,
            0
        ],
        [
            10,
            8
        ],
        [
            8,
            10
        ],
        [
            16,
            1
        ],
        [
            1,
            16
        ],
        [
            11,
            14
        ],
        [
            14,
            11
        ],
        [
            0,
            0
        ],
        [
            1,
            1
        ],
        [
            2,
            2
        ],
        [
            3,
            3
        ],
        [
            4,
            4
        ],
        [
            5,
            5
        ],
        [
            6,
            6
        ],
        [
            7,
            7
        ],
        [
            8,
            8
        ],
        [
            9,
            9
        ],
        [
            10,
            10
        ],
        [
            11,
            11
        ],
        [
            12,
            12
        ],
        [
            13,
            13
        ],
        [
            14,
            14
        ],
        [
            15,
            15
        ],
        [
            16,
            16
        ],
        [
            17,
            17
        ],
        [
            18,
            18
        ]
    ],
    "similarity": 0.47
}