{
    "coords": [
        [
            44.764225548860026,
            66.77788067103165
        ],
        [
            44.495536470124314,
            19.55453248831218
        ],
        [
            17.851569881552354,
            28.57699450532122
        ],
        [
            68.92361222368436,
            28.76692410825161
        ],
        [
            19.98780888190072,
            65.78810320447258
        ],
        [
            68.37168909927753,
            65.29194866970802
        ],
        [
            75.59555140233181,
            32.44220166503454
        ],
        [
            19.955130859679844,
            36.74760421509014
        ],
        [
            21.620386745461346,
            58.079732920723536
        ],
        [
            76.09711967948581,
            61.41390708331447
        ],
        [
            87.17860704064286,
            45.014526411177584
        ],
        [
            34.51071277486791,
            54.48746006909501
        ],
        [
            30.814144360856055,
            38.49071007589594
        ],
        [
            17.46203353925353,
            50.2768949064636
        ],
        [
            68.16200354054128,
            45.46550156961468
        ],
        [
            46.616682014833316,
            32.574113520453665
        ]
    ],
    "edges": [
        [
            2,
            3
        ],
        [
            3,
            2
        ],
        [
            2,
            4
        ],
        [
            4,
            2
        ],
        [
            3,
            5
        ],
        [
            5,
            3
        ],
        [
            4,
            5
        ],
        [
            5,
            4
        ],
        [
            13,
            14
        ],
        [
            14,
            13
        ],
        [
            15,
            0
        ],
        [
            0,
            15
        ],
        [
            2,
            5
        ],
        [
            5,
            2
        ],
        [
            4,
            3
        ],
        [
            3,
            4
        ],
        [
            3,
            10
        ],
        [
            10,
            3
        ],
        [
            5,
            10
        ],
        [
            10,
            5
        ],
        [
            14,
            10
        ],
        [
            10,
            14
        ],
        [
            6,
            9
        ],
        [
            9,
            6
        ],
        [
            1,
            3
        ],
        [
            3,
            1
        ],
        [
            1,
            15
        ],
        [
            15,
            1
        ],
        [
            7,
            12
        ],
        [
            12,
            7
        ],
        [
            8,
            11
        ],
        [
            11,
            8
        ],
        [
            12,
            11
        ],
        [
            11,
            12
        ],
        [
            7,
            12
        ],
        [
            12,
            7
        ],
        [
            0,
            0
        ],
        [
            1,
            1
        ],
        [
            2,
            2
        ],
        [
            3,
            3
        ],
        [
            4,
            4
        ],
        [
            5,
            5
        ],
        [
            6,
            6
        ],
        [
            7,
            7
        ],
        [
            8,
            8
        ],
        [
            9,
            9
        ],
        [
            10,
            10
        ],
        [
            11,
            11
        ],
        [
            12,
            12
        ],
        [
            13,
            13
        ],
        [
            14,
            14
        ],
        [
            15,
            15
        ]
    ],
    "similarity": 0.41
}