{
    "coords": [
        [
            46.35616063152459,
            63.75533291649828
        ],
        [
            17.41087484338557,
            28.476036460249155
        ],
        [
            69.33519315375979,
            32.8598052835564
        ],
        [
            23.189593159610524,
            67.75180995082626
        ],
        [
            68.8713145426595,
            64.40729763628866
        ],
        [
            73.88789267210487,
            33.793792644231914
        ],
        [
            78.71765300662597,
            61.12970405361806
        ],
        [
            89.89516703701715,
            51.23748630843143
        ],
        [
            20.628375222144815,
            47.76301238175086
        ],
        [
            70.844538325007,
            44.485451528237604
        ],
        [
            47.47803971793698,
            27.587180055839404
        ]
    ],
    "edges": [
        [
            1,
            2
        ],
        [
            2,
            1
        ],
        [
            1,
            3
        ],
        [
            3,
            1
        ],
        [
            2,
            4
        ],
        [
            4,
            2
        ],
        [
            3,
            4
        ],
        [
            4,
            3
        ],
        [
            8,
            9
        ],
        [
            9,
            8
        ],
        [
            10,
            0
        ],
        [
            0,
            10
        ],
        [
            1,
            4
        ],
        [
            4,
            1
        ],
        [
            3,
            2
        ],
        [
            2,
            3
        ],
        [
            2,
            7
        ],
        [
            7,
            2
        ],
        [
            4,
            7
        ],
        [
            7,
            4
        ],
        [
            9,
            7
        ],
        [
            7,
            9
        ],
        [
            5,
            6
        ],
        [
            6,
            5
        ],
        [
            0,
            0
        ],
        [
            1,
            1
        ],
        [
            2,
            2
        ],
        [
            3,
            3
        ],
        [
            4,
            4
        ],
        [
            5,
            5
        ],
        [
            6,
            6
        ],
        [
            7,
            7
        ],
        [
            8,
            8
        ],
        [
            9,
            9
        ],
        [
            10,
            10
        ]
    ],
    "similarity": 0.24
}