{
    "coords": [
        [
            42.50969291067453,
            67.60134435330737
        ],
        [
            47.64231671734269,
            19.40136945324086
        ],
        [
            19.640952712889973,
            28.44077040686492
        ],
        [
            69.03168872162587,
            30.03637309741123
        ],
        [
            22.10925033763279,
            66.93263186803459
        ],
        [
            69.54723811388513,
            64.17034271913518
        ],
        [
            77.29600435995935,
            34.8482975500855
        ],
        [
            19.69387669508318,
            37.350070274460336
        ],
        [
            20.230502891075822,
            54.932656209838015
        ],
        [
            77.12023252811134,
            58.21302799733471
        ],
        [
            91.52276678722436,
            48.12618504264818
        ],
        [
            31.90653317269274,
            57.429818903757905
        ],
        [
            30.08795662720879,
            36.991091676919005
        ],
        [
            18.30624333706215,
            45.408937615828876
        ],
        [
            70.17138962622371,
            45.858204543016285
        ],
        [
            46.668744638130875,
            30.434457312589668
        ]
    ],
    "edges": [
        [
            2,
            3
        ],
        [
            3,
            2
        ],
        [
            2,
            4
        ],
        [
            4,
            2
        ],
        [
            3,
            5
        ],
        [
            5,
            3
        ],
        [
            4,
            5
        ],
        [
            5,
            4
        ],
        [
            13,
            14
        ],
        [
            14,
            13
        ],
        [
            15,
            0
        ],
        [
            0,
            15
        ],
        [
            2,
            5
        ],
        [
            5,
            2
        ],
        [
            4,
            3
        ],
        [
            3,
            4
        ],
        [
            3,
            10
        ],
        [
            10,
            3
        ],
        [
            5,
            10
        ],
        [
            10,
            5
        ],
        [
            14,
            10
        ],
        [
            10,
            14
        ],
        [
            6,
            9
        ],
        [
            9,
            6
        ],
        [
            1,
            3
        ],
        [
            3,
            1
        ],
        [
            1,
            15
        ],
        [
            15,
            1
        ],
        [
            7,
            12
        ],
        [
            12,
            7
        ],
        [
            8,
            11
        ],
        [
            11,
            8
        ],
        [
            12,
            11
        ],
        [
            11,
            12
        ],
        [
            7,
            12
        ],
        [
            12,
            7
        ],
        [
            7,
            11
        ],
        [
            11,
            7
        ],
        [
            12,
            8
        ],
        [
            8,
            12
        ],
        [
            0,
            0
        ],
        [
            1,
            1
        ],
        [
            2,
            2
        ],
        [
            3,
            3
        ],
        [
            4,
            4
        ],
        [
            5,
            5
        ],
        [
            6,
            6
        ],
        [
            7,
            7
        ],
        [
            8,
            8
        ],
        [
            9,
            9
        ],
        [
            10,
            10
        ],
        [
            11,
            11
        ],
        [
            12,
            12
        ],
        [
            13,
            13
        ],
        [
            14,
            14
        ],
        [
            15,
            15
        ]
    ],
    "similarity": 0.45
}