{
    "coords": [
        [
            19.585779967268046,
            37.583284801070896
        ],
        [
            20.910931443644824,
            75.44297527756224
        ],
        [
            74.5659719376626,
            33.781535059472624
        ],
        [
            74.15024398552818,
            61.45583763138039
        ],
        [
            91.43462727394935,
            45.8649070329985
        ],
        [
            31.549431964534943,
            69.70431079681585
        ],
        [
            19.69085166699194,
            48.30727716810767
        ],
        [
            46.971404395430525,
            64.31822942999808
        ],
        [
            69.74641201208557,
            31.02863620093759
        ],
        [
            18.053691944979224,
            55.446531957343744
        ],
        [
            34.17479271710092,
            56.715595810380094
        ],
        [
            32.90308388744398,
            37.40043561580367
        ],
        [
            23.880530096203664,
            33.87183267410883
        ],
        [
            60.44787202812948,
            72.26685908611951
        ],
        [
            28.582606277228155,
            65.73882548223962
        ],
        [
            46.019866434052524,
            32.33365149178477
        ],
        [
            21.937201790422733,
            31.455394098697838
        ],
        [
            71.87339321607575,
            66.75958195762757
        ],
        [
            29.082664146089698,
            74.23913377499862
        ],
        [
            43.64790688149352,
            21.26514592374091
        ],
        [
            21.813351918157988,
            63.91239592480063
        ],
        [
            60.974896347221915,
            66.19987653706477
        ],
        [
            46.639214218575596,
            71.86039761703874
        ],
        [
            65.64309744512175,
            69.37354258976524
        ],
        [
            68.95680925360385,
            45.91284071991223
        ],
        [
            44.09239553282987,
            28.411035356064126
        ]
    ],
    "edges": [
        [
            16,
            8
        ],
        [
            8,
            16
        ],
        [
            16,
            20
        ],
        [
            20,
            16
        ],
        [
            8,
            17
        ],
        [
            17,
            8
        ],
        [
            20,
            17
        ],
        [
            17,
            20
        ],
        [
            6,
            24
        ],
        [
            24,
            6
        ],
        [
            25,
            7
        ],
        [
            7,
            25
        ],
        [
            16,
            17
        ],
        [
            17,
            16
        ],
        [
            20,
            8
        ],
        [
            8,
            20
        ],
        [
            8,
            4
        ],
        [
            4,
            8
        ],
        [
            17,
            4
        ],
        [
            4,
            17
        ],
        [
            24,
            4
        ],
        [
            4,
            24
        ],
        [
            2,
            3
        ],
        [
            3,
            2
        ],
        [
            19,
            8
        ],
        [
            8,
            19
        ],
        [
            19,
            25
        ],
        [
            25,
            19
        ],
        [
            0,
            11
        ],
        [
            11,
            0
        ],
        [
            9,
            10
        ],
        [
            10,
            9
        ],
        [
            11,
            10
        ],
        [
            10,
            11
        ],
        [
            0,
            11
        ],
        [
            11,
            0
        ],
        [
            0,
            10
        ],
        [
            10,
            0
        ],
        [
            11,
            9
        ],
        [
            9,
            11
        ],
        [
            20,
            1
        ],
        [
            1,
            20
        ],
        [
            14,
            18
        ],
        [
            18,
            14
        ],
        [
            1,
            18
        ],
        [
            18,
            1
        ],
        [
            20,
            18
        ],
        [
            18,
            20
        ],
        [
            22,
            7
        ],
        [
            7,
            22
        ],
        [
            5,
            23
        ],
        [
            23,
            5
        ],
        [
            21,
            13
        ],
        [
            13,
            21
        ],
        [
            12,
            15
        ],
        [
            15,
            12
        ],
        [
            0,
            0
        ],
        [
            1,
            1
        ],
        [
            2,
            2
        ],
        [
            3,
            3
        ],
        [
            4,
            4
        ],
        [
            5,
            5
        ],
        [
            6,
            6
        ],
        [
            7,
            7
        ],
        [
            8,
            8
        ],
        [
            9,
            9
        ],
        [
            10,
            10
        ],
        [
            11,
            11
        ],
        [
            12,
            12
        ],
        [
            13,
            13
        ],
        [
            14,
            14
        ],
        [
            15,
            15
        ],
        [
            16,
            16
        ],
        [
            17,
            17
        ],
        [
            18,
            18
        ],
        [
            19,
            19
        ],
        [
            20,
            20
        ],
        [
            21,
            21
        ],
        [
            22,
            22
        ],
        [
            23,
            23
        ],
        [
            24,
            24
        ],
        [
            25,
            25
        ]
    ],
    "similarity": 0.6
}