{
    "coords": [
        [
            42.874436008614666,
            62.81753899646105
        ],
        [
            45.361638170937525,
            22.153566814555724
        ],
        [
            22.69292493941466,
            27.68234215603926
        ],
        [
            68.48182148815131,
            30.87301947146603
        ],
        [
            21.144214925820545,
            63.552058119104295
        ],
        [
            68.67498856118858,
            67.00155717204227
        ],
        [
            74.81199229106076,
            36.332773332467696
        ],
        [
            18.126757669299803,
            40.13901546411089
        ],
        [
            17.03874128191178,
            57.99381239213464
        ],
        [
            76.79853665467989,
            61.776118819211604
        ],
        [
            89.5434645620296,
            46.795114149067025
        ],
        [
            33.21775053148463,
            57.14154343634665
        ],
        [
            30.61940905369557,
            36.30283746968835
        ],
        [
            20.268345849931997,
            49.519181030885235
        ],
        [
            66.97870078069936,
            48.89552575362266
        ],
        [
            47.72792855509335,
            28.3807551808183
        ]
    ],
    "edges": [
        [
            2,
            3
        ],
        [
            3,
            2
        ],
        [
            2,
            4
        ],
        [
            4,
            2
        ],
        [
            3,
            5
        ],
        [
            5,
            3
        ],
        [
            4,
            5
        ],
        [
            5,
            4
        ],
        [
            13,
            14
        ],
        [
            14,
            13
        ],
        [
            15,
            0
        ],
        [
            0,
            15
        ],
        [
            2,
            5
        ],
        [
            5,
            2
        ],
        [
            4,
            3
        ],
        [
            3,
            4
        ],
        [
            3,
            10
        ],
        [
            10,
            3
        ],
        [
            5,
            10
        ],
        [
            10,
            5
        ],
        [
            14,
            10
        ],
        [
            10,
            14
        ],
        [
            6,
            9
        ],
        [
            9,
            6
        ],
        [
            1,
            3
        ],
        [
            3,
            1
        ],
        [
            1,
            15
        ],
        [
            15,
            1
        ],
        [
            7,
            12
        ],
        [
            12,
            7
        ],
        [
            8,
            11
        ],
        [
            11,
            8
        ],
        [
            12,
            11
        ],
        [
            11,
            12
        ],
        [
            7,
            12
        ],
        [
            12,
            7
        ],
        [
            0,
            0
        ],
        [
            1,
            1
        ],
        [
            2,
            2
        ],
        [
            3,
            3
        ],
        [
            4,
            4
        ],
        [
            5,
            5
        ],
        [
            6,
            6
        ],
        [
            7,
            7
        ],
        [
            8,
            8
        ],
        [
            9,
            9
        ],
        [
            10,
            10
        ],
        [
            11,
            11
        ],
        [
            12,
            12
        ],
        [
            13,
            13
        ],
        [
            14,
            14
        ],
        [
            15,
            15
        ]
    ],
    "similarity": 0.39
}