{
    "coords": [
        [
            23.212344754490395,
            60.720899363251775
        ],
        [
            72.7277699986912,
            68.75807898985077
        ],
        [
            23.44207655317811,
            27.758197550107607
        ],
        [
            74.0396961961836,
            31.013331605345748
        ]
    ],
    "edges": [
        [
            2,
            3
        ],
        [
            3,
            2
        ],
        [
            2,
            0
        ],
        [
            0,
            2
        ],
        [
            3,
            1
        ],
        [
            1,
            3
        ],
        [
            0,
            1
        ],
        [
            1,
            0
        ],
        [
            0,
            0
        ],
        [
            1,
            1
        ],
        [
            2,
            2
        ],
        [
            3,
            3
        ]
    ],
    "similarity": 0.09
}