{
    "coords": [
        [
            20.25054746523237,
            39.88033036971514
        ],
        [
            18.92167604874052,
            76.62398840730555
        ],
        [
            73.9573590643239,
            35.43818026465773
        ],
        [
            76.03710454117497,
            58.58272826250966
        ],
        [
            89.54653958767608,
            46.951025510268394
        ],
        [
            31.195881855787846,
            71.80842101925913
        ],
        [
            19.477252039383224,
            47.475080302138316
        ],
        [
            43.99517860376211,
            66.10172696470029
        ],
        [
            67.89916612278301,
            28.850210879325953
        ],
        [
            18.76696175934294,
            53.876586079006394
        ],
        [
            35.11675051737318,
            54.372001853519535
        ],
        [
            30.635388201611992,
            37.95983420518427
        ],
        [
            28.84746976407184,
            65.86201208391718
        ],
        [
            18.511802531099306,
            29.010328529664907
        ],
        [
            68.18275273062766,
            66.80737492541958
        ],
        [
            30.85723663455133,
            73.42222524564006
        ],
        [
            43.32007076410607,
            17.86834764993006
        ],
        [
            20.01136633257867,
            64.17413985574844
        ],
        [
            45.382783573021406,
            68.59800067310893
        ],
        [
            65.1560123078367,
            68.68147362394423
        ],
        [
            69.93831355214253,
            48.73264758622539
        ],
        [
            46.71329124990169,
            30.24474081283595
        ]
    ],
    "edges": [
        [
            13,
            8
        ],
        [
            8,
            13
        ],
        [
            13,
            17
        ],
        [
            17,
            13
        ],
        [
            8,
            14
        ],
        [
            14,
            8
        ],
        [
            17,
            14
        ],
        [
            14,
            17
        ],
        [
            6,
            20
        ],
        [
            20,
            6
        ],
        [
            21,
            7
        ],
        [
            7,
            21
        ],
        [
            13,
            14
        ],
        [
            14,
            13
        ],
        [
            17,
            8
        ],
        [
            8,
            17
        ],
        [
            8,
            4
        ],
        [
            4,
            8
        ],
        [
            14,
            4
        ],
        [
            4,
            14
        ],
        [
            20,
            4
        ],
        [
            4,
            20
        ],
        [
            2,
            3
        ],
        [
            3,
            2
        ],
        [
            16,
            8
        ],
        [
            8,
            16
        ],
        [
            16,
            21
        ],
        [
            21,
            16
        ],
        [
            0,
            11
        ],
        [
            11,
            0
        ],
        [
            9,
            10
        ],
        [
            10,
            9
        ],
        [
            11,
            10
        ],
        [
            10,
            11
        ],
        [
            0,
            11
        ],
        [
            11,
            0
        ],
        [
            0,
            10
        ],
        [
            10,
            0
        ],
        [
            11,
            9
        ],
        [
            9,
            11
        ],
        [
            17,
            1
        ],
        [
            1,
            17
        ],
        [
            12,
            15
        ],
        [
            15,
            12
        ],
        [
            1,
            15
        ],
        [
            15,
            1
        ],
        [
            17,
            15
        ],
        [
            15,
            17
        ],
        [
            18,
            7
        ],
        [
            7,
            18
        ],
        [
            5,
            19
        ],
        [
            19,
            5
        ],
        [
            0,
            0
        ],
        [
            1,
            1
        ],
        [
            2,
            2
        ],
        [
            3,
            3
        ],
        [
            4,
            4
        ],
        [
            5,
            5
        ],
        [
            6,
            6
        ],
        [
            7,
            7
        ],
        [
            8,
            8
        ],
        [
            9,
            9
        ],
        [
            10,
            10
        ],
        [
            11,
            11
        ],
        [
            12,
            12
        ],
        [
            13,
            13
        ],
        [
            14,
            14
        ],
        [
            15,
            15
        ],
        [
            16,
            16
        ],
        [
            17,
            17
        ],
        [
            18,
            18
        ],
        [
            19,
            19
        ],
        [
            20,
            20
        ],
        [
            21,
            21
        ]
    ],
    "similarity": 0.57
}