{
    "coords": [
        [
            42.117142498817415,
            64.0721565639275
        ],
        [
            22.23549949355001,
            28.23268450774989
        ],
        [
            73.46290871066726,
            32.95104323780586
        ],
        [
            17.055696761603727,
            64.62846691558944
        ],
        [
            70.17542875766185,
            67.5323668862871
        ],
        [
            74.66105405597031,
            36.15680895984318
        ],
        [
            78.36343709196493,
            62.9048441762744
        ],
        [
            90.08311674328814,
            47.033357451265275
        ],
        [
            18.945306783450818,
            50.68657244554932
        ],
        [
            70.15319657868531,
            46.34297992401569
        ],
        [
            41.85797937586116,
            31.0124669527644
        ]
    ],
    "edges": [
        [
            1,
            2
        ],
        [
            2,
            1
        ],
        [
            1,
            3
        ],
        [
            3,
            1
        ],
        [
            2,
            4
        ],
        [
            4,
            2
        ],
        [
            3,
            4
        ],
        [
            4,
            3
        ],
        [
            8,
            9
        ],
        [
            9,
            8
        ],
        [
            10,
            0
        ],
        [
            0,
            10
        ],
        [
            1,
            4
        ],
        [
            4,
            1
        ],
        [
            3,
            2
        ],
        [
            2,
            3
        ],
        [
            2,
            7
        ],
        [
            7,
            2
        ],
        [
            4,
            7
        ],
        [
            7,
            4
        ],
        [
            9,
            7
        ],
        [
            7,
            9
        ],
        [
            5,
            6
        ],
        [
            6,
            5
        ],
        [
            0,
            0
        ],
        [
            1,
            1
        ],
        [
            2,
            2
        ],
        [
            3,
            3
        ],
        [
            4,
            4
        ],
        [
            5,
            5
        ],
        [
            6,
            6
        ],
        [
            7,
            7
        ],
        [
            8,
            8
        ],
        [
            9,
            9
        ],
        [
            10,
            10
        ]
    ],
    "similarity": 0.24
}