{
    "coords": [
        [
            18.366950268813525,
            38.387155698063026
        ],
        [
            18.068039632547055,
            75.182162269938
        ],
        [
            74.67036819381524,
            35.114321176799905
        ],
        [
            74.08834741473603,
            62.149819392526965
        ],
        [
            88.82274200083157,
            45.906774052819884
        ],
        [
            19.847221738306697,
            46.1974244279153
        ],
        [
            45.140354716491764,
            67.20339215206171
        ],
        [
            68.70584764731099,
            31.716941797069722
        ],
        [
            21.266792725547155,
            56.17355994512014
        ],
        [
            31.462320659538726,
            55.021078610369806
        ],
        [
            33.9686519048696,
            36.09462627792562
        ],
        [
            29.90108373014116,
            63.01041695093328
        ],
        [
            21.594386035527016,
            31.828574214692182
        ],
        [
            68.52333133957225,
            63.34321359236455
        ],
        [
            31.743392294137998,
            74.17507250098667
        ],
        [
            46.41880482623827,
            18.61598445168933
        ],
        [
            20.229960886166005,
            63.28685086198624
        ],
        [
            70.58930457506374,
            45.92307384441956
        ],
        [
            43.723956453728135,
            27.871501768276598
        ]
    ],
    "edges": [
        [
            12,
            7
        ],
        [
            7,
            12
        ],
        [
            12,
            16
        ],
        [
            16,
            12
        ],
        [
            7,
            13
        ],
        [
            13,
            7
        ],
        [
            16,
            13
        ],
        [
            13,
            16
        ],
        [
            5,
            17
        ],
        [
            17,
            5
        ],
        [
            18,
            6
        ],
        [
            6,
            18
        ],
        [
            12,
            13
        ],
        [
            13,
            12
        ],
        [
            16,
            7
        ],
        [
            7,
            16
        ],
        [
            7,
            4
        ],
        [
            4,
            7
        ],
        [
            13,
            4
        ],
        [
            4,
            13
        ],
        [
            17,
            4
        ],
        [
            4,
            17
        ],
        [
            2,
            3
        ],
        [
            3,
            2
        ],
        [
            15,
            7
        ],
        [
            7,
            15
        ],
        [
            15,
            18
        ],
        [
            18,
            15
        ],
        [
            0,
            10
        ],
        [
            10,
            0
        ],
        [
            8,
            9
        ],
        [
            9,
            8
        ],
        [
            10,
            9
        ],
        [
            9,
            10
        ],
        [
            0,
            10
        ],
        [
            10,
            0
        ],
        [
            0,
            9
        ],
        [
            9,
            0
        ],
        [
            10,
            8
        ],
        [
            8,
            10
        ],
        [
            16,
            1
        ],
        [
            1,
            16
        ],
        [
            11,
            14
        ],
        [
            14,
            11
        ],
        [
            1,
            14
        ],
        [
            14,
            1
        ],
        [
            16,
            14
        ],
        [
            14,
            16
        ],
        [
            0,
            0
        ],
        [
            1,
            1
        ],
        [
            2,
            2
        ],
        [
            3,
            3
        ],
        [
            4,
            4
        ],
        [
            5,
            5
        ],
        [
            6,
            6
        ],
        [
            7,
            7
        ],
        [
            8,
            8
        ],
        [
            9,
            9
        ],
        [
            10,
            10
        ],
        [
            11,
            11
        ],
        [
            12,
            12
        ],
        [
            13,
            13
        ],
        [
            14,
            14
        ],
        [
            15,
            15
        ],
        [
            16,
            16
        ],
        [
            17,
            17
        ],
        [
            18,
            18
        ]
    ],
    "similarity": 0.55
}