{
    "coords": [
        [
            21.537979688132182,
            35.8590537133015
        ],
        [
            21.492949347981718,
            74.82200804031321
        ],
        [
            74.96682184520935,
            35.018628151950765
        ],
        [
            73.19684365763136,
            57.810014361885244
        ],
        [
            91.81786215340338,
            46.0398016781673
        ],
        [
            21.193247810221823,
            48.5428553259513
        ],
        [
            46.00165101157268,
            65.46839210017829
        ],
        [
            67.77588071512221,
            32.06271745907953
        ],
        [
            19.493158040061395,
            57.38903267139137
        ],
        [
            33.61671189133371,
            55.86785838177168
        ],
        [
            29.950859100679146,
            36.643945265096356
        ],
        [
            29.798620907776247,
            65.85346628780506
        ],
        [
            18.7468528658414,
            29.604232950678366
        ],
        [
            68.08293702117209,
            63.255924341811074
        ],
        [
            31.863943849674918,
            74.61821759228248
        ],
        [
            43.14940939095604,
            18.454287339891245
        ],
        [
            20.464363593017733,
            64.61759600588901
        ],
        [
            70.12510339633947,
            49.55955997189167
        ],
        [
            43.25769626785081,
            30.725511474941708
        ]
    ],
    "edges": [
        [
            12,
            7
        ],
        [
            7,
            12
        ],
        [
            12,
            16
        ],
        [
            16,
            12
        ],
        [
            7,
            13
        ],
        [
            13,
            7
        ],
        [
            16,
            13
        ],
        [
            13,
            16
        ],
        [
            5,
            17
        ],
        [
            17,
            5
        ],
        [
            18,
            6
        ],
        [
            6,
            18
        ],
        [
            12,
            13
        ],
        [
            13,
            12
        ],
        [
            16,
            7
        ],
        [
            7,
            16
        ],
        [
            7,
            4
        ],
        [
            4,
            7
        ],
        [
            13,
            4
        ],
        [
            4,
            13
        ],
        [
            17,
            4
        ],
        [
            4,
            17
        ],
        [
            2,
            3
        ],
        [
            3,
            2
        ],
        [
            15,
            7
        ],
        [
            7,
            15
        ],
        [
            15,
            18
        ],
        [
            18,
            15
        ],
        [
            0,
            10
        ],
        [
            10,
            0
        ],
        [
            8,
            9
        ],
        [
            9,
            8
        ],
        [
            10,
            9
        ],
        [
            9,
            10
        ],
        [
            0,
            10
        ],
        [
            10,
            0
        ],
        [
            0,
            9
        ],
        [
            9,
            0
        ],
        [
            10,
            8
        ],
        [
            8,
            10
        ],
        [
            16,
            1
        ],
        [
            1,
            16
        ],
        [
            11,
            14
        ],
        [
            14,
            11
        ],
        [
            1,
            14
        ],
        [
            14,
            1
        ],
        [
            16,
            14
        ],
        [
            14,
            16
        ],
        [
            0,
            0
        ],
        [
            1,
            1
        ],
        [
            2,
            2
        ],
        [
            3,
            3
        ],
        [
            4,
            4
        ],
        [
            5,
            5
        ],
        [
            6,
            6
        ],
        [
            7,
            7
        ],
        [
            8,
            8
        ],
        [
            9,
            9
        ],
        [
            10,
            10
        ],
        [
            11,
            11
        ],
        [
            12,
            12
        ],
        [
            13,
            13
        ],
        [
            14,
            14
        ],
        [
            15,
            15
        ],
        [
            16,
            16
        ],
        [
            17,
            17
        ],
        [
            18,
            18
        ]
    ],
    "similarity": 0.51
}