{
    "coords": [
        [
            20.20184856380217,
            38.42136369805509
        ],
        [
            20.64981326252894,
            74.64966116443738
        ],
        [
            77.68858326412749,
            37.01473117650913
        ],
        [
            74.25996306806223,
            62.06533927582281
        ],
        [
            90.46524029032318,
            46.14405288085989
        ],
        [
            28.213313956576414,
            68.80191103126066
        ],
        [
            20.478793450882307,
            47.6671253208163
        ],
        [
            45.31870874472553,
            63.701030201744004
        ],
        [
            68.05486382284637,
            28.484959251875267
        ],
        [
            19.626026716620327,
            54.71709100283243
        ],
        [
            34.8885470666768,
            55.79315464070287
        ],
        [
            33.2912705005103,
            38.04679902518727
        ],
        [
            29.307750246332642,
            65.20303916995853
        ],
        [
            17.94291945044624,
            28.74562000425272
        ],
        [
            70.95988328137284,
            63.318702062900606
        ],
        [
            27.873685751102002,
            72.95505523705901
        ],
        [
            42.90164843904734,
            19.965344142019358
        ],
        [
            17.816394597522475,
            62.80161569356998
        ],
        [
            46.842290378124346,
            71.7051053696159
        ],
        [
            64.51222805604348,
            68.69202522500838
        ],
        [
            70.4232680575163,
            45.669971865604126
        ],
        [
            43.47716474696456,
            28.77569062160306
        ]
    ],
    "edges": [
        [
            13,
            8
        ],
        [
            8,
            13
        ],
        [
            13,
            17
        ],
        [
            17,
            13
        ],
        [
            8,
            14
        ],
        [
            14,
            8
        ],
        [
            17,
            14
        ],
        [
            14,
            17
        ],
        [
            6,
            20
        ],
        [
            20,
            6
        ],
        [
            21,
            7
        ],
        [
            7,
            21
        ],
        [
            13,
            14
        ],
        [
            14,
            13
        ],
        [
            17,
            8
        ],
        [
            8,
            17
        ],
        [
            8,
            4
        ],
        [
            4,
            8
        ],
        [
            14,
            4
        ],
        [
            4,
            14
        ],
        [
            20,
            4
        ],
        [
            4,
            20
        ],
        [
            2,
            3
        ],
        [
            3,
            2
        ],
        [
            16,
            8
        ],
        [
            8,
            16
        ],
        [
            16,
            21
        ],
        [
            21,
            16
        ],
        [
            0,
            11
        ],
        [
            11,
            0
        ],
        [
            9,
            10
        ],
        [
            10,
            9
        ],
        [
            11,
            10
        ],
        [
            10,
            11
        ],
        [
            0,
            11
        ],
        [
            11,
            0
        ],
        [
            0,
            10
        ],
        [
            10,
            0
        ],
        [
            11,
            9
        ],
        [
            9,
            11
        ],
        [
            17,
            1
        ],
        [
            1,
            17
        ],
        [
            12,
            15
        ],
        [
            15,
            12
        ],
        [
            1,
            15
        ],
        [
            15,
            1
        ],
        [
            17,
            15
        ],
        [
            15,
            17
        ],
        [
            18,
            7
        ],
        [
            7,
            18
        ],
        [
            5,
            19
        ],
        [
            19,
            5
        ],
        [
            0,
            0
        ],
        [
            1,
            1
        ],
        [
            2,
            2
        ],
        [
            3,
            3
        ],
        [
            4,
            4
        ],
        [
            5,
            5
        ],
        [
            6,
            6
        ],
        [
            7,
            7
        ],
        [
            8,
            8
        ],
        [
            9,
            9
        ],
        [
            10,
            10
        ],
        [
            11,
            11
        ],
        [
            12,
            12
        ],
        [
            13,
            13
        ],
        [
            14,
            14
        ],
        [
            15,
            15
        ],
        [
            16,
            16
        ],
        [
            17,
            17
        ],
        [
            18,
            18
        ],
        [
            19,
            19
        ],
        [
            20,
            20
        ],
        [
            21,
            21
        ]
    ],
    "similarity": 0.56
}