{
    "coords": [
        [
            18.753297910439617,
            39.80030645773016
        ],
        [
            21.896128478256124,
            76.7511708239723
        ],
        [
            73.91299776578921,
            35.833339806631024
        ],
        [
            73.30325245833819,
            58.28360256737889
        ],
        [
            88.83741184136251,
            48.057072700521225
        ],
        [
            28.995964997903297,
            70.47249860145526
        ],
        [
            22.199142079418387,
            46.7570097254352
        ],
        [
            44.91493397546877,
            66.68576046289375
        ],
        [
            67.95949949316498,
            29.557207244722225
        ],
        [
            22.138783364304967,
            56.7320013285836
        ],
        [
            32.199304566325566,
            55.8462340732497
        ],
        [
            32.2043033429936,
            36.43543257211336
        ],
        [
            27.946470730075504,
            64.87532475898556
        ],
        [
            22.081248134777496,
            30.292893189058116
        ],
        [
            71.95410232632666,
            66.00827473558451
        ],
        [
            28.94672269876414,
            75.78428425699467
        ],
        [
            46.03599659279588,
            18.67509076594481
        ],
        [
            19.33548863767445,
            63.116780794572435
        ],
        [
            46.10071442694984,
            71.97877112277217
        ],
        [
            63.557461452893705,
            68.42325051978119
        ],
        [
            70.83082734478724,
            49.69566727242776
        ],
        [
            43.2497298417236,
            27.945574234464704
        ]
    ],
    "edges": [
        [
            13,
            8
        ],
        [
            8,
            13
        ],
        [
            13,
            17
        ],
        [
            17,
            13
        ],
        [
            8,
            14
        ],
        [
            14,
            8
        ],
        [
            17,
            14
        ],
        [
            14,
            17
        ],
        [
            6,
            20
        ],
        [
            20,
            6
        ],
        [
            21,
            7
        ],
        [
            7,
            21
        ],
        [
            13,
            14
        ],
        [
            14,
            13
        ],
        [
            17,
            8
        ],
        [
            8,
            17
        ],
        [
            8,
            4
        ],
        [
            4,
            8
        ],
        [
            14,
            4
        ],
        [
            4,
            14
        ],
        [
            20,
            4
        ],
        [
            4,
            20
        ],
        [
            2,
            3
        ],
        [
            3,
            2
        ],
        [
            16,
            8
        ],
        [
            8,
            16
        ],
        [
            16,
            21
        ],
        [
            21,
            16
        ],
        [
            0,
            11
        ],
        [
            11,
            0
        ],
        [
            9,
            10
        ],
        [
            10,
            9
        ],
        [
            11,
            10
        ],
        [
            10,
            11
        ],
        [
            0,
            11
        ],
        [
            11,
            0
        ],
        [
            0,
            10
        ],
        [
            10,
            0
        ],
        [
            11,
            9
        ],
        [
            9,
            11
        ],
        [
            17,
            1
        ],
        [
            1,
            17
        ],
        [
            12,
            15
        ],
        [
            15,
            12
        ],
        [
            1,
            15
        ],
        [
            15,
            1
        ],
        [
            17,
            15
        ],
        [
            15,
            17
        ],
        [
            18,
            7
        ],
        [
            7,
            18
        ],
        [
            5,
            19
        ],
        [
            19,
            5
        ],
        [
            0,
            0
        ],
        [
            1,
            1
        ],
        [
            2,
            2
        ],
        [
            3,
            3
        ],
        [
            4,
            4
        ],
        [
            5,
            5
        ],
        [
            6,
            6
        ],
        [
            7,
            7
        ],
        [
            8,
            8
        ],
        [
            9,
            9
        ],
        [
            10,
            10
        ],
        [
            11,
            11
        ],
        [
            12,
            12
        ],
        [
            13,
            13
        ],
        [
            14,
            14
        ],
        [
            15,
            15
        ],
        [
            16,
            16
        ],
        [
            17,
            17
        ],
        [
            18,
            18
        ],
        [
            19,
            19
        ],
        [
            20,
            20
        ],
        [
            21,
            21
        ]
    ],
    "similarity": 0.56
}