{
    "coords": [
        [
            19.694129481706874,
            37.96683802230626
        ],
        [
            18.014508304375436,
            73.42972542043795
        ],
        [
            75.7603901213866,
            36.86394848189463
        ],
        [
            74.61428512463992,
            58.09284564673107
        ],
        [
            88.9693068957564,
            48.697982833770155
        ],
        [
            28.13529984452146,
            69.61880186657645
        ],
        [
            20.622043139797352,
            48.660104742495186
        ],
        [
            43.32019179857376,
            66.33720384565633
        ],
        [
            68.62089769273265,
            31.79833650913112
        ],
        [
            18.134516741114602,
            57.408475153747574
        ],
        [
            31.48255957964798,
            57.05699586838319
        ],
        [
            31.338677490037355,
            36.06914436242308
        ],
        [
            26.35628740420766,
            32.72367679302683
        ],
        [
            61.07601169223088,
            72.0564474115675
        ],
        [
            27.989066170269822,
            66.23235159783727
        ],
        [
            45.915444473095214,
            35.64271266627958
        ],
        [
            17.937923898701957,
            28.352777885802908
        ],
        [
            71.45219383642224,
            64.73283889317881
        ],
        [
            28.27086584535428,
            75.78225866718046
        ],
        [
            46.198828524397825,
            20.64613372102455
        ],
        [
            22.11727190661428,
            64.0992217831478
        ],
        [
            59.99308506843153,
            65.59584291545613
        ],
        [
            44.7905325200598,
            68.03081419693419
        ],
        [
            64.48549294294017,
            67.85217298942474
        ],
        [
            71.75025549556813,
            48.889818249171626
        ],
        [
            45.95542800426867,
            31.04756300788416
        ]
    ],
    "edges": [
        [
            16,
            8
        ],
        [
            8,
            16
        ],
        [
            16,
            20
        ],
        [
            20,
            16
        ],
        [
            8,
            17
        ],
        [
            17,
            8
        ],
        [
            20,
            17
        ],
        [
            17,
            20
        ],
        [
            6,
            24
        ],
        [
            24,
            6
        ],
        [
            25,
            7
        ],
        [
            7,
            25
        ],
        [
            16,
            17
        ],
        [
            17,
            16
        ],
        [
            20,
            8
        ],
        [
            8,
            20
        ],
        [
            8,
            4
        ],
        [
            4,
            8
        ],
        [
            17,
            4
        ],
        [
            4,
            17
        ],
        [
            24,
            4
        ],
        [
            4,
            24
        ],
        [
            2,
            3
        ],
        [
            3,
            2
        ],
        [
            19,
            8
        ],
        [
            8,
            19
        ],
        [
            19,
            25
        ],
        [
            25,
            19
        ],
        [
            0,
            11
        ],
        [
            11,
            0
        ],
        [
            9,
            10
        ],
        [
            10,
            9
        ],
        [
            11,
            10
        ],
        [
            10,
            11
        ],
        [
            0,
            11
        ],
        [
            11,
            0
        ],
        [
            0,
            10
        ],
        [
            10,
            0
        ],
        [
            11,
            9
        ],
        [
            9,
            11
        ],
        [
            20,
            1
        ],
        [
            1,
            20
        ],
        [
            14,
            18
        ],
        [
            18,
            14
        ],
        [
            1,
            18
        ],
        [
            18,
            1
        ],
        [
            20,
            18
        ],
        [
            18,
            20
        ],
        [
            22,
            7
        ],
        [
            7,
            22
        ],
        [
            5,
            23
        ],
        [
            23,
            5
        ],
        [
            21,
            13
        ],
        [
            13,
            21
        ],
        [
            12,
            15
        ],
        [
            15,
            12
        ],
        [
            0,
            0
        ],
        [
            1,
            1
        ],
        [
            2,
            2
        ],
        [
            3,
            3
        ],
        [
            4,
            4
        ],
        [
            5,
            5
        ],
        [
            6,
            6
        ],
        [
            7,
            7
        ],
        [
            8,
            8
        ],
        [
            9,
            9
        ],
        [
            10,
            10
        ],
        [
            11,
            11
        ],
        [
            12,
            12
        ],
        [
            13,
            13
        ],
        [
            14,
            14
        ],
        [
            15,
            15
        ],
        [
            16,
            16
        ],
        [
            17,
            17
        ],
        [
            18,
            18
        ],
        [
            19,
            19
        ],
        [
            20,
            20
        ],
        [
            21,
            21
        ],
        [
            22,
            22
        ],
        [
            23,
            23
        ],
        [
            24,
            24
        ],
        [
            25,
            25
        ]
    ],
    "similarity": 0.56
}