{
    "coords": [
        [
            15.573120043598811,
            61.358856462029024
        ],
        [
            66.82986678278196,
            66.263272746692
        ],
        [
            18.856759868012006,
            34.02058899744333
        ],
        [
            71.97612325203592,
            32.65243838314498
        ]
    ],
    "edges": [
        [
            2,
            3
        ],
        [
            3,
            2
        ],
        [
            2,
            0
        ],
        [
            0,
            2
        ],
        [
            3,
            1
        ],
        [
            1,
            3
        ],
        [
            0,
            1
        ],
        [
            1,
            0
        ],
        [
            0,
            0
        ],
        [
            1,
            1
        ],
        [
            2,
            2
        ],
        [
            3,
            3
        ]
    ],
    "similarity": 0.1
}