{
    "coords": [
        [
            44.16267865151698,
            64.63449800167481
        ],
        [
            20.242386183142443,
            30.901034903756916
        ],
        [
            73.04042871809126,
            26.60038064385405
        ],
        [
            20.58602670865349,
            61.286508574705586
        ],
        [
            69.23505368817328,
            68.90394152952967
        ],
        [
            72.47093778685922,
            38.85077386608621
        ],
        [
            76.24866045062979,
            61.47343814499507
        ],
        [
            93.04266219428158,
            43.889160483393475
        ],
        [
            16.531525040234527,
            46.49413155468798
        ],
        [
            70.49900003752829,
            46.2683468730687
        ],
        [
            45.22099369527831,
            27.238490339640574
        ]
    ],
    "edges": [
        [
            1,
            2
        ],
        [
            2,
            1
        ],
        [
            1,
            3
        ],
        [
            3,
            1
        ],
        [
            2,
            4
        ],
        [
            4,
            2
        ],
        [
            3,
            4
        ],
        [
            4,
            3
        ],
        [
            8,
            9
        ],
        [
            9,
            8
        ],
        [
            10,
            0
        ],
        [
            0,
            10
        ],
        [
            1,
            4
        ],
        [
            4,
            1
        ],
        [
            3,
            2
        ],
        [
            2,
            3
        ],
        [
            2,
            7
        ],
        [
            7,
            2
        ],
        [
            4,
            7
        ],
        [
            7,
            4
        ],
        [
            9,
            7
        ],
        [
            7,
            9
        ],
        [
            5,
            6
        ],
        [
            6,
            5
        ],
        [
            0,
            0
        ],
        [
            1,
            1
        ],
        [
            2,
            2
        ],
        [
            3,
            3
        ],
        [
            4,
            4
        ],
        [
            5,
            5
        ],
        [
            6,
            6
        ],
        [
            7,
            7
        ],
        [
            8,
            8
        ],
        [
            9,
            9
        ],
        [
            10,
            10
        ]
    ],
    "similarity": 0.21
}