{
    "coords": [
        [
            43.83008685961026,
            67.33523567194557
        ],
        [
            45.159428075755905,
            17.868213670888036
        ],
        [
            21.924078044902892,
            30.776440169611508
        ],
        [
            69.99394946988718,
            30.15786507592926
        ],
        [
            21.068249359356123,
            65.56438910888751
        ],
        [
            71.71561129766104,
            63.66812786052451
        ],
        [
            76.34711430115263,
            33.0751314324015
        ],
        [
            18.70475137888691,
            37.34966525187971
        ],
        [
            17.255425020788973,
            57.389282597432135
        ],
        [
            77.47112172281399,
            58.010834578645046
        ],
        [
            92.14073399681817,
            47.16064116191367
        ],
        [
            35.59523967698641,
            55.027747669063245
        ],
        [
            30.675310848073032,
            40.589902100102876
        ],
        [
            21.473008126675985,
            47.64520023157239
        ],
        [
            71.62469374609073,
            47.129178055278395
        ],
        [
            47.305524776076645,
            30.073545721849595
        ]
    ],
    "edges": [
        [
            2,
            3
        ],
        [
            3,
            2
        ],
        [
            2,
            4
        ],
        [
            4,
            2
        ],
        [
            3,
            5
        ],
        [
            5,
            3
        ],
        [
            4,
            5
        ],
        [
            5,
            4
        ],
        [
            13,
            14
        ],
        [
            14,
            13
        ],
        [
            15,
            0
        ],
        [
            0,
            15
        ],
        [
            2,
            5
        ],
        [
            5,
            2
        ],
        [
            4,
            3
        ],
        [
            3,
            4
        ],
        [
            3,
            10
        ],
        [
            10,
            3
        ],
        [
            5,
            10
        ],
        [
            10,
            5
        ],
        [
            14,
            10
        ],
        [
            10,
            14
        ],
        [
            6,
            9
        ],
        [
            9,
            6
        ],
        [
            1,
            3
        ],
        [
            3,
            1
        ],
        [
            1,
            15
        ],
        [
            15,
            1
        ],
        [
            7,
            12
        ],
        [
            12,
            7
        ],
        [
            8,
            11
        ],
        [
            11,
            8
        ],
        [
            12,
            11
        ],
        [
            11,
            12
        ],
        [
            7,
            12
        ],
        [
            12,
            7
        ],
        [
            7,
            11
        ],
        [
            11,
            7
        ],
        [
            12,
            8
        ],
        [
            8,
            12
        ],
        [
            0,
            0
        ],
        [
            1,
            1
        ],
        [
            2,
            2
        ],
        [
            3,
            3
        ],
        [
            4,
            4
        ],
        [
            5,
            5
        ],
        [
            6,
            6
        ],
        [
            7,
            7
        ],
        [
            8,
            8
        ],
        [
            9,
            9
        ],
        [
            10,
            10
        ],
        [
            11,
            11
        ],
        [
            12,
            12
        ],
        [
            13,
            13
        ],
        [
            14,
            14
        ],
        [
            15,
            15
        ]
    ],
    "similarity": 0.43
}