{
    "coords": [
        [
            18.31286388369594,
            39.779192875728626
        ],
        [
            19.899776431146847,
            73.68412195155423
        ],
        [
            76.29259324500525,
            34.25700423112251
        ],
        [
            74.42965924393422,
            58.42688354893875
        ],
        [
            90.14612293683963,
            48.921442197714974
        ],
        [
            31.611028557075382,
            70.63460963447125
        ],
        [
            19.712329592028325,
            47.392472788111725
        ],
        [
            42.95347758192149,
            63.97426686388256
        ],
        [
            68.1556070370642,
            28.36195198183636
        ],
        [
            21.891825595660592,
            57.18814776767673
        ],
        [
            35.22696409138379,
            55.73831665267709
        ],
        [
            33.410601961427375,
            39.177116438622456
        ],
        [
            30.028691785620385,
            63.19685660573996
        ],
        [
            21.2690816609453,
            28.746100262730216
        ],
        [
            71.4944948486592,
            63.65271838131065
        ],
        [
            31.88356749857202,
            74.52272540045082
        ],
        [
            46.50743489271165,
            17.918774471246717
        ],
        [
            18.556492026427172,
            64.67417412680906
        ],
        [
            45.08891006303095,
            69.41487102223542
        ],
        [
            66.32205794966833,
            71.64625451273548
        ],
        [
            71.89532221648913,
            45.60255478889401
        ],
        [
            46.22325549142166,
            30.09657995114201
        ]
    ],
    "edges": [
        [
            13,
            8
        ],
        [
            8,
            13
        ],
        [
            13,
            17
        ],
        [
            17,
            13
        ],
        [
            8,
            14
        ],
        [
            14,
            8
        ],
        [
            17,
            14
        ],
        [
            14,
            17
        ],
        [
            6,
            20
        ],
        [
            20,
            6
        ],
        [
            21,
            7
        ],
        [
            7,
            21
        ],
        [
            13,
            14
        ],
        [
            14,
            13
        ],
        [
            17,
            8
        ],
        [
            8,
            17
        ],
        [
            8,
            4
        ],
        [
            4,
            8
        ],
        [
            14,
            4
        ],
        [
            4,
            14
        ],
        [
            20,
            4
        ],
        [
            4,
            20
        ],
        [
            2,
            3
        ],
        [
            3,
            2
        ],
        [
            16,
            8
        ],
        [
            8,
            16
        ],
        [
            16,
            21
        ],
        [
            21,
            16
        ],
        [
            0,
            11
        ],
        [
            11,
            0
        ],
        [
            9,
            10
        ],
        [
            10,
            9
        ],
        [
            11,
            10
        ],
        [
            10,
            11
        ],
        [
            0,
            11
        ],
        [
            11,
            0
        ],
        [
            0,
            10
        ],
        [
            10,
            0
        ],
        [
            11,
            9
        ],
        [
            9,
            11
        ],
        [
            17,
            1
        ],
        [
            1,
            17
        ],
        [
            12,
            15
        ],
        [
            15,
            12
        ],
        [
            1,
            15
        ],
        [
            15,
            1
        ],
        [
            17,
            15
        ],
        [
            15,
            17
        ],
        [
            18,
            7
        ],
        [
            7,
            18
        ],
        [
            5,
            19
        ],
        [
            19,
            5
        ],
        [
            0,
            0
        ],
        [
            1,
            1
        ],
        [
            2,
            2
        ],
        [
            3,
            3
        ],
        [
            4,
            4
        ],
        [
            5,
            5
        ],
        [
            6,
            6
        ],
        [
            7,
            7
        ],
        [
            8,
            8
        ],
        [
            9,
            9
        ],
        [
            10,
            10
        ],
        [
            11,
            11
        ],
        [
            12,
            12
        ],
        [
            13,
            13
        ],
        [
            14,
            14
        ],
        [
            15,
            15
        ],
        [
            16,
            16
        ],
        [
            17,
            17
        ],
        [
            18,
            18
        ],
        [
            19,
            19
        ],
        [
            20,
            20
        ],
        [
            21,
            21
        ]
    ],
    "similarity": 0.55
}