{
    "coords": [
        [
            42.26479302831213,
            68.22120054021796
        ],
        [
            21.38689658318721,
            28.714550554025497
        ],
        [
            72.10046864435454,
            29.900877156067576
        ],
        [
            17.01426053027312,
            67.96079749576943
        ],
        [
            68.17212680459741,
            61.86429783182031
        ],
        [
            71.91110044578882,
            35.105500858636894
        ],
        [
            74.8974072984544,
            61.06415528215621
        ],
        [
            90.48674140749377,
            47.60087392638686
        ],
        [
            22.934237276405995,
            48.20969627751801
        ],
        [
            70.22741214106604,
            48.69420659650604
        ],
        [
            42.75539289459523,
            32.437658912917264
        ]
    ],
    "edges": [
        [
            1,
            2
        ],
        [
            2,
            1
        ],
        [
            1,
            3
        ],
        [
            3,
            1
        ],
        [
            2,
            4
        ],
        [
            4,
            2
        ],
        [
            3,
            4
        ],
        [
            4,
            3
        ],
        [
            8,
            9
        ],
        [
            9,
            8
        ],
        [
            10,
            0
        ],
        [
            0,
            10
        ],
        [
            1,
            4
        ],
        [
            4,
            1
        ],
        [
            3,
            2
        ],
        [
            2,
            3
        ],
        [
            2,
            7
        ],
        [
            7,
            2
        ],
        [
            4,
            7
        ],
        [
            7,
            4
        ],
        [
            9,
            7
        ],
        [
            7,
            9
        ],
        [
            5,
            6
        ],
        [
            6,
            5
        ],
        [
            0,
            0
        ],
        [
            1,
            1
        ],
        [
            2,
            2
        ],
        [
            3,
            3
        ],
        [
            4,
            4
        ],
        [
            5,
            5
        ],
        [
            6,
            6
        ],
        [
            7,
            7
        ],
        [
            8,
            8
        ],
        [
            9,
            9
        ],
        [
            10,
            10
        ]
    ],
    "similarity": 0.26
}