{
    "coords": [
        [
            44.48656592023265,
            66.67723159586129
        ],
        [
            20.58805831295093,
            30.718565573376043
        ],
        [
            67.9964524473903,
            29.565608922714787
        ],
        [
            23.205699706473986,
            64.74784007574911
        ],
        [
            69.05359564145803,
            65.48608978430445
        ],
        [
            87.19481286434603,
            45.74146487011619
        ],
        [
            22.587562098205197,
            47.31511941322224
        ],
        [
            68.92803014105765,
            46.641163685026825
        ],
        [
            45.23977477575541,
            33.44724139342992
        ]
    ],
    "edges": [
        [
            1,
            2
        ],
        [
            2,
            1
        ],
        [
            1,
            3
        ],
        [
            3,
            1
        ],
        [
            2,
            4
        ],
        [
            4,
            2
        ],
        [
            3,
            4
        ],
        [
            4,
            3
        ],
        [
            6,
            7
        ],
        [
            7,
            6
        ],
        [
            8,
            0
        ],
        [
            0,
            8
        ],
        [
            1,
            4
        ],
        [
            4,
            1
        ],
        [
            3,
            2
        ],
        [
            2,
            3
        ],
        [
            2,
            5
        ],
        [
            5,
            2
        ],
        [
            4,
            5
        ],
        [
            5,
            4
        ],
        [
            0,
            0
        ],
        [
            1,
            1
        ],
        [
            2,
            2
        ],
        [
            3,
            3
        ],
        [
            4,
            4
        ],
        [
            5,
            5
        ],
        [
            6,
            6
        ],
        [
            7,
            7
        ],
        [
            8,
            8
        ]
    ],
    "similarity": 0.21
}