{
    "coords": [
        [
            43.12356825585954,
            67.13392634446491
        ],
        [
            24.020388536541137,
            26.2310529401147
        ],
        [
            67.98238655374254,
            29.028453860204323
        ],
        [
            20.895129114295585,
            64.57623001190314
        ],
        [
            69.56859530837953,
            68.69682524577146
        ],
        [
            17.392911684916672,
            46.87700577768035
        ],
        [
            70.45442554658264,
            47.6566377515228
        ],
        [
            41.310307871173926,
            28.42816317230776
        ]
    ],
    "edges": [
        [
            1,
            2
        ],
        [
            2,
            1
        ],
        [
            1,
            3
        ],
        [
            3,
            1
        ],
        [
            2,
            4
        ],
        [
            4,
            2
        ],
        [
            3,
            4
        ],
        [
            4,
            3
        ],
        [
            5,
            6
        ],
        [
            6,
            5
        ],
        [
            7,
            0
        ],
        [
            0,
            7
        ],
        [
            1,
            4
        ],
        [
            4,
            1
        ],
        [
            3,
            2
        ],
        [
            2,
            3
        ],
        [
            0,
            0
        ],
        [
            1,
            1
        ],
        [
            2,
            2
        ],
        [
            3,
            3
        ],
        [
            4,
            4
        ],
        [
            5,
            5
        ],
        [
            6,
            6
        ],
        [
            7,
            7
        ]
    ],
    "similarity": 0.14
}