{
    "coords": [
        [
            47.48771369396268,
            66.25477106919723
        ],
        [
            47.96279394393117,
            22.548245723257168
        ],
        [
            17.599742648338438,
            33.186888847919235
        ],
        [
            68.56387079665771,
            28.954100123721936
        ],
        [
            16.632616869366068,
            62.32747998967615
        ],
        [
            70.3472499161556,
            63.2104899982188
        ],
        [
            78.9098043019012,
            35.53782946317464
        ],
        [
            73.13293313947744,
            58.97990014407985
        ],
        [
            88.84022971199943,
            49.72053504428305
        ],
        [
            21.37460407554204,
            48.52565613458905
        ],
        [
            72.09703974295941,
            49.586141411533504
        ],
        [
            43.310176146488025,
            26.645759018754866
        ]
    ],
    "edges": [
        [
            2,
            3
        ],
        [
            3,
            2
        ],
        [
            2,
            4
        ],
        [
            4,
            2
        ],
        [
            3,
            5
        ],
        [
            5,
            3
        ],
        [
            4,
            5
        ],
        [
            5,
            4
        ],
        [
            9,
            10
        ],
        [
            10,
            9
        ],
        [
            11,
            0
        ],
        [
            0,
            11
        ],
        [
            2,
            5
        ],
        [
            5,
            2
        ],
        [
            4,
            3
        ],
        [
            3,
            4
        ],
        [
            3,
            8
        ],
        [
            8,
            3
        ],
        [
            5,
            8
        ],
        [
            8,
            5
        ],
        [
            10,
            8
        ],
        [
            8,
            10
        ],
        [
            6,
            7
        ],
        [
            7,
            6
        ],
        [
            1,
            3
        ],
        [
            3,
            1
        ],
        [
            1,
            11
        ],
        [
            11,
            1
        ],
        [
            0,
            0
        ],
        [
            1,
            1
        ],
        [
            2,
            2
        ],
        [
            3,
            3
        ],
        [
            4,
            4
        ],
        [
            5,
            5
        ],
        [
            6,
            6
        ],
        [
            7,
            7
        ],
        [
            8,
            8
        ],
        [
            9,
            9
        ],
        [
            10,
            10
        ],
        [
            11,
            11
        ]
    ],
    "similarity": 0.31
}