{
    "coords": [
        [
            20.36121405486174,
            75.35112543812015
        ],
        [
            75.47943024842047,
            35.33719822785554
        ],
        [
            75.50708294161917,
            60.00821151285507
        ],
        [
            90.24752277417028,
            47.169172548888305
        ],
        [
            29.6963334981353,
            70.37076221394265
        ],
        [
            19.927744159738676,
            47.783742604131376
        ],
        [
            44.94459439607721,
            65.01048866146606
        ],
        [
            30.107458217774237,
            37.166174117071954
        ],
        [
            69.62562631981243,
            30.02926365395749
        ],
        [
            29.897253430348965,
            57.84864612540969
        ],
        [
            29.815182143329697,
            65.35648402653865
        ],
        [
            19.65820914608774,
            30.21648371418635
        ],
        [
            69.73646760707368,
            64.74970057304176
        ],
        [
            19.733543268463308,
            36.69699155718338
        ],
        [
            30.14679667428827,
            74.85565069312699
        ],
        [
            20.22713101197062,
            57.772386958125594
        ],
        [
            45.0367375808744,
            19.61939043874025
        ],
        [
            20.00394274314354,
            64.84868688312187
        ],
        [
            45.25704640456418,
            69.86587594281559
        ],
        [
            64.74832327141988,
            70.02285475004955
        ],
        [
            70.08622021147389,
            47.73926015903501
        ],
        [
            45.11857658516861,
            29.710931795613984
        ]
    ],
    "edges": [
        [
            11,
            8
        ],
        [
            8,
            11
        ],
        [
            11,
            17
        ],
        [
            17,
            11
        ],
        [
            8,
            12
        ],
        [
            12,
            8
        ],
        [
            17,
            12
        ],
        [
            12,
            17
        ],
        [
            5,
            20
        ],
        [
            20,
            5
        ],
        [
            21,
            6
        ],
        [
            6,
            21
        ],
        [
            11,
            12
        ],
        [
            12,
            11
        ],
        [
            17,
            8
        ],
        [
            8,
            17
        ],
        [
            8,
            3
        ],
        [
            3,
            8
        ],
        [
            12,
            3
        ],
        [
            3,
            12
        ],
        [
            20,
            3
        ],
        [
            3,
            20
        ],
        [
            1,
            2
        ],
        [
            2,
            1
        ],
        [
            16,
            8
        ],
        [
            8,
            16
        ],
        [
            16,
            21
        ],
        [
            21,
            16
        ],
        [
            13,
            7
        ],
        [
            7,
            13
        ],
        [
            15,
            9
        ],
        [
            9,
            15
        ],
        [
            7,
            9
        ],
        [
            9,
            7
        ],
        [
            13,
            9
        ],
        [
            9,
            13
        ],
        [
            7,
            15
        ],
        [
            15,
            7
        ],
        [
            17,
            0
        ],
        [
            0,
            17
        ],
        [
            10,
            14
        ],
        [
            14,
            10
        ],
        [
            0,
            14
        ],
        [
            14,
            0
        ],
        [
            17,
            14
        ],
        [
            14,
            17
        ],
        [
            18,
            6
        ],
        [
            6,
            18
        ],
        [
            4,
            19
        ],
        [
            19,
            4
        ],
        [
            0,
            0
        ],
        [
            1,
            1
        ],
        [
            2,
            2
        ],
        [
            3,
            3
        ],
        [
            4,
            4
        ],
        [
            5,
            5
        ],
        [
            6,
            6
        ],
        [
            7,
            7
        ],
        [
            8,
            8
        ],
        [
            9,
            9
        ],
        [
            10,
            10
        ],
        [
            11,
            11
        ],
        [
            12,
            12
        ],
        [
            13,
            13
        ],
        [
            14,
            14
        ],
        [
            15,
            15
        ],
        [
            16,
            16
        ],
        [
            17,
            17
        ],
        [
            18,
            18
        ],
        [
            19,
            19
        ],
        [
            20,
            20
        ],
        [
            21,
            21
        ]
    ],
    "similarity": 0.92
}