{
    "coords": [
        [
            18.32030593693136,
            38.92927001649107
        ],
        [
            18.221848386204794,
            73.27288475639533
        ],
        [
            77.2227508000363,
            33.83653809103525
        ],
        [
            74.80171668450217,
            60.80188431818087
        ],
        [
            91.19552488195143,
            49.01115215915503
        ],
        [
            31.42240848920545,
            68.52978090005949
        ],
        [
            21.302809721709863,
            45.93428653408919
        ],
        [
            43.825114681813695,
            63.245039368453696
        ],
        [
            70.28350049667307,
            31.125085349077317
        ],
        [
            19.76337140859421,
            54.468431976527796
        ],
        [
            33.20973412208186,
            58.05400350459863
        ],
        [
            33.455807307768914,
            37.3792231639817
        ],
        [
            28.22173815199213,
            65.98836128366835
        ],
        [
            20.042233253637427,
            30.072333427579025
        ],
        [
            69.46984641825362,
            65.66806806882882
        ],
        [
            31.720094031089076,
            73.96296013312592
        ],
        [
            45.14798700062612,
            21.332379640342783
        ],
        [
            22.027647062278536,
            63.5140587428254
        ],
        [
            44.817547241476596,
            70.06213724188733
        ],
        [
            66.03078538573136,
            70.5947682914633
        ],
        [
            68.05503124434014,
            45.76137769644214
        ],
        [
            46.08718124862769,
            31.271516936816415
        ]
    ],
    "edges": [
        [
            13,
            8
        ],
        [
            8,
            13
        ],
        [
            13,
            17
        ],
        [
            17,
            13
        ],
        [
            8,
            14
        ],
        [
            14,
            8
        ],
        [
            17,
            14
        ],
        [
            14,
            17
        ],
        [
            6,
            20
        ],
        [
            20,
            6
        ],
        [
            21,
            7
        ],
        [
            7,
            21
        ],
        [
            13,
            14
        ],
        [
            14,
            13
        ],
        [
            17,
            8
        ],
        [
            8,
            17
        ],
        [
            8,
            4
        ],
        [
            4,
            8
        ],
        [
            14,
            4
        ],
        [
            4,
            14
        ],
        [
            20,
            4
        ],
        [
            4,
            20
        ],
        [
            2,
            3
        ],
        [
            3,
            2
        ],
        [
            16,
            8
        ],
        [
            8,
            16
        ],
        [
            16,
            21
        ],
        [
            21,
            16
        ],
        [
            0,
            11
        ],
        [
            11,
            0
        ],
        [
            9,
            10
        ],
        [
            10,
            9
        ],
        [
            11,
            10
        ],
        [
            10,
            11
        ],
        [
            0,
            11
        ],
        [
            11,
            0
        ],
        [
            0,
            10
        ],
        [
            10,
            0
        ],
        [
            11,
            9
        ],
        [
            9,
            11
        ],
        [
            17,
            1
        ],
        [
            1,
            17
        ],
        [
            12,
            15
        ],
        [
            15,
            12
        ],
        [
            1,
            15
        ],
        [
            15,
            1
        ],
        [
            17,
            15
        ],
        [
            15,
            17
        ],
        [
            18,
            7
        ],
        [
            7,
            18
        ],
        [
            5,
            19
        ],
        [
            19,
            5
        ],
        [
            0,
            0
        ],
        [
            1,
            1
        ],
        [
            2,
            2
        ],
        [
            3,
            3
        ],
        [
            4,
            4
        ],
        [
            5,
            5
        ],
        [
            6,
            6
        ],
        [
            7,
            7
        ],
        [
            8,
            8
        ],
        [
            9,
            9
        ],
        [
            10,
            10
        ],
        [
            11,
            11
        ],
        [
            12,
            12
        ],
        [
            13,
            13
        ],
        [
            14,
            14
        ],
        [
            15,
            15
        ],
        [
            16,
            16
        ],
        [
            17,
            17
        ],
        [
            18,
            18
        ],
        [
            19,
            19
        ],
        [
            20,
            20
        ],
        [
            21,
            21
        ]
    ],
    "similarity": 0.58
}