{
    "coords": [
        [
            21.87324972433897,
            64.67153097919903
        ],
        [
            69.99441196593565,
            63.62953988554692
        ],
        [
            18.88287666980193,
            34.046099281416744
        ],
        [
            70.71237370910919,
            27.664287827738107
        ]
    ],
    "edges": [
        [
            2,
            3
        ],
        [
            3,
            2
        ],
        [
            2,
            0
        ],
        [
            0,
            2
        ],
        [
            3,
            1
        ],
        [
            1,
            3
        ],
        [
            0,
            1
        ],
        [
            1,
            0
        ],
        [
            0,
            0
        ],
        [
            1,
            1
        ],
        [
            2,
            2
        ],
        [
            3,
            3
        ]
    ],
    "similarity": 0.09
}