{
    "coords": [
        [
            20.46856927805005,
            38.37004010420061
        ],
        [
            19.221379819176313,
            76.56113497884097
        ],
        [
            75.33478299785094,
            35.60435891525491
        ],
        [
            76.37150246543717,
            59.02760368129747
        ],
        [
            89.5948251453633,
            48.47056242169575
        ],
        [
            30.79948196316319,
            68.52227721287335
        ],
        [
            19.00074336391303,
            48.477325732675844
        ],
        [
            45.45043713876834,
            63.79672423144709
        ],
        [
            69.71907863424603,
            29.99197658059908
        ],
        [
            21.946700862187114,
            57.12546223839249
        ],
        [
            31.338929757191654,
            56.93614366791255
        ],
        [
            32.82441311901845,
            38.000910363010966
        ],
        [
            26.732834827500348,
            33.11921306891324
        ],
        [
            60.332289092069075,
            73.6397345235439
        ],
        [
            30.587859832187675,
            64.17757473178904
        ],
        [
            45.14165904590761,
            35.100471101921634
        ],
        [
            19.604199344791667,
            29.598069132569254
        ],
        [
            69.00016225565646,
            66.37208750953629
        ],
        [
            28.666826990327635,
            74.10927944863347
        ],
        [
            43.098900826277216,
            19.425136221320464
        ],
        [
            19.31050471512054,
            63.33825087204849
        ],
        [
            60.820802260309016,
            68.37164537691044
        ],
        [
            43.08308612944067,
            68.3471170793519
        ],
        [
            63.288947803888995,
            68.18919264166537
        ],
        [
            68.33630926838724,
            47.21695968617198
        ],
        [
            45.681211348020774,
            29.396863987546126
        ]
    ],
    "edges": [
        [
            16,
            8
        ],
        [
            8,
            16
        ],
        [
            16,
            20
        ],
        [
            20,
            16
        ],
        [
            8,
            17
        ],
        [
            17,
            8
        ],
        [
            20,
            17
        ],
        [
            17,
            20
        ],
        [
            6,
            24
        ],
        [
            24,
            6
        ],
        [
            25,
            7
        ],
        [
            7,
            25
        ],
        [
            16,
            17
        ],
        [
            17,
            16
        ],
        [
            20,
            8
        ],
        [
            8,
            20
        ],
        [
            8,
            4
        ],
        [
            4,
            8
        ],
        [
            17,
            4
        ],
        [
            4,
            17
        ],
        [
            24,
            4
        ],
        [
            4,
            24
        ],
        [
            2,
            3
        ],
        [
            3,
            2
        ],
        [
            19,
            8
        ],
        [
            8,
            19
        ],
        [
            19,
            25
        ],
        [
            25,
            19
        ],
        [
            0,
            11
        ],
        [
            11,
            0
        ],
        [
            9,
            10
        ],
        [
            10,
            9
        ],
        [
            11,
            10
        ],
        [
            10,
            11
        ],
        [
            0,
            11
        ],
        [
            11,
            0
        ],
        [
            0,
            10
        ],
        [
            10,
            0
        ],
        [
            11,
            9
        ],
        [
            9,
            11
        ],
        [
            20,
            1
        ],
        [
            1,
            20
        ],
        [
            14,
            18
        ],
        [
            18,
            14
        ],
        [
            1,
            18
        ],
        [
            18,
            1
        ],
        [
            20,
            18
        ],
        [
            18,
            20
        ],
        [
            22,
            7
        ],
        [
            7,
            22
        ],
        [
            5,
            23
        ],
        [
            23,
            5
        ],
        [
            21,
            13
        ],
        [
            13,
            21
        ],
        [
            12,
            15
        ],
        [
            15,
            12
        ],
        [
            0,
            0
        ],
        [
            1,
            1
        ],
        [
            2,
            2
        ],
        [
            3,
            3
        ],
        [
            4,
            4
        ],
        [
            5,
            5
        ],
        [
            6,
            6
        ],
        [
            7,
            7
        ],
        [
            8,
            8
        ],
        [
            9,
            9
        ],
        [
            10,
            10
        ],
        [
            11,
            11
        ],
        [
            12,
            12
        ],
        [
            13,
            13
        ],
        [
            14,
            14
        ],
        [
            15,
            15
        ],
        [
            16,
            16
        ],
        [
            17,
            17
        ],
        [
            18,
            18
        ],
        [
            19,
            19
        ],
        [
            20,
            20
        ],
        [
            21,
            21
        ],
        [
            22,
            22
        ],
        [
            23,
            23
        ],
        [
            24,
            24
        ],
        [
            25,
            25
        ]
    ],
    "similarity": 0.61
}