{
    "coords": [
        [
            44.066474105666316,
            64.10955881771415
        ],
        [
            42.73739323115085,
            18.323587450911926
        ],
        [
            22.929169431281093,
            31.346886713129525
        ],
        [
            70.50899539857895,
            28.497244713475848
        ],
        [
            20.11094478049672,
            66.11117625744629
        ],
        [
            68.57627627100382,
            67.7619161893353
        ],
        [
            75.54493034690914,
            34.79580298281871
        ],
        [
            21.31582143775933,
            39.73564907898917
        ],
        [
            17.87486080721049,
            55.47899705462198
        ],
        [
            75.29953934071058,
            61.4494849059051
        ],
        [
            89.97001756363176,
            48.22102785393114
        ],
        [
            31.160476500583492,
            55.28664757549244
        ],
        [
            32.37448252196576,
            35.41343172633594
        ],
        [
            20.173995156579174,
            47.68015426632629
        ],
        [
            70.45447372317955,
            45.92605842236136
        ],
        [
            43.27542973481265,
            31.843147240310273
        ]
    ],
    "edges": [
        [
            2,
            3
        ],
        [
            3,
            2
        ],
        [
            2,
            4
        ],
        [
            4,
            2
        ],
        [
            3,
            5
        ],
        [
            5,
            3
        ],
        [
            4,
            5
        ],
        [
            5,
            4
        ],
        [
            13,
            14
        ],
        [
            14,
            13
        ],
        [
            15,
            0
        ],
        [
            0,
            15
        ],
        [
            2,
            5
        ],
        [
            5,
            2
        ],
        [
            4,
            3
        ],
        [
            3,
            4
        ],
        [
            3,
            10
        ],
        [
            10,
            3
        ],
        [
            5,
            10
        ],
        [
            10,
            5
        ],
        [
            14,
            10
        ],
        [
            10,
            14
        ],
        [
            6,
            9
        ],
        [
            9,
            6
        ],
        [
            1,
            3
        ],
        [
            3,
            1
        ],
        [
            1,
            15
        ],
        [
            15,
            1
        ],
        [
            7,
            12
        ],
        [
            12,
            7
        ],
        [
            8,
            11
        ],
        [
            11,
            8
        ],
        [
            12,
            11
        ],
        [
            11,
            12
        ],
        [
            7,
            12
        ],
        [
            12,
            7
        ],
        [
            7,
            11
        ],
        [
            11,
            7
        ],
        [
            12,
            8
        ],
        [
            8,
            12
        ],
        [
            0,
            0
        ],
        [
            1,
            1
        ],
        [
            2,
            2
        ],
        [
            3,
            3
        ],
        [
            4,
            4
        ],
        [
            5,
            5
        ],
        [
            6,
            6
        ],
        [
            7,
            7
        ],
        [
            8,
            8
        ],
        [
            9,
            9
        ],
        [
            10,
            10
        ],
        [
            11,
            11
        ],
        [
            12,
            12
        ],
        [
            13,
            13
        ],
        [
            14,
            14
        ],
        [
            15,
            15
        ]
    ],
    "similarity": 0.41
}