{
    "coords": [
        [
            43.28138957777898,
            67.62486148920593
        ],
        [
            44.51611925028878,
            18.82237215050528
        ],
        [
            22.145576589749243,
            29.342709353993197
        ],
        [
            69.85598559534384,
            32.00158559821006
        ],
        [
            21.863381978641645,
            68.03228905021078
        ],
        [
            72.98803768711069,
            67.82100899129976
        ],
        [
            77.0895925029647,
            32.64011331763684
        ],
        [
            77.28961466772125,
            62.15072878125095
        ],
        [
            90.56491855770794,
            47.099543904038086
        ],
        [
            18.103318028950973,
            46.06315723130749
        ],
        [
            72.13865667608992,
            45.40148257994082
        ],
        [
            42.593942033748185,
            26.984385650534463
        ]
    ],
    "edges": [
        [
            2,
            3
        ],
        [
            3,
            2
        ],
        [
            2,
            4
        ],
        [
            4,
            2
        ],
        [
            3,
            5
        ],
        [
            5,
            3
        ],
        [
            4,
            5
        ],
        [
            5,
            4
        ],
        [
            9,
            10
        ],
        [
            10,
            9
        ],
        [
            11,
            0
        ],
        [
            0,
            11
        ],
        [
            2,
            5
        ],
        [
            5,
            2
        ],
        [
            4,
            3
        ],
        [
            3,
            4
        ],
        [
            3,
            8
        ],
        [
            8,
            3
        ],
        [
            5,
            8
        ],
        [
            8,
            5
        ],
        [
            10,
            8
        ],
        [
            8,
            10
        ],
        [
            6,
            7
        ],
        [
            7,
            6
        ],
        [
            1,
            3
        ],
        [
            3,
            1
        ],
        [
            1,
            11
        ],
        [
            11,
            1
        ],
        [
            0,
            0
        ],
        [
            1,
            1
        ],
        [
            2,
            2
        ],
        [
            3,
            3
        ],
        [
            4,
            4
        ],
        [
            5,
            5
        ],
        [
            6,
            6
        ],
        [
            7,
            7
        ],
        [
            8,
            8
        ],
        [
            9,
            9
        ],
        [
            10,
            10
        ],
        [
            11,
            11
        ]
    ],
    "similarity": 0.38
}