{
    "coords": [
        [
            44.54641218824408,
            68.44830795376336
        ],
        [
            18.434554276245013,
            30.89545191979269
        ],
        [
            69.69695377432384,
            27.526578426997066
        ],
        [
            21.320870949382055,
            61.46236984888038
        ],
        [
            72.43020288278898,
            61.65194088336076
        ],
        [
            90.34225101862643,
            45.700794494145526
        ],
        [
            22.290834066157302,
            44.808943024413836
        ],
        [
            67.97325358311244,
            48.9706605006947
        ],
        [
            48.34470198084455,
            30.920552982044615
        ]
    ],
    "edges": [
        [
            1,
            2
        ],
        [
            2,
            1
        ],
        [
            1,
            3
        ],
        [
            3,
            1
        ],
        [
            2,
            4
        ],
        [
            4,
            2
        ],
        [
            3,
            4
        ],
        [
            4,
            3
        ],
        [
            6,
            7
        ],
        [
            7,
            6
        ],
        [
            8,
            0
        ],
        [
            0,
            8
        ],
        [
            1,
            4
        ],
        [
            4,
            1
        ],
        [
            3,
            2
        ],
        [
            2,
            3
        ],
        [
            2,
            5
        ],
        [
            5,
            2
        ],
        [
            0,
            0
        ],
        [
            1,
            1
        ],
        [
            2,
            2
        ],
        [
            3,
            3
        ],
        [
            4,
            4
        ],
        [
            5,
            5
        ],
        [
            6,
            6
        ],
        [
            7,
            7
        ],
        [
            8,
            8
        ]
    ],
    "similarity": 0.13
}