{
    "coords": [
        [
            42.17070230325751,
            66.01617397005654
        ],
        [
            48.04962980558175,
            17.12824992236684
        ],
        [
            16.713969020060535,
            32.966698630487635
        ],
        [
            70.4968102269271,
            31.746554218133962
        ],
        [
            18.82287758358782,
            62.29163252643798
        ],
        [
            68.36225143354942,
            66.30727905581692
        ],
        [
            73.88932365140296,
            34.44582311647532
        ],
        [
            72.38630895564633,
            59.25079671278814
        ],
        [
            93.21714611753875,
            47.68480211579064
        ],
        [
            20.888519504926023,
            46.585071290690244
        ],
        [
            69.06999551518858,
            47.302125589315345
        ],
        [
            43.84572424424078,
            29.855804772741287
        ]
    ],
    "edges": [
        [
            2,
            3
        ],
        [
            3,
            2
        ],
        [
            2,
            4
        ],
        [
            4,
            2
        ],
        [
            3,
            5
        ],
        [
            5,
            3
        ],
        [
            4,
            5
        ],
        [
            5,
            4
        ],
        [
            9,
            10
        ],
        [
            10,
            9
        ],
        [
            11,
            0
        ],
        [
            0,
            11
        ],
        [
            2,
            5
        ],
        [
            5,
            2
        ],
        [
            4,
            3
        ],
        [
            3,
            4
        ],
        [
            3,
            8
        ],
        [
            8,
            3
        ],
        [
            5,
            8
        ],
        [
            8,
            5
        ],
        [
            10,
            8
        ],
        [
            8,
            10
        ],
        [
            6,
            7
        ],
        [
            7,
            6
        ],
        [
            1,
            3
        ],
        [
            3,
            1
        ],
        [
            1,
            11
        ],
        [
            11,
            1
        ],
        [
            0,
            0
        ],
        [
            1,
            1
        ],
        [
            2,
            2
        ],
        [
            3,
            3
        ],
        [
            4,
            4
        ],
        [
            5,
            5
        ],
        [
            6,
            6
        ],
        [
            7,
            7
        ],
        [
            8,
            8
        ],
        [
            9,
            9
        ],
        [
            10,
            10
        ],
        [
            11,
            11
        ]
    ],
    "similarity": 0.32
}