{
    "coords": [
        [
            45.31613502881199,
            37.72609162833572
        ],
        [
            20.34980412962956,
            36.98878112872871
        ],
        [
            20.500478481784658,
            75.3583454839586
        ],
        [
            34.85097941369159,
            40.84414552075393
        ],
        [
            76.64302268248791,
            33.4869803326412
        ],
        [
            73.96727172249986,
            60.76161422071904
        ],
        [
            88.78682213323485,
            49.137288934717326
        ],
        [
            28.897437431126132,
            69.94513066442943
        ],
        [
            19.378709330686203,
            46.90261108674436
        ],
        [
            44.37589802488852,
            63.90153714989583
        ],
        [
            31.951041155130216,
            38.360325143584284
        ],
        [
            68.96446489333016,
            28.402954953750122
        ],
        [
            19.43148095983628,
            54.41308087673917
        ],
        [
            33.54832547875608,
            55.037705442428326
        ],
        [
            25.759566347311175,
            35.127075187363715
        ],
        [
            61.2531627462597,
            73.15047776543648
        ],
        [
            29.211811337019718,
            64.32873401752538
        ],
        [
            43.29310191182504,
            33.20700655593322
        ],
        [
            20.39440818440308,
            31.692079575235248
        ],
        [
            69.46991143921066,
            65.49774797047007
        ],
        [
            45.5130743471562,
            39.408051531452244
        ],
        [
            28.939970691763573,
            74.44423279392785
        ],
        [
            43.47327177145009,
            19.186164826959082
        ],
        [
            20.16206287584715,
            64.12978381042541
        ],
        [
            59.47102612051518,
            68.99189445265758
        ],
        [
            46.63802723149838,
            70.9007633399817
        ],
        [
            64.68551816237961,
            69.31451741422366
        ],
        [
            68.41630274039429,
            46.09123318413842
        ],
        [
            45.223799321625656,
            29.83670234427807
        ]
    ],
    "edges": [
        [
            18,
            11
        ],
        [
            11,
            18
        ],
        [
            18,
            23
        ],
        [
            23,
            18
        ],
        [
            11,
            19
        ],
        [
            19,
            11
        ],
        [
            23,
            19
        ],
        [
            19,
            23
        ],
        [
            8,
            27
        ],
        [
            27,
            8
        ],
        [
            28,
            9
        ],
        [
            9,
            28
        ],
        [
            18,
            19
        ],
        [
            19,
            18
        ],
        [
            23,
            11
        ],
        [
            11,
            23
        ],
        [
            11,
            6
        ],
        [
            6,
            11
        ],
        [
            19,
            6
        ],
        [
            6,
            19
        ],
        [
            27,
            6
        ],
        [
            6,
            27
        ],
        [
            4,
            5
        ],
        [
            5,
            4
        ],
        [
            22,
            11
        ],
        [
            11,
            22
        ],
        [
            22,
            28
        ],
        [
            28,
            22
        ],
        [
            1,
            3
        ],
        [
            3,
            1
        ],
        [
            12,
            13
        ],
        [
            13,
            12
        ],
        [
            3,
            13
        ],
        [
            13,
            3
        ],
        [
            1,
            10
        ],
        [
            10,
            1
        ],
        [
            1,
            13
        ],
        [
            13,
            1
        ],
        [
            3,
            12
        ],
        [
            12,
            3
        ],
        [
            23,
            2
        ],
        [
            2,
            23
        ],
        [
            16,
            21
        ],
        [
            21,
            16
        ],
        [
            2,
            21
        ],
        [
            21,
            2
        ],
        [
            23,
            21
        ],
        [
            21,
            23
        ],
        [
            25,
            9
        ],
        [
            9,
            25
        ],
        [
            7,
            26
        ],
        [
            26,
            7
        ],
        [
            24,
            15
        ],
        [
            15,
            24
        ],
        [
            14,
            17
        ],
        [
            17,
            14
        ],
        [
            10,
            0
        ],
        [
            0,
            10
        ],
        [
            3,
            20
        ],
        [
            20,
            3
        ],
        [
            0,
            0
        ],
        [
            1,
            1
        ],
        [
            2,
            2
        ],
        [
            3,
            3
        ],
        [
            4,
            4
        ],
        [
            5,
            5
        ],
        [
            6,
            6
        ],
        [
            7,
            7
        ],
        [
            8,
            8
        ],
        [
            9,
            9
        ],
        [
            10,
            10
        ],
        [
            11,
            11
        ],
        [
            12,
            12
        ],
        [
            13,
            13
        ],
        [
            14,
            14
        ],
        [
            15,
            15
        ],
        [
            16,
            16
        ],
        [
            17,
            17
        ],
        [
            18,
            18
        ],
        [
            19,
            19
        ],
        [
            20,
            20
        ],
        [
            21,
            21
        ],
        [
            22,
            22
        ],
        [
            23,
            23
        ],
        [
            24,
            24
        ],
        [
            25,
            25
        ],
        [
            26,
            26
        ],
        [
            27,
            27
        ],
        [
            28,
            28
        ]
    ],
    "similarity": 0.65
}