{
    "coords": [
        [
            18.79536935423333,
            38.455851797010304
        ],
        [
            18.092750616542528,
            74.3119450977566
        ],
        [
            76.2802555614507,
            34.389582691917205
        ],
        [
            73.71316096459249,
            60.14174385427135
        ],
        [
            90.67482950276535,
            46.637557653437455
        ],
        [
            28.396061699455036,
            68.86725700389236
        ],
        [
            20.11071209525372,
            46.69489346013532
        ],
        [
            46.9744485886971,
            66.11819067408742
        ],
        [
            68.0148092186052,
            30.521589279632884
        ],
        [
            18.90385328014902,
            56.85806623351556
        ],
        [
            31.202619352343174,
            55.22991232063289
        ],
        [
            33.49971680325791,
            36.65186970194777
        ],
        [
            23.956104056839678,
            33.46262344337973
        ],
        [
            58.454420474622786,
            74.45077725226885
        ],
        [
            31.71020379368106,
            64.92186186280951
        ],
        [
            43.32073580542781,
            35.28709778532378
        ],
        [
            21.091022623782024,
            30.410951706675583
        ],
        [
            69.71522966213104,
            63.0674113579663
        ],
        [
            30.581036526568393,
            73.94388278415227
        ],
        [
            45.53095900790367,
            19.929068293223764
        ],
        [
            19.169920043860056,
            63.30996879720645
        ],
        [
            60.36455547082544,
            67.84204047539956
        ],
        [
            46.516521563020575,
            69.56206784941187
        ],
        [
            64.59820008546933,
            71.51532447911721
        ],
        [
            68.8957063608169,
            47.775549077171114
        ],
        [
            45.0410940485878,
            30.228236392026677
        ]
    ],
    "edges": [
        [
            16,
            8
        ],
        [
            8,
            16
        ],
        [
            16,
            20
        ],
        [
            20,
            16
        ],
        [
            8,
            17
        ],
        [
            17,
            8
        ],
        [
            20,
            17
        ],
        [
            17,
            20
        ],
        [
            6,
            24
        ],
        [
            24,
            6
        ],
        [
            25,
            7
        ],
        [
            7,
            25
        ],
        [
            16,
            17
        ],
        [
            17,
            16
        ],
        [
            20,
            8
        ],
        [
            8,
            20
        ],
        [
            8,
            4
        ],
        [
            4,
            8
        ],
        [
            17,
            4
        ],
        [
            4,
            17
        ],
        [
            24,
            4
        ],
        [
            4,
            24
        ],
        [
            2,
            3
        ],
        [
            3,
            2
        ],
        [
            19,
            8
        ],
        [
            8,
            19
        ],
        [
            19,
            25
        ],
        [
            25,
            19
        ],
        [
            0,
            11
        ],
        [
            11,
            0
        ],
        [
            9,
            10
        ],
        [
            10,
            9
        ],
        [
            11,
            10
        ],
        [
            10,
            11
        ],
        [
            0,
            11
        ],
        [
            11,
            0
        ],
        [
            0,
            10
        ],
        [
            10,
            0
        ],
        [
            11,
            9
        ],
        [
            9,
            11
        ],
        [
            20,
            1
        ],
        [
            1,
            20
        ],
        [
            14,
            18
        ],
        [
            18,
            14
        ],
        [
            1,
            18
        ],
        [
            18,
            1
        ],
        [
            20,
            18
        ],
        [
            18,
            20
        ],
        [
            22,
            7
        ],
        [
            7,
            22
        ],
        [
            5,
            23
        ],
        [
            23,
            5
        ],
        [
            21,
            13
        ],
        [
            13,
            21
        ],
        [
            12,
            15
        ],
        [
            15,
            12
        ],
        [
            0,
            0
        ],
        [
            1,
            1
        ],
        [
            2,
            2
        ],
        [
            3,
            3
        ],
        [
            4,
            4
        ],
        [
            5,
            5
        ],
        [
            6,
            6
        ],
        [
            7,
            7
        ],
        [
            8,
            8
        ],
        [
            9,
            9
        ],
        [
            10,
            10
        ],
        [
            11,
            11
        ],
        [
            12,
            12
        ],
        [
            13,
            13
        ],
        [
            14,
            14
        ],
        [
            15,
            15
        ],
        [
            16,
            16
        ],
        [
            17,
            17
        ],
        [
            18,
            18
        ],
        [
            19,
            19
        ],
        [
            20,
            20
        ],
        [
            21,
            21
        ],
        [
            22,
            22
        ],
        [
            23,
            23
        ],
        [
            24,
            24
        ],
        [
            25,
            25
        ]
    ],
    "similarity": 0.6
}