{
    "coords": [
        [
            48.021144685939255,
            63.78583138391646
        ],
        [
            22.128100643108503,
            31.58413791094352
        ],
        [
            73.20913889349093,
            33.94290765956777
        ],
        [
            22.493695396003588,
            61.31507056987887
        ],
        [
            69.03868422285507,
            68.50077117077494
        ],
        [
            16.032084236482497,
            49.221335264821775
        ],
        [
            71.94976933543931,
            50.946135009947604
        ],
        [
            43.08304672615254,
            27.683807862902242
        ]
    ],
    "edges": [
        [
            1,
            2
        ],
        [
            2,
            1
        ],
        [
            1,
            3
        ],
        [
            3,
            1
        ],
        [
            2,
            4
        ],
        [
            4,
            2
        ],
        [
            3,
            4
        ],
        [
            4,
            3
        ],
        [
            5,
            6
        ],
        [
            6,
            5
        ],
        [
            7,
            0
        ],
        [
            0,
            7
        ],
        [
            1,
            4
        ],
        [
            4,
            1
        ],
        [
            3,
            2
        ],
        [
            2,
            3
        ],
        [
            0,
            0
        ],
        [
            1,
            1
        ],
        [
            2,
            2
        ],
        [
            3,
            3
        ],
        [
            4,
            4
        ],
        [
            5,
            5
        ],
        [
            6,
            6
        ],
        [
            7,
            7
        ]
    ],
    "similarity": 0.17
}