{
    "coords": [
        [
            47.52887759076275,
            67.92774357113167
        ],
        [
            23.528960832003413,
            28.511303886862443
        ],
        [
            72.14755454260354,
            32.16915456165151
        ],
        [
            16.878701011670877,
            62.652492282443994
        ],
        [
            73.13751161969591,
            64.89487391282533
        ],
        [
            91.55824975577211,
            49.923177752246524
        ],
        [
            20.494637008719003,
            45.599633814218265
        ],
        [
            66.19593003433376,
            45.06115853749258
        ],
        [
            45.959279886201934,
            26.463853448216174
        ]
    ],
    "edges": [
        [
            1,
            2
        ],
        [
            2,
            1
        ],
        [
            1,
            3
        ],
        [
            3,
            1
        ],
        [
            2,
            4
        ],
        [
            4,
            2
        ],
        [
            3,
            4
        ],
        [
            4,
            3
        ],
        [
            6,
            7
        ],
        [
            7,
            6
        ],
        [
            8,
            0
        ],
        [
            0,
            8
        ],
        [
            1,
            4
        ],
        [
            4,
            1
        ],
        [
            3,
            2
        ],
        [
            2,
            3
        ],
        [
            2,
            5
        ],
        [
            5,
            2
        ],
        [
            4,
            5
        ],
        [
            5,
            4
        ],
        [
            0,
            0
        ],
        [
            1,
            1
        ],
        [
            2,
            2
        ],
        [
            3,
            3
        ],
        [
            4,
            4
        ],
        [
            5,
            5
        ],
        [
            6,
            6
        ],
        [
            7,
            7
        ],
        [
            8,
            8
        ]
    ],
    "similarity": 0.22
}