{
    "coords": [
        [
            20.33820879580518,
            37.85691526773739
        ],
        [
            20.278343961606762,
            75.83297273081617
        ],
        [
            75.82795886133296,
            34.952824895418004
        ],
        [
            75.85205276936068,
            61.22119318840502
        ],
        [
            90.08876885830655,
            49.29799569637087
        ],
        [
            28.297660944218553,
            69.02860161522779
        ],
        [
            21.543858629992634,
            48.68505488286089
        ],
        [
            45.30069615571536,
            64.56310270262175
        ],
        [
            69.24451361826439,
            28.62106125940484
        ],
        [
            20.030389681696203,
            56.89691841805538
        ],
        [
            31.199607547097862,
            57.1922776116591
        ],
        [
            31.298133923872197,
            36.85803880852294
        ],
        [
            24.865956973730622,
            34.585987239182685
        ],
        [
            59.05492515890031,
            73.4981607974261
        ],
        [
            28.689388325920888,
            65.39940259749483
        ],
        [
            46.46225593278325,
            32.69292852726675
        ],
        [
            20.90180885799373,
            31.402996195409308
        ],
        [
            71.61685767761766,
            66.56735674533041
        ],
        [
            29.303743268353536,
            73.67740391103717
        ],
        [
            45.629295618158324,
            19.429955143399418
        ],
        [
            19.088578395336288,
            63.90679050479043
        ],
        [
            61.75156111984532,
            67.72317899129865
        ],
        [
            46.001761064256804,
            70.01094085202132
        ],
        [
            63.66539879825201,
            69.21467561920024
        ],
        [
            70.17721864767996,
            48.25108589992701
        ],
        [
            44.53384853778831,
            30.72850860803104
        ]
    ],
    "edges": [
        [
            16,
            8
        ],
        [
            8,
            16
        ],
        [
            16,
            20
        ],
        [
            20,
            16
        ],
        [
            8,
            17
        ],
        [
            17,
            8
        ],
        [
            20,
            17
        ],
        [
            17,
            20
        ],
        [
            6,
            24
        ],
        [
            24,
            6
        ],
        [
            25,
            7
        ],
        [
            7,
            25
        ],
        [
            16,
            17
        ],
        [
            17,
            16
        ],
        [
            20,
            8
        ],
        [
            8,
            20
        ],
        [
            8,
            4
        ],
        [
            4,
            8
        ],
        [
            17,
            4
        ],
        [
            4,
            17
        ],
        [
            24,
            4
        ],
        [
            4,
            24
        ],
        [
            2,
            3
        ],
        [
            3,
            2
        ],
        [
            19,
            8
        ],
        [
            8,
            19
        ],
        [
            19,
            25
        ],
        [
            25,
            19
        ],
        [
            0,
            11
        ],
        [
            11,
            0
        ],
        [
            9,
            10
        ],
        [
            10,
            9
        ],
        [
            11,
            10
        ],
        [
            10,
            11
        ],
        [
            0,
            11
        ],
        [
            11,
            0
        ],
        [
            0,
            10
        ],
        [
            10,
            0
        ],
        [
            11,
            9
        ],
        [
            9,
            11
        ],
        [
            20,
            1
        ],
        [
            1,
            20
        ],
        [
            14,
            18
        ],
        [
            18,
            14
        ],
        [
            1,
            18
        ],
        [
            18,
            1
        ],
        [
            20,
            18
        ],
        [
            18,
            20
        ],
        [
            22,
            7
        ],
        [
            7,
            22
        ],
        [
            5,
            23
        ],
        [
            23,
            5
        ],
        [
            21,
            13
        ],
        [
            13,
            21
        ],
        [
            12,
            15
        ],
        [
            15,
            12
        ],
        [
            0,
            0
        ],
        [
            1,
            1
        ],
        [
            2,
            2
        ],
        [
            3,
            3
        ],
        [
            4,
            4
        ],
        [
            5,
            5
        ],
        [
            6,
            6
        ],
        [
            7,
            7
        ],
        [
            8,
            8
        ],
        [
            9,
            9
        ],
        [
            10,
            10
        ],
        [
            11,
            11
        ],
        [
            12,
            12
        ],
        [
            13,
            13
        ],
        [
            14,
            14
        ],
        [
            15,
            15
        ],
        [
            16,
            16
        ],
        [
            17,
            17
        ],
        [
            18,
            18
        ],
        [
            19,
            19
        ],
        [
            20,
            20
        ],
        [
            21,
            21
        ],
        [
            22,
            22
        ],
        [
            23,
            23
        ],
        [
            24,
            24
        ],
        [
            25,
            25
        ]
    ],
    "similarity": 0.63
}