{
    "coords": [
        [
            20.579221360948946,
            75.28993474712865
        ],
        [
            76.15240696563318,
            35.69749283073148
        ],
        [
            75.99844617858116,
            59.80517124680936
        ],
        [
            89.9544750863459,
            47.4055789755489
        ],
        [
            20.043053087396448,
            47.30616078096779
        ],
        [
            44.672266644731344,
            65.64034110535286
        ],
        [
            30.104290905098477,
            36.42824724176513
        ],
        [
            70.55145310371923,
            29.605395087776454
        ],
        [
            29.929239058114085,
            57.61334974439675
        ],
        [
            29.573997072110757,
            64.93689860047022
        ],
        [
            19.329377862050766,
            30.387985367271725
        ],
        [
            70.46987066252557,
            65.27675385897287
        ],
        [
            20.062025451024528,
            37.25761546992991
        ],
        [
            29.43905262980487,
            74.44682972020591
        ],
        [
            20.432066251367296,
            57.53915106188548
        ],
        [
            45.4630099939095,
            19.648831305378007
        ],
        [
            20.59431340893057,
            65.42980227379951
        ],
        [
            45.24614794883496,
            69.67544672674434
        ],
        [
            70.63471605843773,
            47.93833146386914
        ],
        [
            44.56721305988665,
            30.15328951225521
        ]
    ],
    "edges": [
        [
            10,
            7
        ],
        [
            7,
            10
        ],
        [
            10,
            16
        ],
        [
            16,
            10
        ],
        [
            7,
            11
        ],
        [
            11,
            7
        ],
        [
            16,
            11
        ],
        [
            11,
            16
        ],
        [
            4,
            18
        ],
        [
            18,
            4
        ],
        [
            19,
            5
        ],
        [
            5,
            19
        ],
        [
            10,
            11
        ],
        [
            11,
            10
        ],
        [
            16,
            7
        ],
        [
            7,
            16
        ],
        [
            7,
            3
        ],
        [
            3,
            7
        ],
        [
            11,
            3
        ],
        [
            3,
            11
        ],
        [
            18,
            3
        ],
        [
            3,
            18
        ],
        [
            1,
            2
        ],
        [
            2,
            1
        ],
        [
            15,
            7
        ],
        [
            7,
            15
        ],
        [
            15,
            19
        ],
        [
            19,
            15
        ],
        [
            12,
            6
        ],
        [
            6,
            12
        ],
        [
            14,
            8
        ],
        [
            8,
            14
        ],
        [
            6,
            8
        ],
        [
            8,
            6
        ],
        [
            12,
            8
        ],
        [
            8,
            12
        ],
        [
            6,
            14
        ],
        [
            14,
            6
        ],
        [
            16,
            0
        ],
        [
            0,
            16
        ],
        [
            9,
            13
        ],
        [
            13,
            9
        ],
        [
            0,
            13
        ],
        [
            13,
            0
        ],
        [
            16,
            13
        ],
        [
            13,
            16
        ],
        [
            17,
            5
        ],
        [
            5,
            17
        ],
        [
            0,
            0
        ],
        [
            1,
            1
        ],
        [
            2,
            2
        ],
        [
            3,
            3
        ],
        [
            4,
            4
        ],
        [
            5,
            5
        ],
        [
            6,
            6
        ],
        [
            7,
            7
        ],
        [
            8,
            8
        ],
        [
            9,
            9
        ],
        [
            10,
            10
        ],
        [
            11,
            11
        ],
        [
            12,
            12
        ],
        [
            13,
            13
        ],
        [
            14,
            14
        ],
        [
            15,
            15
        ],
        [
            16,
            16
        ],
        [
            17,
            17
        ],
        [
            18,
            18
        ],
        [
            19,
            19
        ]
    ],
    "similarity": 0.86
}