{
    "coords": [
        [
            20.825500614967748,
            37.30034305909193
        ],
        [
            20.9476678053316,
            73.87557116262495
        ],
        [
            75.76755852178724,
            36.520196916448306
        ],
        [
            74.81100870864242,
            59.68147748479648
        ],
        [
            90.43024145904225,
            48.38884286336389
        ],
        [
            29.95802823866609,
            69.56218884470509
        ],
        [
            18.704547628747708,
            48.76242259613941
        ],
        [
            45.84485580409843,
            63.858021984601706
        ],
        [
            68.75419677056671,
            31.184578408002352
        ],
        [
            19.326848512088194,
            55.95616595043995
        ],
        [
            32.48006813938844,
            54.5938249085391
        ],
        [
            30.162048353726426,
            38.619728663552635
        ],
        [
            25.8052226744432,
            33.63293496847134
        ],
        [
            60.01912118248444,
            72.82768826623177
        ],
        [
            28.765964967047573,
            65.97687601951054
        ],
        [
            43.58421132215643,
            32.53172637458968
        ],
        [
            18.517281869308235,
            30.62408889842616
        ],
        [
            70.45378480972508,
            65.9211040991388
        ],
        [
            30.119075721235717,
            73.49330892058265
        ],
        [
            43.68439290456449,
            19.250707019332204
        ],
        [
            18.61476922327136,
            64.17566571377702
        ],
        [
            60.20855660769254,
            65.83391735168345
        ],
        [
            46.52468329463089,
            70.6955025214725
        ],
        [
            64.04999436537646,
            71.05304277877751
        ],
        [
            68.33799509979049,
            48.85321711970004
        ],
        [
            45.188395295744456,
            31.55543208641658
        ]
    ],
    "edges": [
        [
            16,
            8
        ],
        [
            8,
            16
        ],
        [
            16,
            20
        ],
        [
            20,
            16
        ],
        [
            8,
            17
        ],
        [
            17,
            8
        ],
        [
            20,
            17
        ],
        [
            17,
            20
        ],
        [
            6,
            24
        ],
        [
            24,
            6
        ],
        [
            25,
            7
        ],
        [
            7,
            25
        ],
        [
            16,
            17
        ],
        [
            17,
            16
        ],
        [
            20,
            8
        ],
        [
            8,
            20
        ],
        [
            8,
            4
        ],
        [
            4,
            8
        ],
        [
            17,
            4
        ],
        [
            4,
            17
        ],
        [
            24,
            4
        ],
        [
            4,
            24
        ],
        [
            2,
            3
        ],
        [
            3,
            2
        ],
        [
            19,
            8
        ],
        [
            8,
            19
        ],
        [
            19,
            25
        ],
        [
            25,
            19
        ],
        [
            0,
            11
        ],
        [
            11,
            0
        ],
        [
            9,
            10
        ],
        [
            10,
            9
        ],
        [
            11,
            10
        ],
        [
            10,
            11
        ],
        [
            0,
            11
        ],
        [
            11,
            0
        ],
        [
            0,
            10
        ],
        [
            10,
            0
        ],
        [
            11,
            9
        ],
        [
            9,
            11
        ],
        [
            20,
            1
        ],
        [
            1,
            20
        ],
        [
            14,
            18
        ],
        [
            18,
            14
        ],
        [
            1,
            18
        ],
        [
            18,
            1
        ],
        [
            20,
            18
        ],
        [
            18,
            20
        ],
        [
            22,
            7
        ],
        [
            7,
            22
        ],
        [
            5,
            23
        ],
        [
            23,
            5
        ],
        [
            21,
            13
        ],
        [
            13,
            21
        ],
        [
            12,
            15
        ],
        [
            15,
            12
        ],
        [
            0,
            0
        ],
        [
            1,
            1
        ],
        [
            2,
            2
        ],
        [
            3,
            3
        ],
        [
            4,
            4
        ],
        [
            5,
            5
        ],
        [
            6,
            6
        ],
        [
            7,
            7
        ],
        [
            8,
            8
        ],
        [
            9,
            9
        ],
        [
            10,
            10
        ],
        [
            11,
            11
        ],
        [
            12,
            12
        ],
        [
            13,
            13
        ],
        [
            14,
            14
        ],
        [
            15,
            15
        ],
        [
            16,
            16
        ],
        [
            17,
            17
        ],
        [
            18,
            18
        ],
        [
            19,
            19
        ],
        [
            20,
            20
        ],
        [
            21,
            21
        ],
        [
            22,
            22
        ],
        [
            23,
            23
        ],
        [
            24,
            24
        ],
        [
            25,
            25
        ]
    ],
    "similarity": 0.64
}