{
    "coords": [
        [
            47.6220877526639,
            65.69987348226509
        ],
        [
            47.31802736649193,
            17.369266339530288
        ],
        [
            18.938692343409876,
            29.234586652614873
        ],
        [
            70.02740723879114,
            31.469781304820277
        ],
        [
            18.777343068776585,
            66.675718467422
        ],
        [
            69.71676301047638,
            65.83031029407152
        ],
        [
            78.39672312831591,
            33.280803631404005
        ],
        [
            21.91946537216068,
            38.09769656399969
        ],
        [
            19.93754970636989,
            56.742232878710574
        ],
        [
            74.8459250225076,
            58.550531214394056
        ],
        [
            87.34912436159593,
            48.313202192511476
        ],
        [
            33.644101236978074,
            54.64841446359049
        ],
        [
            34.68956879896618,
            35.214840426625784
        ],
        [
            21.849046657246735,
            48.63235869211985
        ],
        [
            72.33831839565262,
            44.70622254768681
        ],
        [
            43.67688493810071,
            28.92524336920622
        ]
    ],
    "edges": [
        [
            2,
            3
        ],
        [
            3,
            2
        ],
        [
            2,
            4
        ],
        [
            4,
            2
        ],
        [
            3,
            5
        ],
        [
            5,
            3
        ],
        [
            4,
            5
        ],
        [
            5,
            4
        ],
        [
            13,
            14
        ],
        [
            14,
            13
        ],
        [
            15,
            0
        ],
        [
            0,
            15
        ],
        [
            2,
            5
        ],
        [
            5,
            2
        ],
        [
            4,
            3
        ],
        [
            3,
            4
        ],
        [
            3,
            10
        ],
        [
            10,
            3
        ],
        [
            5,
            10
        ],
        [
            10,
            5
        ],
        [
            14,
            10
        ],
        [
            10,
            14
        ],
        [
            6,
            9
        ],
        [
            9,
            6
        ],
        [
            1,
            3
        ],
        [
            3,
            1
        ],
        [
            1,
            15
        ],
        [
            15,
            1
        ],
        [
            7,
            12
        ],
        [
            12,
            7
        ],
        [
            8,
            11
        ],
        [
            11,
            8
        ],
        [
            12,
            11
        ],
        [
            11,
            12
        ],
        [
            7,
            12
        ],
        [
            12,
            7
        ],
        [
            0,
            0
        ],
        [
            1,
            1
        ],
        [
            2,
            2
        ],
        [
            3,
            3
        ],
        [
            4,
            4
        ],
        [
            5,
            5
        ],
        [
            6,
            6
        ],
        [
            7,
            7
        ],
        [
            8,
            8
        ],
        [
            9,
            9
        ],
        [
            10,
            10
        ],
        [
            11,
            11
        ],
        [
            12,
            12
        ],
        [
            13,
            13
        ],
        [
            14,
            14
        ],
        [
            15,
            15
        ]
    ],
    "similarity": 0.38
}