{
    "coords": [
        [
            21.99004455797571,
            37.31666507317634
        ],
        [
            20.816643536123994,
            73.31230798677282
        ],
        [
            74.40295269508174,
            35.86721109795209
        ],
        [
            74.92068742914353,
            61.085094695128646
        ],
        [
            89.05450261245933,
            48.80734648836073
        ],
        [
            31.30379128460379,
            69.87162773075704
        ],
        [
            20.56142476423395,
            47.631774958791375
        ],
        [
            45.40678686051008,
            63.822075611504594
        ],
        [
            69.83965312015768,
            31.616510208769828
        ],
        [
            20.94869842346488,
            54.522136781611756
        ],
        [
            31.046243372712958,
            54.36065273978449
        ],
        [
            31.62986330562012,
            39.97208262956161
        ],
        [
            26.898941286560326,
            31.942103493890013
        ],
        [
            61.41993726984206,
            73.54350109420514
        ],
        [
            30.76988402635022,
            66.13035657573855
        ],
        [
            43.105922302101334,
            34.53794465313995
        ],
        [
            20.43048144356401,
            30.670528545756355
        ],
        [
            69.83499333116484,
            64.29426720147104
        ],
        [
            31.08587621075337,
            76.07849468415591
        ],
        [
            43.60416348708348,
            20.50175905908128
        ],
        [
            19.840401663358545,
            65.47039510366052
        ],
        [
            59.55393986605938,
            68.36567994129194
        ],
        [
            43.94569855839157,
            68.20826549126798
        ],
        [
            66.27617878836212,
            71.53042735165643
        ],
        [
            68.95925133588638,
            47.068892397485115
        ],
        [
            46.69070221234236,
            31.696893737129876
        ]
    ],
    "edges": [
        [
            16,
            8
        ],
        [
            8,
            16
        ],
        [
            16,
            20
        ],
        [
            20,
            16
        ],
        [
            8,
            17
        ],
        [
            17,
            8
        ],
        [
            20,
            17
        ],
        [
            17,
            20
        ],
        [
            6,
            24
        ],
        [
            24,
            6
        ],
        [
            25,
            7
        ],
        [
            7,
            25
        ],
        [
            16,
            17
        ],
        [
            17,
            16
        ],
        [
            20,
            8
        ],
        [
            8,
            20
        ],
        [
            8,
            4
        ],
        [
            4,
            8
        ],
        [
            17,
            4
        ],
        [
            4,
            17
        ],
        [
            24,
            4
        ],
        [
            4,
            24
        ],
        [
            2,
            3
        ],
        [
            3,
            2
        ],
        [
            19,
            8
        ],
        [
            8,
            19
        ],
        [
            19,
            25
        ],
        [
            25,
            19
        ],
        [
            0,
            11
        ],
        [
            11,
            0
        ],
        [
            9,
            10
        ],
        [
            10,
            9
        ],
        [
            11,
            10
        ],
        [
            10,
            11
        ],
        [
            0,
            11
        ],
        [
            11,
            0
        ],
        [
            0,
            10
        ],
        [
            10,
            0
        ],
        [
            11,
            9
        ],
        [
            9,
            11
        ],
        [
            20,
            1
        ],
        [
            1,
            20
        ],
        [
            14,
            18
        ],
        [
            18,
            14
        ],
        [
            1,
            18
        ],
        [
            18,
            1
        ],
        [
            20,
            18
        ],
        [
            18,
            20
        ],
        [
            22,
            7
        ],
        [
            7,
            22
        ],
        [
            5,
            23
        ],
        [
            23,
            5
        ],
        [
            21,
            13
        ],
        [
            13,
            21
        ],
        [
            12,
            15
        ],
        [
            15,
            12
        ],
        [
            0,
            0
        ],
        [
            1,
            1
        ],
        [
            2,
            2
        ],
        [
            3,
            3
        ],
        [
            4,
            4
        ],
        [
            5,
            5
        ],
        [
            6,
            6
        ],
        [
            7,
            7
        ],
        [
            8,
            8
        ],
        [
            9,
            9
        ],
        [
            10,
            10
        ],
        [
            11,
            11
        ],
        [
            12,
            12
        ],
        [
            13,
            13
        ],
        [
            14,
            14
        ],
        [
            15,
            15
        ],
        [
            16,
            16
        ],
        [
            17,
            17
        ],
        [
            18,
            18
        ],
        [
            19,
            19
        ],
        [
            20,
            20
        ],
        [
            21,
            21
        ],
        [
            22,
            22
        ],
        [
            23,
            23
        ],
        [
            24,
            24
        ],
        [
            25,
            25
        ]
    ],
    "similarity": 0.6
}