{
    "coords": [
        [
            43.53384498071853,
            66.27210360385183
        ],
        [
            42.13763303939469,
            22.84681905308626
        ],
        [
            17.835691436840325,
            31.693204942463137
        ],
        [
            71.9315475184344,
            28.894029291300274
        ],
        [
            20.355650667768387,
            63.58902488706785
        ],
        [
            69.96952612046893,
            65.81483293149189
        ],
        [
            74.70911063113485,
            36.76072057129236
        ],
        [
            18.60224201760563,
            38.77113022742218
        ],
        [
            22.892099244767593,
            54.62130650084746
        ],
        [
            77.7334914650802,
            61.74652757525175
        ],
        [
            88.54307193069614,
            49.22502870612491
        ],
        [
            30.492679623462394,
            54.44879752602627
        ],
        [
            34.02177792999872,
            38.82686408232623
        ],
        [
            19.88763855473025,
            50.178123878219196
        ],
        [
            70.26822779083268,
            44.76096838463493
        ],
        [
            42.265818886877,
            32.47037923108312
        ]
    ],
    "edges": [
        [
            2,
            3
        ],
        [
            3,
            2
        ],
        [
            2,
            4
        ],
        [
            4,
            2
        ],
        [
            3,
            5
        ],
        [
            5,
            3
        ],
        [
            4,
            5
        ],
        [
            5,
            4
        ],
        [
            13,
            14
        ],
        [
            14,
            13
        ],
        [
            15,
            0
        ],
        [
            0,
            15
        ],
        [
            2,
            5
        ],
        [
            5,
            2
        ],
        [
            4,
            3
        ],
        [
            3,
            4
        ],
        [
            3,
            10
        ],
        [
            10,
            3
        ],
        [
            5,
            10
        ],
        [
            10,
            5
        ],
        [
            14,
            10
        ],
        [
            10,
            14
        ],
        [
            6,
            9
        ],
        [
            9,
            6
        ],
        [
            1,
            3
        ],
        [
            3,
            1
        ],
        [
            1,
            15
        ],
        [
            15,
            1
        ],
        [
            7,
            12
        ],
        [
            12,
            7
        ],
        [
            8,
            11
        ],
        [
            11,
            8
        ],
        [
            12,
            11
        ],
        [
            11,
            12
        ],
        [
            7,
            12
        ],
        [
            12,
            7
        ],
        [
            7,
            11
        ],
        [
            11,
            7
        ],
        [
            12,
            8
        ],
        [
            8,
            12
        ],
        [
            0,
            0
        ],
        [
            1,
            1
        ],
        [
            2,
            2
        ],
        [
            3,
            3
        ],
        [
            4,
            4
        ],
        [
            5,
            5
        ],
        [
            6,
            6
        ],
        [
            7,
            7
        ],
        [
            8,
            8
        ],
        [
            9,
            9
        ],
        [
            10,
            10
        ],
        [
            11,
            11
        ],
        [
            12,
            12
        ],
        [
            13,
            13
        ],
        [
            14,
            14
        ],
        [
            15,
            15
        ]
    ],
    "similarity": 0.41
}