{
    "coords": [
        [
            47.47356088844724,
            65.58150632608101
        ],
        [
            42.24161913104134,
            18.790216684647408
        ],
        [
            29.973139344535365,
            36.52478730031038
        ],
        [
            17.64713802736196,
            28.39241750293629
        ],
        [
            70.41113889932367,
            27.623433898288106
        ],
        [
            22.892276609942147,
            65.47092378462959
        ],
        [
            67.23070500030641,
            62.858787372202976
        ],
        [
            77.79087706410972,
            37.54406279384736
        ],
        [
            19.675334270378176,
            38.18579546871515
        ],
        [
            77.76809705175621,
            62.88939671677725
        ],
        [
            89.5263116539924,
            46.8091601021097
        ],
        [
            18.35896299824739,
            50.30999815664679
        ],
        [
            72.74206353189759,
            47.5938582816181
        ],
        [
            47.56941054698744,
            28.51605562699476
        ]
    ],
    "edges": [
        [
            3,
            4
        ],
        [
            4,
            3
        ],
        [
            3,
            5
        ],
        [
            5,
            3
        ],
        [
            4,
            6
        ],
        [
            6,
            4
        ],
        [
            5,
            6
        ],
        [
            6,
            5
        ],
        [
            11,
            12
        ],
        [
            12,
            11
        ],
        [
            13,
            0
        ],
        [
            0,
            13
        ],
        [
            3,
            6
        ],
        [
            6,
            3
        ],
        [
            5,
            4
        ],
        [
            4,
            5
        ],
        [
            4,
            10
        ],
        [
            10,
            4
        ],
        [
            6,
            10
        ],
        [
            10,
            6
        ],
        [
            12,
            10
        ],
        [
            10,
            12
        ],
        [
            7,
            9
        ],
        [
            9,
            7
        ],
        [
            1,
            4
        ],
        [
            4,
            1
        ],
        [
            1,
            13
        ],
        [
            13,
            1
        ],
        [
            8,
            2
        ],
        [
            2,
            8
        ],
        [
            0,
            0
        ],
        [
            1,
            1
        ],
        [
            2,
            2
        ],
        [
            3,
            3
        ],
        [
            4,
            4
        ],
        [
            5,
            5
        ],
        [
            6,
            6
        ],
        [
            7,
            7
        ],
        [
            8,
            8
        ],
        [
            9,
            9
        ],
        [
            10,
            10
        ],
        [
            11,
            11
        ],
        [
            12,
            12
        ],
        [
            13,
            13
        ]
    ],
    "similarity": 0.41
}