{
    "coords": [
        [
            16.291285859852174,
            65.57493014888058
        ],
        [
            17.673450559971034,
            31.189026058038316
        ],
        [
            70.6653597600901,
            28.406500007834577
        ]
    ],
    "edges": [
        [
            1,
            2
        ],
        [
            2,
            1
        ],
        [
            1,
            0
        ],
        [
            0,
            1
        ],
        [
            0,
            0
        ],
        [
            1,
            1
        ],
        [
            2,
            2
        ]
    ],
    "similarity": 0.02
}