{
    "coords": [
        [
            42.28152558288648,
            64.62596624821691
        ],
        [
            44.001918153189614,
            23.319718361258804
        ],
        [
            18.145372872413688,
            26.951394418200998
        ],
        [
            68.75441387159461,
            28.937834879418695
        ],
        [
            22.672205626293092,
            67.65049299747268
        ],
        [
            72.6992045894127,
            64.66376807818646
        ],
        [
            73.98272345871618,
            37.073239089465865
        ],
        [
            74.40415229850818,
            57.75648293603423
        ],
        [
            92.1084704808871,
            47.38926861593319
        ],
        [
            16.6884388551334,
            48.89924579141043
        ],
        [
            70.52081266039549,
            50.406592311923575
        ],
        [
            41.689701816427934,
            29.77813694979176
        ]
    ],
    "edges": [
        [
            2,
            3
        ],
        [
            3,
            2
        ],
        [
            2,
            4
        ],
        [
            4,
            2
        ],
        [
            3,
            5
        ],
        [
            5,
            3
        ],
        [
            4,
            5
        ],
        [
            5,
            4
        ],
        [
            9,
            10
        ],
        [
            10,
            9
        ],
        [
            11,
            0
        ],
        [
            0,
            11
        ],
        [
            2,
            5
        ],
        [
            5,
            2
        ],
        [
            4,
            3
        ],
        [
            3,
            4
        ],
        [
            3,
            8
        ],
        [
            8,
            3
        ],
        [
            5,
            8
        ],
        [
            8,
            5
        ],
        [
            10,
            8
        ],
        [
            8,
            10
        ],
        [
            6,
            7
        ],
        [
            7,
            6
        ],
        [
            1,
            3
        ],
        [
            3,
            1
        ],
        [
            1,
            11
        ],
        [
            11,
            1
        ],
        [
            0,
            0
        ],
        [
            1,
            1
        ],
        [
            2,
            2
        ],
        [
            3,
            3
        ],
        [
            4,
            4
        ],
        [
            5,
            5
        ],
        [
            6,
            6
        ],
        [
            7,
            7
        ],
        [
            8,
            8
        ],
        [
            9,
            9
        ],
        [
            10,
            10
        ],
        [
            11,
            11
        ]
    ],
    "similarity": 0.31
}