{
    "coords": [
        [
            23.867347658180307,
            67.88798100269084
        ],
        [
            69.36826498517678,
            66.82420783197597
        ],
        [
            24.4225904950886,
            26.93131920577023
        ],
        [
            67.17914464781457,
            32.89777079086358
        ]
    ],
    "edges": [
        [
            2,
            3
        ],
        [
            3,
            2
        ],
        [
            2,
            0
        ],
        [
            0,
            2
        ],
        [
            3,
            1
        ],
        [
            1,
            3
        ],
        [
            0,
            1
        ],
        [
            1,
            0
        ],
        [
            0,
            0
        ],
        [
            1,
            1
        ],
        [
            2,
            2
        ],
        [
            3,
            3
        ]
    ],
    "similarity": 0.08
}