{
    "coords": [
        [
            44.67553393332075,
            64.36160152831914
        ],
        [
            45.228391178698445,
            20.97112594697775
        ],
        [
            30.055139912693143,
            36.922481097395824
        ],
        [
            18.264981915830578,
            29.121343225043702
        ],
        [
            67.95398257174924,
            31.041798218426383
        ],
        [
            18.69001869757009,
            64.06592737080831
        ],
        [
            70.9480541371575,
            62.850723376427574
        ],
        [
            76.6681712403062,
            36.35286598644619
        ],
        [
            22.01309641429008,
            36.80447282144699
        ],
        [
            73.17977125763763,
            58.7709232185538
        ],
        [
            91.1639486651991,
            47.323380580676904
        ],
        [
            31.876511632798767,
            60.36656102385336
        ],
        [
            19.182100319498495,
            46.02406669765675
        ],
        [
            71.55210192191382,
            46.03364134859045
        ],
        [
            18.11402436967215,
            58.92444985081243
        ],
        [
            43.17942800935359,
            28.746872237734657
        ]
    ],
    "edges": [
        [
            3,
            4
        ],
        [
            4,
            3
        ],
        [
            3,
            5
        ],
        [
            5,
            3
        ],
        [
            4,
            6
        ],
        [
            6,
            4
        ],
        [
            5,
            6
        ],
        [
            6,
            5
        ],
        [
            12,
            13
        ],
        [
            13,
            12
        ],
        [
            15,
            0
        ],
        [
            0,
            15
        ],
        [
            3,
            6
        ],
        [
            6,
            3
        ],
        [
            5,
            4
        ],
        [
            4,
            5
        ],
        [
            4,
            10
        ],
        [
            10,
            4
        ],
        [
            6,
            10
        ],
        [
            10,
            6
        ],
        [
            13,
            10
        ],
        [
            10,
            13
        ],
        [
            7,
            9
        ],
        [
            9,
            7
        ],
        [
            1,
            4
        ],
        [
            4,
            1
        ],
        [
            1,
            15
        ],
        [
            15,
            1
        ],
        [
            8,
            2
        ],
        [
            2,
            8
        ],
        [
            14,
            11
        ],
        [
            11,
            14
        ],
        [
            2,
            11
        ],
        [
            11,
            2
        ],
        [
            0,
            0
        ],
        [
            1,
            1
        ],
        [
            2,
            2
        ],
        [
            3,
            3
        ],
        [
            4,
            4
        ],
        [
            5,
            5
        ],
        [
            6,
            6
        ],
        [
            7,
            7
        ],
        [
            8,
            8
        ],
        [
            9,
            9
        ],
        [
            10,
            10
        ],
        [
            11,
            11
        ],
        [
            12,
            12
        ],
        [
            13,
            13
        ],
        [
            14,
            14
        ],
        [
            15,
            15
        ]
    ],
    "similarity": 0.52
}