{
    "coords": [
        [
            20.24077155704193,
            67.8165304431863
        ],
        [
            70.50665135317898,
            62.09285262574408
        ],
        [
            16.45883275298382,
            25.567042663656892
        ],
        [
            72.49488431777715,
            33.380765990977025
        ]
    ],
    "edges": [
        [
            2,
            3
        ],
        [
            3,
            2
        ],
        [
            2,
            0
        ],
        [
            0,
            2
        ],
        [
            3,
            1
        ],
        [
            1,
            3
        ],
        [
            0,
            1
        ],
        [
            1,
            0
        ],
        [
            0,
            0
        ],
        [
            1,
            1
        ],
        [
            2,
            2
        ],
        [
            3,
            3
        ]
    ],
    "similarity": 0.02
}