{
    "coords": [
        [
            20.26718727217788,
            74.0444492954926
        ],
        [
            76.2408503742579,
            35.13401261197576
        ],
        [
            76.00766758218913,
            61.070391565869386
        ],
        [
            90.40695939866426,
            48.63913565686863
        ],
        [
            20.570468887262493,
            48.13392426942648
        ],
        [
            44.60176360424383,
            64.84527767078792
        ],
        [
            29.441547077190524,
            37.53888779541685
        ],
        [
            70.82064429901887,
            29.67376560757316
        ],
        [
            29.90410880504237,
            58.375848423070494
        ],
        [
            30.557907643006942,
            65.66046141884371
        ],
        [
            19.388485640402656,
            28.8542374090037
        ],
        [
            69.98468536097535,
            65.41311609439212
        ],
        [
            18.831075819045797,
            36.06449919904416
        ],
        [
            29.249310589419185,
            73.95919568627512
        ],
        [
            20.85867281280111,
            58.50022714981797
        ],
        [
            45.416387646367184,
            20.80329459224147
        ],
        [
            19.95467120271829,
            64.71120423981904
        ],
        [
            70.46727254769718,
            46.797850692669805
        ],
        [
            45.45441849869188,
            29.91189797509697
        ]
    ],
    "edges": [
        [
            10,
            7
        ],
        [
            7,
            10
        ],
        [
            10,
            16
        ],
        [
            16,
            10
        ],
        [
            7,
            11
        ],
        [
            11,
            7
        ],
        [
            16,
            11
        ],
        [
            11,
            16
        ],
        [
            4,
            17
        ],
        [
            17,
            4
        ],
        [
            18,
            5
        ],
        [
            5,
            18
        ],
        [
            10,
            11
        ],
        [
            11,
            10
        ],
        [
            16,
            7
        ],
        [
            7,
            16
        ],
        [
            7,
            3
        ],
        [
            3,
            7
        ],
        [
            11,
            3
        ],
        [
            3,
            11
        ],
        [
            17,
            3
        ],
        [
            3,
            17
        ],
        [
            1,
            2
        ],
        [
            2,
            1
        ],
        [
            15,
            7
        ],
        [
            7,
            15
        ],
        [
            15,
            18
        ],
        [
            18,
            15
        ],
        [
            12,
            6
        ],
        [
            6,
            12
        ],
        [
            14,
            8
        ],
        [
            8,
            14
        ],
        [
            6,
            8
        ],
        [
            8,
            6
        ],
        [
            12,
            8
        ],
        [
            8,
            12
        ],
        [
            6,
            14
        ],
        [
            14,
            6
        ],
        [
            16,
            0
        ],
        [
            0,
            16
        ],
        [
            9,
            13
        ],
        [
            13,
            9
        ],
        [
            0,
            13
        ],
        [
            13,
            0
        ],
        [
            0,
            0
        ],
        [
            1,
            1
        ],
        [
            2,
            2
        ],
        [
            3,
            3
        ],
        [
            4,
            4
        ],
        [
            5,
            5
        ],
        [
            6,
            6
        ],
        [
            7,
            7
        ],
        [
            8,
            8
        ],
        [
            9,
            9
        ],
        [
            10,
            10
        ],
        [
            11,
            11
        ],
        [
            12,
            12
        ],
        [
            13,
            13
        ],
        [
            14,
            14
        ],
        [
            15,
            15
        ],
        [
            16,
            16
        ],
        [
            17,
            17
        ],
        [
            18,
            18
        ]
    ],
    "similarity": 0.75
}