{
    "coords": [
        [
            43.88368248523247,
            64.12412822615214
        ],
        [
            48.24408727589597,
            21.662677379583943
        ],
        [
            21.611128512330932,
            27.466407925516645
        ],
        [
            70.62578397454637,
            28.555832822646043
        ],
        [
            22.67372843327102,
            67.40273700407961
        ],
        [
            67.17818968197967,
            64.44892899734491
        ],
        [
            72.35760588001826,
            37.489054441460986
        ],
        [
            73.07746579740187,
            63.14442368969594
        ],
        [
            92.64550949651965,
            48.9067443999928
        ],
        [
            18.983774655618085,
            47.97495689569525
        ],
        [
            66.79330902523446,
            48.39957315275508
        ],
        [
            45.46745079780445,
            29.61820517541919
        ]
    ],
    "edges": [
        [
            2,
            3
        ],
        [
            3,
            2
        ],
        [
            2,
            4
        ],
        [
            4,
            2
        ],
        [
            3,
            5
        ],
        [
            5,
            3
        ],
        [
            4,
            5
        ],
        [
            5,
            4
        ],
        [
            9,
            10
        ],
        [
            10,
            9
        ],
        [
            11,
            0
        ],
        [
            0,
            11
        ],
        [
            2,
            5
        ],
        [
            5,
            2
        ],
        [
            4,
            3
        ],
        [
            3,
            4
        ],
        [
            3,
            8
        ],
        [
            8,
            3
        ],
        [
            5,
            8
        ],
        [
            8,
            5
        ],
        [
            10,
            8
        ],
        [
            8,
            10
        ],
        [
            6,
            7
        ],
        [
            7,
            6
        ],
        [
            1,
            3
        ],
        [
            3,
            1
        ],
        [
            1,
            11
        ],
        [
            11,
            1
        ],
        [
            0,
            0
        ],
        [
            1,
            1
        ],
        [
            2,
            2
        ],
        [
            3,
            3
        ],
        [
            4,
            4
        ],
        [
            5,
            5
        ],
        [
            6,
            6
        ],
        [
            7,
            7
        ],
        [
            8,
            8
        ],
        [
            9,
            9
        ],
        [
            10,
            10
        ],
        [
            11,
            11
        ]
    ],
    "similarity": 0.32
}