{
    "coords": [
        [
            20.187820949201594,
            74.70629805852292
        ],
        [
            75.08089331186584,
            34.84976577823461
        ],
        [
            75.07745503662122,
            60.3767702040717
        ],
        [
            89.91435464310122,
            47.42359827581566
        ],
        [
            19.606514489525882,
            47.348758351589325
        ],
        [
            45.35153063584357,
            65.06929032754434
        ],
        [
            29.7697476345136,
            36.79182438494252
        ],
        [
            70.43323370289309,
            29.773593003223514
        ],
        [
            30.210872457522232,
            57.54664191236706
        ],
        [
            29.924682969302673,
            64.59146961006846
        ],
        [
            19.579257114041763,
            29.763182225594115
        ],
        [
            69.50651826005488,
            64.64645329700122
        ],
        [
            20.253681075982062,
            37.0248456611924
        ],
        [
            30.362413708368265,
            74.70663453866521
        ],
        [
            19.879279484245632,
            57.50727746022018
        ],
        [
            45.15630060860342,
            19.746380746066052
        ],
        [
            19.53179776281478,
            64.85202287400605
        ],
        [
            45.052793167096354,
            70.1363629888066
        ],
        [
            69.83460145345593,
            47.101963174829
        ],
        [
            45.21245964097406,
            30.478028936299157
        ]
    ],
    "edges": [
        [
            10,
            7
        ],
        [
            7,
            10
        ],
        [
            10,
            16
        ],
        [
            16,
            10
        ],
        [
            7,
            11
        ],
        [
            11,
            7
        ],
        [
            16,
            11
        ],
        [
            11,
            16
        ],
        [
            4,
            18
        ],
        [
            18,
            4
        ],
        [
            19,
            5
        ],
        [
            5,
            19
        ],
        [
            10,
            11
        ],
        [
            11,
            10
        ],
        [
            16,
            7
        ],
        [
            7,
            16
        ],
        [
            7,
            3
        ],
        [
            3,
            7
        ],
        [
            11,
            3
        ],
        [
            3,
            11
        ],
        [
            18,
            3
        ],
        [
            3,
            18
        ],
        [
            1,
            2
        ],
        [
            2,
            1
        ],
        [
            15,
            7
        ],
        [
            7,
            15
        ],
        [
            15,
            19
        ],
        [
            19,
            15
        ],
        [
            12,
            6
        ],
        [
            6,
            12
        ],
        [
            14,
            8
        ],
        [
            8,
            14
        ],
        [
            6,
            8
        ],
        [
            8,
            6
        ],
        [
            12,
            8
        ],
        [
            8,
            12
        ],
        [
            6,
            14
        ],
        [
            14,
            6
        ],
        [
            16,
            0
        ],
        [
            0,
            16
        ],
        [
            9,
            13
        ],
        [
            13,
            9
        ],
        [
            0,
            13
        ],
        [
            13,
            0
        ],
        [
            16,
            13
        ],
        [
            13,
            16
        ],
        [
            17,
            5
        ],
        [
            5,
            17
        ],
        [
            0,
            0
        ],
        [
            1,
            1
        ],
        [
            2,
            2
        ],
        [
            3,
            3
        ],
        [
            4,
            4
        ],
        [
            5,
            5
        ],
        [
            6,
            6
        ],
        [
            7,
            7
        ],
        [
            8,
            8
        ],
        [
            9,
            9
        ],
        [
            10,
            10
        ],
        [
            11,
            11
        ],
        [
            12,
            12
        ],
        [
            13,
            13
        ],
        [
            14,
            14
        ],
        [
            15,
            15
        ],
        [
            16,
            16
        ],
        [
            17,
            17
        ],
        [
            18,
            18
        ],
        [
            19,
            19
        ]
    ],
    "similarity": 0.89
}