{
    "coords": [
        [
            43.75288730519106,
            62.20962792028757
        ],
        [
            24.20246942720324,
            26.58680601832672
        ],
        [
            73.57444190752926,
            29.34110779355679
        ],
        [
            16.72807014120498,
            67.29337776680923
        ],
        [
            73.43003956681369,
            60.830686131801244
        ],
        [
            18.416008953125147,
            49.729583435168074
        ],
        [
            65.9147100924863,
            50.7018591947683
        ],
        [
            42.82771228816176,
            29.72938455940644
        ]
    ],
    "edges": [
        [
            1,
            2
        ],
        [
            2,
            1
        ],
        [
            1,
            3
        ],
        [
            3,
            1
        ],
        [
            2,
            4
        ],
        [
            4,
            2
        ],
        [
            3,
            4
        ],
        [
            4,
            3
        ],
        [
            5,
            6
        ],
        [
            6,
            5
        ],
        [
            7,
            0
        ],
        [
            0,
            7
        ],
        [
            1,
            4
        ],
        [
            4,
            1
        ],
        [
            3,
            2
        ],
        [
            2,
            3
        ],
        [
            0,
            0
        ],
        [
            1,
            1
        ],
        [
            2,
            2
        ],
        [
            3,
            3
        ],
        [
            4,
            4
        ],
        [
            5,
            5
        ],
        [
            6,
            6
        ],
        [
            7,
            7
        ]
    ],
    "similarity": 0.15
}