{
    "coords": [
        [
            45.43490854956024,
            65.44006459438951
        ],
        [
            45.29630977666118,
            18.610361485492803
        ],
        [
            32.3398095121767,
            34.80378312780526
        ],
        [
            22.33644945835143,
            29.181504418636436
        ],
        [
            67.60708766913463,
            29.350965211708278
        ],
        [
            17.928925792892294,
            64.69397785986925
        ],
        [
            71.6201970002555,
            62.4805458053057
        ],
        [
            75.96366268086565,
            33.25668526202815
        ],
        [
            20.553082045038046,
            34.007095357862326
        ],
        [
            77.14788226343867,
            60.96773584076409
        ],
        [
            92.84337177916392,
            48.631740750785134
        ],
        [
            22.275626430692277,
            47.334705904263465
        ],
        [
            69.70568746923595,
            47.707286060781534
        ],
        [
            44.0546744785561,
            27.6211894305044
        ]
    ],
    "edges": [
        [
            3,
            4
        ],
        [
            4,
            3
        ],
        [
            3,
            5
        ],
        [
            5,
            3
        ],
        [
            4,
            6
        ],
        [
            6,
            4
        ],
        [
            5,
            6
        ],
        [
            6,
            5
        ],
        [
            11,
            12
        ],
        [
            12,
            11
        ],
        [
            13,
            0
        ],
        [
            0,
            13
        ],
        [
            3,
            6
        ],
        [
            6,
            3
        ],
        [
            5,
            4
        ],
        [
            4,
            5
        ],
        [
            4,
            10
        ],
        [
            10,
            4
        ],
        [
            6,
            10
        ],
        [
            10,
            6
        ],
        [
            12,
            10
        ],
        [
            10,
            12
        ],
        [
            7,
            9
        ],
        [
            9,
            7
        ],
        [
            1,
            4
        ],
        [
            4,
            1
        ],
        [
            1,
            13
        ],
        [
            13,
            1
        ],
        [
            8,
            2
        ],
        [
            2,
            8
        ],
        [
            0,
            0
        ],
        [
            1,
            1
        ],
        [
            2,
            2
        ],
        [
            3,
            3
        ],
        [
            4,
            4
        ],
        [
            5,
            5
        ],
        [
            6,
            6
        ],
        [
            7,
            7
        ],
        [
            8,
            8
        ],
        [
            9,
            9
        ],
        [
            10,
            10
        ],
        [
            11,
            11
        ],
        [
            12,
            12
        ],
        [
            13,
            13
        ]
    ],
    "similarity": 0.4
}