{
    "coords": [
        [
            21.32032285472252,
            37.71810314004135
        ],
        [
            18.941437810792475,
            73.3498791775947
        ],
        [
            74.11277272691095,
            36.61091602944262
        ],
        [
            73.55819383862216,
            59.097254666812034
        ],
        [
            90.99912895056428,
            49.321032966813355
        ],
        [
            28.11075297045482,
            71.87576678017079
        ],
        [
            18.73014243044314,
            49.40760757370836
        ],
        [
            44.81077843445625,
            63.744477540109656
        ],
        [
            70.94015197463825,
            29.56901877797251
        ],
        [
            20.720259051170878,
            56.82434667790268
        ],
        [
            31.238272548820618,
            55.00126472423401
        ],
        [
            30.13832641698953,
            38.017947541372834
        ],
        [
            26.482101822024422,
            33.025352043321426
        ],
        [
            58.46542775358429,
            70.67944185699012
        ],
        [
            31.435396316024672,
            65.21084494710136
        ],
        [
            44.86320030895919,
            33.53533880168328
        ],
        [
            20.251293585895418,
            28.618277335187457
        ],
        [
            68.1383198206169,
            65.94158158652004
        ],
        [
            28.18201696083949,
            74.17647389955171
        ],
        [
            46.888463227521264,
            18.50920302748445
        ],
        [
            20.064760610378272,
            66.76566522728825
        ],
        [
            60.75129159596173,
            66.89625462511529
        ],
        [
            45.417840156043376,
            69.27763268244576
        ],
        [
            63.9360799125698,
            68.82074220284129
        ],
        [
            68.83303627498309,
            47.578580139350386
        ],
        [
            44.05683680067258,
            29.57574121098733
        ]
    ],
    "edges": [
        [
            16,
            8
        ],
        [
            8,
            16
        ],
        [
            16,
            20
        ],
        [
            20,
            16
        ],
        [
            8,
            17
        ],
        [
            17,
            8
        ],
        [
            20,
            17
        ],
        [
            17,
            20
        ],
        [
            6,
            24
        ],
        [
            24,
            6
        ],
        [
            25,
            7
        ],
        [
            7,
            25
        ],
        [
            16,
            17
        ],
        [
            17,
            16
        ],
        [
            20,
            8
        ],
        [
            8,
            20
        ],
        [
            8,
            4
        ],
        [
            4,
            8
        ],
        [
            17,
            4
        ],
        [
            4,
            17
        ],
        [
            24,
            4
        ],
        [
            4,
            24
        ],
        [
            2,
            3
        ],
        [
            3,
            2
        ],
        [
            19,
            8
        ],
        [
            8,
            19
        ],
        [
            19,
            25
        ],
        [
            25,
            19
        ],
        [
            0,
            11
        ],
        [
            11,
            0
        ],
        [
            9,
            10
        ],
        [
            10,
            9
        ],
        [
            11,
            10
        ],
        [
            10,
            11
        ],
        [
            0,
            11
        ],
        [
            11,
            0
        ],
        [
            0,
            10
        ],
        [
            10,
            0
        ],
        [
            11,
            9
        ],
        [
            9,
            11
        ],
        [
            20,
            1
        ],
        [
            1,
            20
        ],
        [
            14,
            18
        ],
        [
            18,
            14
        ],
        [
            1,
            18
        ],
        [
            18,
            1
        ],
        [
            20,
            18
        ],
        [
            18,
            20
        ],
        [
            22,
            7
        ],
        [
            7,
            22
        ],
        [
            5,
            23
        ],
        [
            23,
            5
        ],
        [
            21,
            13
        ],
        [
            13,
            21
        ],
        [
            12,
            15
        ],
        [
            15,
            12
        ],
        [
            0,
            0
        ],
        [
            1,
            1
        ],
        [
            2,
            2
        ],
        [
            3,
            3
        ],
        [
            4,
            4
        ],
        [
            5,
            5
        ],
        [
            6,
            6
        ],
        [
            7,
            7
        ],
        [
            8,
            8
        ],
        [
            9,
            9
        ],
        [
            10,
            10
        ],
        [
            11,
            11
        ],
        [
            12,
            12
        ],
        [
            13,
            13
        ],
        [
            14,
            14
        ],
        [
            15,
            15
        ],
        [
            16,
            16
        ],
        [
            17,
            17
        ],
        [
            18,
            18
        ],
        [
            19,
            19
        ],
        [
            20,
            20
        ],
        [
            21,
            21
        ],
        [
            22,
            22
        ],
        [
            23,
            23
        ],
        [
            24,
            24
        ],
        [
            25,
            25
        ]
    ],
    "similarity": 0.61
}