{
    "coords": [
        [
            20.903666067721634,
            40.75835673947709
        ],
        [
            22.42064355610573,
            76.06665735256182
        ],
        [
            72.92253167003312,
            34.97678689443586
        ],
        [
            77.9018654856504,
            57.8156811194189
        ],
        [
            89.62321404380958,
            47.22538468751131
        ],
        [
            19.773869626870997,
            46.5216028813737
        ],
        [
            43.79580227678131,
            65.11940781692438
        ],
        [
            70.7294160617522,
            28.830390961230222
        ],
        [
            18.74050374294653,
            57.8919802294639
        ],
        [
            32.89837060421294,
            54.95296038135373
        ],
        [
            32.147643214410635,
            40.14026299426764
        ],
        [
            32.00457279166169,
            62.91418447437936
        ],
        [
            17.994103694623536,
            31.10344047945427
        ],
        [
            72.19128769252728,
            62.730458840648325
        ],
        [
            31.733173219708505,
            73.7285996137422
        ],
        [
            44.1852993782128,
            19.606202741019224
        ],
        [
            17.678231542484568,
            65.55543372276269
        ],
        [
            68.92923908451137,
            48.485713912759834
        ],
        [
            44.10071583822165,
            31.84449385997961
        ]
    ],
    "edges": [
        [
            12,
            7
        ],
        [
            7,
            12
        ],
        [
            12,
            16
        ],
        [
            16,
            12
        ],
        [
            7,
            13
        ],
        [
            13,
            7
        ],
        [
            16,
            13
        ],
        [
            13,
            16
        ],
        [
            5,
            17
        ],
        [
            17,
            5
        ],
        [
            18,
            6
        ],
        [
            6,
            18
        ],
        [
            12,
            13
        ],
        [
            13,
            12
        ],
        [
            16,
            7
        ],
        [
            7,
            16
        ],
        [
            7,
            4
        ],
        [
            4,
            7
        ],
        [
            13,
            4
        ],
        [
            4,
            13
        ],
        [
            17,
            4
        ],
        [
            4,
            17
        ],
        [
            2,
            3
        ],
        [
            3,
            2
        ],
        [
            15,
            7
        ],
        [
            7,
            15
        ],
        [
            15,
            18
        ],
        [
            18,
            15
        ],
        [
            0,
            10
        ],
        [
            10,
            0
        ],
        [
            8,
            9
        ],
        [
            9,
            8
        ],
        [
            10,
            9
        ],
        [
            9,
            10
        ],
        [
            0,
            10
        ],
        [
            10,
            0
        ],
        [
            0,
            9
        ],
        [
            9,
            0
        ],
        [
            10,
            8
        ],
        [
            8,
            10
        ],
        [
            16,
            1
        ],
        [
            1,
            16
        ],
        [
            11,
            14
        ],
        [
            14,
            11
        ],
        [
            1,
            14
        ],
        [
            14,
            1
        ],
        [
            16,
            14
        ],
        [
            14,
            16
        ],
        [
            0,
            0
        ],
        [
            1,
            1
        ],
        [
            2,
            2
        ],
        [
            3,
            3
        ],
        [
            4,
            4
        ],
        [
            5,
            5
        ],
        [
            6,
            6
        ],
        [
            7,
            7
        ],
        [
            8,
            8
        ],
        [
            9,
            9
        ],
        [
            10,
            10
        ],
        [
            11,
            11
        ],
        [
            12,
            12
        ],
        [
            13,
            13
        ],
        [
            14,
            14
        ],
        [
            15,
            15
        ],
        [
            16,
            16
        ],
        [
            17,
            17
        ],
        [
            18,
            18
        ]
    ],
    "similarity": 0.47
}