{
    "coords": [
        [
            41.86471365164278,
            64.25647629790065
        ],
        [
            45.77340132228734,
            18.651435599277775
        ],
        [
            17.42673358371522,
            28.98820663055436
        ],
        [
            71.05402728579382,
            32.11967011630858
        ],
        [
            22.86757684432995,
            63.42301341862109
        ],
        [
            73.42177747512397,
            67.415039218197
        ],
        [
            72.49388699793549,
            36.18573052041449
        ],
        [
            72.44647628011066,
            57.19795071078979
        ],
        [
            87.19407474358432,
            46.341620004961825
        ],
        [
            20.936558749601012,
            50.12582643843969
        ],
        [
            70.791999577784,
            44.34608765382704
        ],
        [
            43.88399413559323,
            28.136124273542116
        ]
    ],
    "edges": [
        [
            2,
            3
        ],
        [
            3,
            2
        ],
        [
            2,
            4
        ],
        [
            4,
            2
        ],
        [
            3,
            5
        ],
        [
            5,
            3
        ],
        [
            4,
            5
        ],
        [
            5,
            4
        ],
        [
            9,
            10
        ],
        [
            10,
            9
        ],
        [
            11,
            0
        ],
        [
            0,
            11
        ],
        [
            2,
            5
        ],
        [
            5,
            2
        ],
        [
            4,
            3
        ],
        [
            3,
            4
        ],
        [
            3,
            8
        ],
        [
            8,
            3
        ],
        [
            5,
            8
        ],
        [
            8,
            5
        ],
        [
            10,
            8
        ],
        [
            8,
            10
        ],
        [
            6,
            7
        ],
        [
            7,
            6
        ],
        [
            1,
            3
        ],
        [
            3,
            1
        ],
        [
            1,
            11
        ],
        [
            11,
            1
        ],
        [
            0,
            0
        ],
        [
            1,
            1
        ],
        [
            2,
            2
        ],
        [
            3,
            3
        ],
        [
            4,
            4
        ],
        [
            5,
            5
        ],
        [
            6,
            6
        ],
        [
            7,
            7
        ],
        [
            8,
            8
        ],
        [
            9,
            9
        ],
        [
            10,
            10
        ],
        [
            11,
            11
        ]
    ],
    "similarity": 0.29
}