{
    "coords": [
        [
            40.86907843272817,
            62.90653119095571
        ],
        [
            18.270251045115653,
            32.93576774901047
        ],
        [
            70.44130295967965,
            29.94039205329843
        ],
        [
            18.629273108860747,
            62.329231308118935
        ],
        [
            68.67468721978156,
            61.035797713033446
        ],
        [
            15.821189544660188,
            43.56780421202283
        ],
        [
            70.04848892350076,
            47.597746140106395
        ],
        [
            46.93884654404524,
            31.774948107192618
        ]
    ],
    "edges": [
        [
            1,
            2
        ],
        [
            2,
            1
        ],
        [
            1,
            3
        ],
        [
            3,
            1
        ],
        [
            2,
            4
        ],
        [
            4,
            2
        ],
        [
            3,
            4
        ],
        [
            4,
            3
        ],
        [
            5,
            6
        ],
        [
            6,
            5
        ],
        [
            7,
            0
        ],
        [
            0,
            7
        ],
        [
            1,
            4
        ],
        [
            4,
            1
        ],
        [
            3,
            2
        ],
        [
            2,
            3
        ],
        [
            0,
            0
        ],
        [
            1,
            1
        ],
        [
            2,
            2
        ],
        [
            3,
            3
        ],
        [
            4,
            4
        ],
        [
            5,
            5
        ],
        [
            6,
            6
        ],
        [
            7,
            7
        ]
    ],
    "similarity": 0.16
}