{
    "coords": [
        [
            18.45440814339998,
            40.221568307218355
        ],
        [
            21.470270690725325,
            76.9790339709128
        ],
        [
            76.58145675141166,
            36.515712716666094
        ],
        [
            77.3833941132972,
            58.97350527202847
        ],
        [
            88.48231990577929,
            49.130440336095646
        ],
        [
            29.80008949224251,
            70.89424698366075
        ],
        [
            18.255368212502162,
            46.07669303684975
        ],
        [
            45.2639974200391,
            65.78177404550205
        ],
        [
            71.98623150827395,
            28.705411194172935
        ],
        [
            18.24245171328956,
            55.28638274069341
        ],
        [
            32.20284344865679,
            55.81422579253618
        ],
        [
            30.06655178203792,
            40.145168792568434
        ],
        [
            24.268878452631334,
            33.57934621352756
        ],
        [
            59.274703743390084,
            72.55531337880198
        ],
        [
            28.878607709106156,
            65.3307308034469
        ],
        [
            45.85995900533217,
            33.04970503606856
        ],
        [
            18.08417733131108,
            28.73693448741647
        ],
        [
            69.31959893402045,
            65.03954685089454
        ],
        [
            29.113712526156473,
            73.65773365183321
        ],
        [
            45.51989503442039,
            21.943291506286002
        ],
        [
            18.685807212984635,
            64.01772197955428
        ],
        [
            60.53907722221208,
            69.29188083257667
        ],
        [
            46.77135869321067,
            70.6769435843619
        ],
        [
            63.08331280174988,
            70.78815992866006
        ],
        [
            70.12187608550559,
            47.262123540845316
        ],
        [
            46.27417035913159,
            30.276015632977295
        ]
    ],
    "edges": [
        [
            16,
            8
        ],
        [
            8,
            16
        ],
        [
            16,
            20
        ],
        [
            20,
            16
        ],
        [
            8,
            17
        ],
        [
            17,
            8
        ],
        [
            20,
            17
        ],
        [
            17,
            20
        ],
        [
            6,
            24
        ],
        [
            24,
            6
        ],
        [
            25,
            7
        ],
        [
            7,
            25
        ],
        [
            16,
            17
        ],
        [
            17,
            16
        ],
        [
            20,
            8
        ],
        [
            8,
            20
        ],
        [
            8,
            4
        ],
        [
            4,
            8
        ],
        [
            17,
            4
        ],
        [
            4,
            17
        ],
        [
            24,
            4
        ],
        [
            4,
            24
        ],
        [
            2,
            3
        ],
        [
            3,
            2
        ],
        [
            19,
            8
        ],
        [
            8,
            19
        ],
        [
            19,
            25
        ],
        [
            25,
            19
        ],
        [
            0,
            11
        ],
        [
            11,
            0
        ],
        [
            9,
            10
        ],
        [
            10,
            9
        ],
        [
            11,
            10
        ],
        [
            10,
            11
        ],
        [
            0,
            11
        ],
        [
            11,
            0
        ],
        [
            0,
            10
        ],
        [
            10,
            0
        ],
        [
            11,
            9
        ],
        [
            9,
            11
        ],
        [
            20,
            1
        ],
        [
            1,
            20
        ],
        [
            14,
            18
        ],
        [
            18,
            14
        ],
        [
            1,
            18
        ],
        [
            18,
            1
        ],
        [
            20,
            18
        ],
        [
            18,
            20
        ],
        [
            22,
            7
        ],
        [
            7,
            22
        ],
        [
            5,
            23
        ],
        [
            23,
            5
        ],
        [
            21,
            13
        ],
        [
            13,
            21
        ],
        [
            12,
            15
        ],
        [
            15,
            12
        ],
        [
            0,
            0
        ],
        [
            1,
            1
        ],
        [
            2,
            2
        ],
        [
            3,
            3
        ],
        [
            4,
            4
        ],
        [
            5,
            5
        ],
        [
            6,
            6
        ],
        [
            7,
            7
        ],
        [
            8,
            8
        ],
        [
            9,
            9
        ],
        [
            10,
            10
        ],
        [
            11,
            11
        ],
        [
            12,
            12
        ],
        [
            13,
            13
        ],
        [
            14,
            14
        ],
        [
            15,
            15
        ],
        [
            16,
            16
        ],
        [
            17,
            17
        ],
        [
            18,
            18
        ],
        [
            19,
            19
        ],
        [
            20,
            20
        ],
        [
            21,
            21
        ],
        [
            22,
            22
        ],
        [
            23,
            23
        ],
        [
            24,
            24
        ],
        [
            25,
            25
        ]
    ],
    "similarity": 0.6
}