{
    "coords": [
        [
            47.88362352297257,
            66.51769435654411
        ],
        [
            24.101866974064144,
            33.49578427526757
        ],
        [
            67.01654995185497,
            28.173618682021146
        ],
        [
            22.08028445168813,
            66.91237548181181
        ],
        [
            72.16373721312033,
            61.84312728327785
        ],
        [
            21.827390552532115,
            44.83053619237096
        ],
        [
            67.72225933366038,
            47.975999069581896
        ],
        [
            44.12039335703754,
            30.437251096680896
        ]
    ],
    "edges": [
        [
            1,
            2
        ],
        [
            2,
            1
        ],
        [
            1,
            3
        ],
        [
            3,
            1
        ],
        [
            2,
            4
        ],
        [
            4,
            2
        ],
        [
            3,
            4
        ],
        [
            4,
            3
        ],
        [
            5,
            6
        ],
        [
            6,
            5
        ],
        [
            7,
            0
        ],
        [
            0,
            7
        ],
        [
            1,
            4
        ],
        [
            4,
            1
        ],
        [
            3,
            2
        ],
        [
            2,
            3
        ],
        [
            0,
            0
        ],
        [
            1,
            1
        ],
        [
            2,
            2
        ],
        [
            3,
            3
        ],
        [
            4,
            4
        ],
        [
            5,
            5
        ],
        [
            6,
            6
        ],
        [
            7,
            7
        ]
    ],
    "similarity": 0.1
}