{
    "coords": [
        [
            44.79819540225826,
            64.75985459489237
        ],
        [
            44.47149016101689,
            19.706013292061456
        ],
        [
            20.262255135053096,
            28.26410407489888
        ],
        [
            67.41657024931973,
            29.140196882109073
        ],
        [
            20.954977524753716,
            67.06702150320712
        ],
        [
            68.02504259484147,
            65.50453242080367
        ],
        [
            72.83588797141871,
            32.38134210249264
        ],
        [
            21.344081671834907,
            37.03980916799542
        ],
        [
            19.361484440976483,
            56.01348041110234
        ],
        [
            78.32491221961493,
            57.66521155703617
        ],
        [
            92.74209096413881,
            49.62608448153121
        ],
        [
            32.188407584884,
            53.192974006016215
        ],
        [
            32.91005379130858,
            39.2465123034136
        ],
        [
            17.665068813352,
            45.82814197924472
        ],
        [
            70.99889750586067,
            45.38292942230723
        ],
        [
            43.03444768528093,
            28.550440881236337
        ]
    ],
    "edges": [
        [
            2,
            3
        ],
        [
            3,
            2
        ],
        [
            2,
            4
        ],
        [
            4,
            2
        ],
        [
            3,
            5
        ],
        [
            5,
            3
        ],
        [
            4,
            5
        ],
        [
            5,
            4
        ],
        [
            13,
            14
        ],
        [
            14,
            13
        ],
        [
            15,
            0
        ],
        [
            0,
            15
        ],
        [
            2,
            5
        ],
        [
            5,
            2
        ],
        [
            4,
            3
        ],
        [
            3,
            4
        ],
        [
            3,
            10
        ],
        [
            10,
            3
        ],
        [
            5,
            10
        ],
        [
            10,
            5
        ],
        [
            14,
            10
        ],
        [
            10,
            14
        ],
        [
            6,
            9
        ],
        [
            9,
            6
        ],
        [
            1,
            3
        ],
        [
            3,
            1
        ],
        [
            1,
            15
        ],
        [
            15,
            1
        ],
        [
            7,
            12
        ],
        [
            12,
            7
        ],
        [
            8,
            11
        ],
        [
            11,
            8
        ],
        [
            12,
            11
        ],
        [
            11,
            12
        ],
        [
            7,
            12
        ],
        [
            12,
            7
        ],
        [
            7,
            11
        ],
        [
            11,
            7
        ],
        [
            12,
            8
        ],
        [
            8,
            12
        ],
        [
            0,
            0
        ],
        [
            1,
            1
        ],
        [
            2,
            2
        ],
        [
            3,
            3
        ],
        [
            4,
            4
        ],
        [
            5,
            5
        ],
        [
            6,
            6
        ],
        [
            7,
            7
        ],
        [
            8,
            8
        ],
        [
            9,
            9
        ],
        [
            10,
            10
        ],
        [
            11,
            11
        ],
        [
            12,
            12
        ],
        [
            13,
            13
        ],
        [
            14,
            14
        ],
        [
            15,
            15
        ]
    ],
    "similarity": 0.43
}