{
    "coords": [
        [
            43.692602763847596,
            66.569502363766
        ],
        [
            47.11977347847706,
            20.294271978940184
        ],
        [
            20.239888220665755,
            29.928884332050057
        ],
        [
            67.71987391160249,
            32.25066771641787
        ],
        [
            17.894049788792362,
            65.04950686662569
        ],
        [
            72.61706942947986,
            64.62066049956732
        ],
        [
            76.11402412607795,
            33.96535931985266
        ],
        [
            19.781514531933972,
            36.24225059856772
        ],
        [
            22.672362129734605,
            58.473598187348685
        ],
        [
            76.91659175485653,
            61.08846091791873
        ],
        [
            87.6174936915397,
            46.962128191550015
        ],
        [
            35.083902272139134,
            57.278612146273026
        ],
        [
            30.387456102967455,
            39.65747708509919
        ],
        [
            18.88477812699896,
            49.88768791847137
        ],
        [
            71.4341078945519,
            45.968906528897335
        ],
        [
            43.833607529671966,
            29.610160115081875
        ]
    ],
    "edges": [
        [
            2,
            3
        ],
        [
            3,
            2
        ],
        [
            2,
            4
        ],
        [
            4,
            2
        ],
        [
            3,
            5
        ],
        [
            5,
            3
        ],
        [
            4,
            5
        ],
        [
            5,
            4
        ],
        [
            13,
            14
        ],
        [
            14,
            13
        ],
        [
            15,
            0
        ],
        [
            0,
            15
        ],
        [
            2,
            5
        ],
        [
            5,
            2
        ],
        [
            4,
            3
        ],
        [
            3,
            4
        ],
        [
            3,
            10
        ],
        [
            10,
            3
        ],
        [
            5,
            10
        ],
        [
            10,
            5
        ],
        [
            14,
            10
        ],
        [
            10,
            14
        ],
        [
            6,
            9
        ],
        [
            9,
            6
        ],
        [
            1,
            3
        ],
        [
            3,
            1
        ],
        [
            1,
            15
        ],
        [
            15,
            1
        ],
        [
            7,
            12
        ],
        [
            12,
            7
        ],
        [
            8,
            11
        ],
        [
            11,
            8
        ],
        [
            12,
            11
        ],
        [
            11,
            12
        ],
        [
            7,
            12
        ],
        [
            12,
            7
        ],
        [
            7,
            11
        ],
        [
            11,
            7
        ],
        [
            12,
            8
        ],
        [
            8,
            12
        ],
        [
            0,
            0
        ],
        [
            1,
            1
        ],
        [
            2,
            2
        ],
        [
            3,
            3
        ],
        [
            4,
            4
        ],
        [
            5,
            5
        ],
        [
            6,
            6
        ],
        [
            7,
            7
        ],
        [
            8,
            8
        ],
        [
            9,
            9
        ],
        [
            10,
            10
        ],
        [
            11,
            11
        ],
        [
            12,
            12
        ],
        [
            13,
            13
        ],
        [
            14,
            14
        ],
        [
            15,
            15
        ]
    ],
    "similarity": 0.44
}