{
    "coords": [
        [
            20.02611298466564,
            75.01347925085939
        ],
        [
            75.51671836423903,
            34.974563853594326
        ],
        [
            75.53803767281889,
            60.017387152184305
        ],
        [
            89.97311776362878,
            47.4767713021121
        ],
        [
            30.041470762291578,
            70.03445792334355
        ],
        [
            20.034281616431063,
            47.53356196530088
        ],
        [
            44.95402851716038,
            65.03891669186089
        ],
        [
            29.95022596301314,
            37.041736277956566
        ],
        [
            69.99396337761212,
            29.975549517017264
        ],
        [
            29.995271044475697,
            58.00276216969735
        ],
        [
            60.00407926849067,
            72.51756512419654
        ],
        [
            29.975801213723443,
            64.9668038308126
        ],
        [
            20.047376098599848,
            29.959418072134625
        ],
        [
            70.03579630645517,
            65.01003132349254
        ],
        [
            19.983696982800716,
            36.99576231550694
        ],
        [
            29.976992461826235,
            75.04575630992142
        ],
        [
            20.032307112773445,
            57.96607686527353
        ],
        [
            44.95128177462118,
            19.99552353898995
        ],
        [
            19.951543167233115,
            65.00924885688448
        ],
        [
            59.950052994454545,
            67.49624795358567
        ],
        [
            44.96349612329514,
            70.0456196896068
        ],
        [
            65.04592508044192,
            70.01033736048583
        ],
        [
            69.95489413976898,
            47.49106900356044
        ],
        [
            45.04468225366114,
            30.031044466279678
        ]
    ],
    "edges": [
        [
            12,
            8
        ],
        [
            8,
            12
        ],
        [
            12,
            18
        ],
        [
            18,
            12
        ],
        [
            8,
            13
        ],
        [
            13,
            8
        ],
        [
            18,
            13
        ],
        [
            13,
            18
        ],
        [
            5,
            22
        ],
        [
            22,
            5
        ],
        [
            23,
            6
        ],
        [
            6,
            23
        ],
        [
            12,
            13
        ],
        [
            13,
            12
        ],
        [
            18,
            8
        ],
        [
            8,
            18
        ],
        [
            8,
            3
        ],
        [
            3,
            8
        ],
        [
            13,
            3
        ],
        [
            3,
            13
        ],
        [
            22,
            3
        ],
        [
            3,
            22
        ],
        [
            1,
            2
        ],
        [
            2,
            1
        ],
        [
            17,
            8
        ],
        [
            8,
            17
        ],
        [
            17,
            23
        ],
        [
            23,
            17
        ],
        [
            14,
            7
        ],
        [
            7,
            14
        ],
        [
            16,
            9
        ],
        [
            9,
            16
        ],
        [
            7,
            9
        ],
        [
            9,
            7
        ],
        [
            14,
            9
        ],
        [
            9,
            14
        ],
        [
            7,
            16
        ],
        [
            16,
            7
        ],
        [
            18,
            0
        ],
        [
            0,
            18
        ],
        [
            11,
            15
        ],
        [
            15,
            11
        ],
        [
            0,
            15
        ],
        [
            15,
            0
        ],
        [
            18,
            15
        ],
        [
            15,
            18
        ],
        [
            20,
            6
        ],
        [
            6,
            20
        ],
        [
            4,
            21
        ],
        [
            21,
            4
        ],
        [
            19,
            10
        ],
        [
            10,
            19
        ],
        [
            0,
            0
        ],
        [
            1,
            1
        ],
        [
            2,
            2
        ],
        [
            3,
            3
        ],
        [
            4,
            4
        ],
        [
            5,
            5
        ],
        [
            6,
            6
        ],
        [
            7,
            7
        ],
        [
            8,
            8
        ],
        [
            9,
            9
        ],
        [
            10,
            10
        ],
        [
            11,
            11
        ],
        [
            12,
            12
        ],
        [
            13,
            13
        ],
        [
            14,
            14
        ],
        [
            15,
            15
        ],
        [
            16,
            16
        ],
        [
            17,
            17
        ],
        [
            18,
            18
        ],
        [
            19,
            19
        ],
        [
            20,
            20
        ],
        [
            21,
            21
        ],
        [
            22,
            22
        ],
        [
            23,
            23
        ]
    ],
    "similarity": 0.99
}