{
    "coords": [
        [
            16.526287716915945,
            65.77331853383609
        ],
        [
            69.40261993464826,
            62.306931458323284
        ],
        [
            15.778233481068408,
            31.15909238897586
        ],
        [
            71.63577608508655,
            32.320248154973996
        ]
    ],
    "edges": [
        [
            2,
            3
        ],
        [
            3,
            2
        ],
        [
            2,
            0
        ],
        [
            0,
            2
        ],
        [
            3,
            1
        ],
        [
            1,
            3
        ],
        [
            0,
            1
        ],
        [
            1,
            0
        ],
        [
            0,
            0
        ],
        [
            1,
            1
        ],
        [
            2,
            2
        ],
        [
            3,
            3
        ]
    ],
    "similarity": 0.08
}