{
    "coords": [
        [
            41.22392288405433,
            62.794834078308
        ],
        [
            22.000325791036747,
            31.71704067013121
        ],
        [
            67.22359303190888,
            33.39025667374417
        ],
        [
            17.30390959277501,
            65.61207081477632
        ],
        [
            67.95698534222514,
            67.81679722079717
        ],
        [
            16.019275577297652,
            45.060224970515016
        ],
        [
            69.85112397432566,
            49.82056099009537
        ],
        [
            41.66279944978564,
            31.159488818519765
        ]
    ],
    "edges": [
        [
            1,
            2
        ],
        [
            2,
            1
        ],
        [
            1,
            3
        ],
        [
            3,
            1
        ],
        [
            2,
            4
        ],
        [
            4,
            2
        ],
        [
            3,
            4
        ],
        [
            4,
            3
        ],
        [
            5,
            6
        ],
        [
            6,
            5
        ],
        [
            7,
            0
        ],
        [
            0,
            7
        ],
        [
            0,
            0
        ],
        [
            1,
            1
        ],
        [
            2,
            2
        ],
        [
            3,
            3
        ],
        [
            4,
            4
        ],
        [
            5,
            5
        ],
        [
            6,
            6
        ],
        [
            7,
            7
        ]
    ],
    "similarity": 0.13
}