{
    "coords": [
        [
            46.75543523967856,
            64.0696540058898
        ],
        [
            43.89785552806434,
            18.04933494570275
        ],
        [
            19.870870553349928,
            28.727945410116874
        ],
        [
            69.48914147098128,
            31.749540120012806
        ],
        [
            17.745269453577446,
            63.13905212952903
        ],
        [
            70.43281156687232,
            63.186884931364084
        ],
        [
            73.34476648435725,
            34.21586230632415
        ],
        [
            19.807555011859797,
            37.3791914095431
        ],
        [
            20.012986313095038,
            57.837302772321806
        ],
        [
            76.51614567543639,
            58.01085095674631
        ],
        [
            90.94642350280175,
            46.57808666553068
        ],
        [
            32.16123539138153,
            56.15133846848846
        ],
        [
            32.572707134321014,
            35.657287496446116
        ],
        [
            20.746487574637726,
            46.85963601512174
        ],
        [
            71.22610643323321,
            47.390300140892
        ],
        [
            47.6288738044407,
            30.164213384586592
        ]
    ],
    "edges": [
        [
            2,
            3
        ],
        [
            3,
            2
        ],
        [
            2,
            4
        ],
        [
            4,
            2
        ],
        [
            3,
            5
        ],
        [
            5,
            3
        ],
        [
            4,
            5
        ],
        [
            5,
            4
        ],
        [
            13,
            14
        ],
        [
            14,
            13
        ],
        [
            15,
            0
        ],
        [
            0,
            15
        ],
        [
            2,
            5
        ],
        [
            5,
            2
        ],
        [
            4,
            3
        ],
        [
            3,
            4
        ],
        [
            3,
            10
        ],
        [
            10,
            3
        ],
        [
            5,
            10
        ],
        [
            10,
            5
        ],
        [
            14,
            10
        ],
        [
            10,
            14
        ],
        [
            6,
            9
        ],
        [
            9,
            6
        ],
        [
            1,
            3
        ],
        [
            3,
            1
        ],
        [
            1,
            15
        ],
        [
            15,
            1
        ],
        [
            7,
            12
        ],
        [
            12,
            7
        ],
        [
            8,
            11
        ],
        [
            11,
            8
        ],
        [
            12,
            11
        ],
        [
            11,
            12
        ],
        [
            7,
            12
        ],
        [
            12,
            7
        ],
        [
            0,
            0
        ],
        [
            1,
            1
        ],
        [
            2,
            2
        ],
        [
            3,
            3
        ],
        [
            4,
            4
        ],
        [
            5,
            5
        ],
        [
            6,
            6
        ],
        [
            7,
            7
        ],
        [
            8,
            8
        ],
        [
            9,
            9
        ],
        [
            10,
            10
        ],
        [
            11,
            11
        ],
        [
            12,
            12
        ],
        [
            13,
            13
        ],
        [
            14,
            14
        ],
        [
            15,
            15
        ]
    ],
    "similarity": 0.41
}