{
    "coords": [
        [
            47.32443509475771,
            62.94246459464587
        ],
        [
            43.41261426523321,
            18.65472278831687
        ],
        [
            19.447545525337823,
            32.27150673924036
        ],
        [
            69.65929107058449,
            30.535212514875
        ],
        [
            21.162770440190936,
            63.99804603287613
        ],
        [
            67.45137671250828,
            67.42456889602494
        ],
        [
            76.04410357547812,
            36.22912584345485
        ],
        [
            21.84694527390486,
            36.88186005487687
        ],
        [
            19.974962130242403,
            58.37742926985548
        ],
        [
            76.62313962459787,
            58.4760538905135
        ],
        [
            88.19743490968372,
            48.1925967368897
        ],
        [
            33.37176084678342,
            57.148899050017114
        ],
        [
            33.402561871435026,
            40.505251705381035
        ],
        [
            18.896269550294893,
            45.86498488318027
        ],
        [
            68.91376520968439,
            48.400695658632436
        ],
        [
            44.39768911905931,
            28.309252444737616
        ]
    ],
    "edges": [
        [
            2,
            3
        ],
        [
            3,
            2
        ],
        [
            2,
            4
        ],
        [
            4,
            2
        ],
        [
            3,
            5
        ],
        [
            5,
            3
        ],
        [
            4,
            5
        ],
        [
            5,
            4
        ],
        [
            13,
            14
        ],
        [
            14,
            13
        ],
        [
            15,
            0
        ],
        [
            0,
            15
        ],
        [
            2,
            5
        ],
        [
            5,
            2
        ],
        [
            4,
            3
        ],
        [
            3,
            4
        ],
        [
            3,
            10
        ],
        [
            10,
            3
        ],
        [
            5,
            10
        ],
        [
            10,
            5
        ],
        [
            14,
            10
        ],
        [
            10,
            14
        ],
        [
            6,
            9
        ],
        [
            9,
            6
        ],
        [
            1,
            3
        ],
        [
            3,
            1
        ],
        [
            1,
            15
        ],
        [
            15,
            1
        ],
        [
            7,
            12
        ],
        [
            12,
            7
        ],
        [
            8,
            11
        ],
        [
            11,
            8
        ],
        [
            12,
            11
        ],
        [
            11,
            12
        ],
        [
            7,
            12
        ],
        [
            12,
            7
        ],
        [
            7,
            11
        ],
        [
            11,
            7
        ],
        [
            12,
            8
        ],
        [
            8,
            12
        ],
        [
            0,
            0
        ],
        [
            1,
            1
        ],
        [
            2,
            2
        ],
        [
            3,
            3
        ],
        [
            4,
            4
        ],
        [
            5,
            5
        ],
        [
            6,
            6
        ],
        [
            7,
            7
        ],
        [
            8,
            8
        ],
        [
            9,
            9
        ],
        [
            10,
            10
        ],
        [
            11,
            11
        ],
        [
            12,
            12
        ],
        [
            13,
            13
        ],
        [
            14,
            14
        ],
        [
            15,
            15
        ]
    ],
    "similarity": 0.43
}