{
    "coords": [
        [
            46.355217429475346,
            63.404779637871215
        ],
        [
            42.446694718648324,
            17.07774681571441
        ],
        [
            20.077693771771195,
            31.403789784907914
        ],
        [
            73.1257456300543,
            27.83962511415324
        ],
        [
            21.77923340259475,
            62.408922399543194
        ],
        [
            69.47317743342033,
            62.811847722548634
        ],
        [
            75.0469608387467,
            37.69094416855903
        ],
        [
            18.438166280185694,
            39.89093763449475
        ],
        [
            21.52012978000044,
            53.900007867164426
        ],
        [
            78.13703322830597,
            60.407092934821485
        ],
        [
            87.18194975171487,
            50.45677866772881
        ],
        [
            32.87241837794073,
            55.48487789492317
        ],
        [
            18.672677736407284,
            46.61514362785146
        ],
        [
            67.78571647702877,
            45.6227858046739
        ],
        [
            29.899043788999265,
            36.188497825412576
        ],
        [
            46.06623231141952,
            27.182729370255924
        ]
    ],
    "edges": [
        [
            2,
            3
        ],
        [
            3,
            2
        ],
        [
            2,
            4
        ],
        [
            4,
            2
        ],
        [
            3,
            5
        ],
        [
            5,
            3
        ],
        [
            4,
            5
        ],
        [
            5,
            4
        ],
        [
            12,
            13
        ],
        [
            13,
            12
        ],
        [
            15,
            0
        ],
        [
            0,
            15
        ],
        [
            2,
            5
        ],
        [
            5,
            2
        ],
        [
            4,
            3
        ],
        [
            3,
            4
        ],
        [
            3,
            10
        ],
        [
            10,
            3
        ],
        [
            5,
            10
        ],
        [
            10,
            5
        ],
        [
            13,
            10
        ],
        [
            10,
            13
        ],
        [
            6,
            9
        ],
        [
            9,
            6
        ],
        [
            1,
            3
        ],
        [
            3,
            1
        ],
        [
            1,
            15
        ],
        [
            15,
            1
        ],
        [
            7,
            14
        ],
        [
            14,
            7
        ],
        [
            8,
            11
        ],
        [
            11,
            8
        ],
        [
            0,
            0
        ],
        [
            1,
            1
        ],
        [
            2,
            2
        ],
        [
            3,
            3
        ],
        [
            4,
            4
        ],
        [
            5,
            5
        ],
        [
            6,
            6
        ],
        [
            7,
            7
        ],
        [
            8,
            8
        ],
        [
            9,
            9
        ],
        [
            10,
            10
        ],
        [
            11,
            11
        ],
        [
            12,
            12
        ],
        [
            13,
            13
        ],
        [
            14,
            14
        ],
        [
            15,
            15
        ]
    ],
    "similarity": 0.36
}