{
    "coords": [
        [
            20.116082776768867,
            40.0019975448541
        ],
        [
            18.415129619408567,
            74.46591720535889
        ],
        [
            76.6552615501236,
            34.64277322107885
        ],
        [
            75.19359144487593,
            58.50502411443453
        ],
        [
            90.05924165699457,
            46.85350853189605
        ],
        [
            29.627829841159866,
            71.88384340853557
        ],
        [
            21.353651593984022,
            47.904990582904105
        ],
        [
            43.41562154774238,
            64.8939618546308
        ],
        [
            71.68807184307273,
            29.360236122479833
        ],
        [
            21.265172630319476,
            56.70346163102107
        ],
        [
            31.464302282333378,
            56.68518641990151
        ],
        [
            31.698805282439395,
            37.798681744554315
        ],
        [
            24.50559616208553,
            33.244312793951096
        ],
        [
            60.93926343539676,
            74.2129446910922
        ],
        [
            31.808408735550437,
            66.19042358448344
        ],
        [
            44.04564565237937,
            34.30975350713406
        ],
        [
            19.850293783367295,
            30.38925113553829
        ],
        [
            68.91695455586321,
            66.7158865115321
        ],
        [
            30.390647864704327,
            75.06154911034952
        ],
        [
            46.57054261002747,
            20.0064917404218
        ],
        [
            19.009168900942726,
            63.26156130564405
        ],
        [
            60.95096086883302,
            68.76404221431645
        ],
        [
            45.635433160719806,
            70.18183297695036
        ],
        [
            66.31489293076902,
            68.85510976094392
        ],
        [
            68.21253041953295,
            46.815448961333786
        ],
        [
            44.30245892036342,
            28.885613536412222
        ]
    ],
    "edges": [
        [
            16,
            8
        ],
        [
            8,
            16
        ],
        [
            16,
            20
        ],
        [
            20,
            16
        ],
        [
            8,
            17
        ],
        [
            17,
            8
        ],
        [
            20,
            17
        ],
        [
            17,
            20
        ],
        [
            6,
            24
        ],
        [
            24,
            6
        ],
        [
            25,
            7
        ],
        [
            7,
            25
        ],
        [
            16,
            17
        ],
        [
            17,
            16
        ],
        [
            20,
            8
        ],
        [
            8,
            20
        ],
        [
            8,
            4
        ],
        [
            4,
            8
        ],
        [
            17,
            4
        ],
        [
            4,
            17
        ],
        [
            24,
            4
        ],
        [
            4,
            24
        ],
        [
            2,
            3
        ],
        [
            3,
            2
        ],
        [
            19,
            8
        ],
        [
            8,
            19
        ],
        [
            19,
            25
        ],
        [
            25,
            19
        ],
        [
            0,
            11
        ],
        [
            11,
            0
        ],
        [
            9,
            10
        ],
        [
            10,
            9
        ],
        [
            11,
            10
        ],
        [
            10,
            11
        ],
        [
            0,
            11
        ],
        [
            11,
            0
        ],
        [
            0,
            10
        ],
        [
            10,
            0
        ],
        [
            11,
            9
        ],
        [
            9,
            11
        ],
        [
            20,
            1
        ],
        [
            1,
            20
        ],
        [
            14,
            18
        ],
        [
            18,
            14
        ],
        [
            1,
            18
        ],
        [
            18,
            1
        ],
        [
            20,
            18
        ],
        [
            18,
            20
        ],
        [
            22,
            7
        ],
        [
            7,
            22
        ],
        [
            5,
            23
        ],
        [
            23,
            5
        ],
        [
            21,
            13
        ],
        [
            13,
            21
        ],
        [
            12,
            15
        ],
        [
            15,
            12
        ],
        [
            0,
            0
        ],
        [
            1,
            1
        ],
        [
            2,
            2
        ],
        [
            3,
            3
        ],
        [
            4,
            4
        ],
        [
            5,
            5
        ],
        [
            6,
            6
        ],
        [
            7,
            7
        ],
        [
            8,
            8
        ],
        [
            9,
            9
        ],
        [
            10,
            10
        ],
        [
            11,
            11
        ],
        [
            12,
            12
        ],
        [
            13,
            13
        ],
        [
            14,
            14
        ],
        [
            15,
            15
        ],
        [
            16,
            16
        ],
        [
            17,
            17
        ],
        [
            18,
            18
        ],
        [
            19,
            19
        ],
        [
            20,
            20
        ],
        [
            21,
            21
        ],
        [
            22,
            22
        ],
        [
            23,
            23
        ],
        [
            24,
            24
        ],
        [
            25,
            25
        ]
    ],
    "similarity": 0.6
}