{
    "coords": [
        [
            42.21490130245992,
            66.60434104525537
        ],
        [
            47.50398348851158,
            19.3487908323351
        ],
        [
            17.474532076453222,
            26.75574168261508
        ],
        [
            71.0348885948724,
            27.665315305544922
        ],
        [
            21.85974756298453,
            64.56126847128452
        ],
        [
            72.14431200239589,
            68.1708173114534
        ],
        [
            76.29501556191883,
            35.300030622873884
        ],
        [
            23.09308925261854,
            40.87252160839007
        ],
        [
            19.990741287230318,
            55.565619757129106
        ],
        [
            77.93820445818298,
            59.91367463863287
        ],
        [
            92.80058744384013,
            44.68212933048059
        ],
        [
            30.35054836342983,
            57.82158080798143
        ],
        [
            17.918233785846187,
            48.0666800048122
        ],
        [
            71.58223074157124,
            46.40183536125277
        ],
        [
            36.04018151244013,
            41.09192974734874
        ],
        [
            41.80200171524972,
            27.9447420833702
        ]
    ],
    "edges": [
        [
            2,
            3
        ],
        [
            3,
            2
        ],
        [
            2,
            4
        ],
        [
            4,
            2
        ],
        [
            3,
            5
        ],
        [
            5,
            3
        ],
        [
            4,
            5
        ],
        [
            5,
            4
        ],
        [
            12,
            13
        ],
        [
            13,
            12
        ],
        [
            15,
            0
        ],
        [
            0,
            15
        ],
        [
            2,
            5
        ],
        [
            5,
            2
        ],
        [
            4,
            3
        ],
        [
            3,
            4
        ],
        [
            3,
            10
        ],
        [
            10,
            3
        ],
        [
            5,
            10
        ],
        [
            10,
            5
        ],
        [
            13,
            10
        ],
        [
            10,
            13
        ],
        [
            6,
            9
        ],
        [
            9,
            6
        ],
        [
            1,
            3
        ],
        [
            3,
            1
        ],
        [
            1,
            15
        ],
        [
            15,
            1
        ],
        [
            7,
            14
        ],
        [
            14,
            7
        ],
        [
            8,
            11
        ],
        [
            11,
            8
        ],
        [
            0,
            0
        ],
        [
            1,
            1
        ],
        [
            2,
            2
        ],
        [
            3,
            3
        ],
        [
            4,
            4
        ],
        [
            5,
            5
        ],
        [
            6,
            6
        ],
        [
            7,
            7
        ],
        [
            8,
            8
        ],
        [
            9,
            9
        ],
        [
            10,
            10
        ],
        [
            11,
            11
        ],
        [
            12,
            12
        ],
        [
            13,
            13
        ],
        [
            14,
            14
        ],
        [
            15,
            15
        ]
    ],
    "similarity": 0.35
}