{
    "coords": [
        [
            19.804599492314047,
            36.640157559058395
        ],
        [
            21.020382486280454,
            73.30540330605226
        ],
        [
            76.89665048879733,
            33.1598334971802
        ],
        [
            76.5301658667347,
            58.53432210945345
        ],
        [
            91.80354643371645,
            47.16190444751864
        ],
        [
            28.728123568464007,
            69.457120869966
        ],
        [
            19.454999877538366,
            46.679496883728746
        ],
        [
            45.902113840158066,
            64.39683181198401
        ],
        [
            68.24596023935402,
            30.805221588131197
        ],
        [
            20.956409882393295,
            55.47208534104715
        ],
        [
            32.82703650054817,
            54.37890490865954
        ],
        [
            33.78389526018973,
            38.02457830692439
        ],
        [
            28.97405410540047,
            66.40760821889225
        ],
        [
            21.565218371306937,
            31.29083896416136
        ],
        [
            69.6008708448305,
            66.21485879310086
        ],
        [
            30.715060122656347,
            73.68083956052544
        ],
        [
            44.31993330675527,
            18.355707583481312
        ],
        [
            19.94924674258644,
            65.95755835265882
        ],
        [
            44.23013585245302,
            69.97112462013489
        ],
        [
            66.33845875781645,
            68.700176099616
        ],
        [
            68.87065629690255,
            46.78371605112419
        ],
        [
            45.39100324791014,
            28.41253374107083
        ]
    ],
    "edges": [
        [
            13,
            8
        ],
        [
            8,
            13
        ],
        [
            13,
            17
        ],
        [
            17,
            13
        ],
        [
            8,
            14
        ],
        [
            14,
            8
        ],
        [
            17,
            14
        ],
        [
            14,
            17
        ],
        [
            6,
            20
        ],
        [
            20,
            6
        ],
        [
            21,
            7
        ],
        [
            7,
            21
        ],
        [
            13,
            14
        ],
        [
            14,
            13
        ],
        [
            17,
            8
        ],
        [
            8,
            17
        ],
        [
            8,
            4
        ],
        [
            4,
            8
        ],
        [
            14,
            4
        ],
        [
            4,
            14
        ],
        [
            20,
            4
        ],
        [
            4,
            20
        ],
        [
            2,
            3
        ],
        [
            3,
            2
        ],
        [
            16,
            8
        ],
        [
            8,
            16
        ],
        [
            16,
            21
        ],
        [
            21,
            16
        ],
        [
            0,
            11
        ],
        [
            11,
            0
        ],
        [
            9,
            10
        ],
        [
            10,
            9
        ],
        [
            11,
            10
        ],
        [
            10,
            11
        ],
        [
            0,
            11
        ],
        [
            11,
            0
        ],
        [
            0,
            10
        ],
        [
            10,
            0
        ],
        [
            11,
            9
        ],
        [
            9,
            11
        ],
        [
            17,
            1
        ],
        [
            1,
            17
        ],
        [
            12,
            15
        ],
        [
            15,
            12
        ],
        [
            1,
            15
        ],
        [
            15,
            1
        ],
        [
            17,
            15
        ],
        [
            15,
            17
        ],
        [
            18,
            7
        ],
        [
            7,
            18
        ],
        [
            5,
            19
        ],
        [
            19,
            5
        ],
        [
            0,
            0
        ],
        [
            1,
            1
        ],
        [
            2,
            2
        ],
        [
            3,
            3
        ],
        [
            4,
            4
        ],
        [
            5,
            5
        ],
        [
            6,
            6
        ],
        [
            7,
            7
        ],
        [
            8,
            8
        ],
        [
            9,
            9
        ],
        [
            10,
            10
        ],
        [
            11,
            11
        ],
        [
            12,
            12
        ],
        [
            13,
            13
        ],
        [
            14,
            14
        ],
        [
            15,
            15
        ],
        [
            16,
            16
        ],
        [
            17,
            17
        ],
        [
            18,
            18
        ],
        [
            19,
            19
        ],
        [
            20,
            20
        ],
        [
            21,
            21
        ]
    ],
    "similarity": 0.59
}