{
    "coords": [
        [
            45.311967020900084,
            67.03124441891492
        ],
        [
            19.582833111703785,
            32.378719585996976
        ],
        [
            70.36379507769956,
            33.47903214881616
        ],
        [
            23.85813131299043,
            67.07223504628145
        ],
        [
            66.38488928811407,
            66.48295380664264
        ],
        [
            20.09419424883886,
            43.9938534941555
        ],
        [
            73.96403285262195,
            44.39346609380975
        ],
        [
            43.43506360128904,
            31.06990972080891
        ]
    ],
    "edges": [
        [
            1,
            2
        ],
        [
            2,
            1
        ],
        [
            1,
            3
        ],
        [
            3,
            1
        ],
        [
            2,
            4
        ],
        [
            4,
            2
        ],
        [
            3,
            4
        ],
        [
            4,
            3
        ],
        [
            5,
            6
        ],
        [
            6,
            5
        ],
        [
            7,
            0
        ],
        [
            0,
            7
        ],
        [
            1,
            4
        ],
        [
            4,
            1
        ],
        [
            3,
            2
        ],
        [
            2,
            3
        ],
        [
            0,
            0
        ],
        [
            1,
            1
        ],
        [
            2,
            2
        ],
        [
            3,
            3
        ],
        [
            4,
            4
        ],
        [
            5,
            5
        ],
        [
            6,
            6
        ],
        [
            7,
            7
        ]
    ],
    "similarity": 0.12
}