{
    "coords": [
        [
            19.246603446612912,
            37.47617748493639
        ],
        [
            19.500120522704552,
            74.08178282214095
        ],
        [
            73.88278447023463,
            33.648173740676455
        ],
        [
            75.42140204545257,
            60.880250478633435
        ],
        [
            88.06318438521045,
            47.286498340063595
        ],
        [
            21.187028616227337,
            46.35514808117862
        ],
        [
            44.07073272595492,
            66.56963122134893
        ],
        [
            72.06766245900218,
            30.925111489325612
        ],
        [
            20.115797112013095,
            56.011412560421455
        ],
        [
            33.9644449750927,
            56.00441993173947
        ],
        [
            31.026108576323217,
            39.99268975869096
        ],
        [
            31.760647059347335,
            67.0677304409581
        ],
        [
            18.920311559293538,
            29.0945516285928
        ],
        [
            71.87565929309639,
            64.99431523959873
        ],
        [
            28.313159044011854,
            72.99992634676305
        ],
        [
            45.72780153605459,
            21.006787603302836
        ],
        [
            20.848124929884843,
            66.4465673901558
        ],
        [
            70.51949605520687,
            46.81125651290891
        ],
        [
            43.241994787703774,
            29.68795524081457
        ]
    ],
    "edges": [
        [
            12,
            7
        ],
        [
            7,
            12
        ],
        [
            12,
            16
        ],
        [
            16,
            12
        ],
        [
            7,
            13
        ],
        [
            13,
            7
        ],
        [
            16,
            13
        ],
        [
            13,
            16
        ],
        [
            5,
            17
        ],
        [
            17,
            5
        ],
        [
            18,
            6
        ],
        [
            6,
            18
        ],
        [
            12,
            13
        ],
        [
            13,
            12
        ],
        [
            16,
            7
        ],
        [
            7,
            16
        ],
        [
            7,
            4
        ],
        [
            4,
            7
        ],
        [
            13,
            4
        ],
        [
            4,
            13
        ],
        [
            17,
            4
        ],
        [
            4,
            17
        ],
        [
            2,
            3
        ],
        [
            3,
            2
        ],
        [
            15,
            7
        ],
        [
            7,
            15
        ],
        [
            15,
            18
        ],
        [
            18,
            15
        ],
        [
            0,
            10
        ],
        [
            10,
            0
        ],
        [
            8,
            9
        ],
        [
            9,
            8
        ],
        [
            10,
            9
        ],
        [
            9,
            10
        ],
        [
            0,
            10
        ],
        [
            10,
            0
        ],
        [
            0,
            9
        ],
        [
            9,
            0
        ],
        [
            10,
            8
        ],
        [
            8,
            10
        ],
        [
            16,
            1
        ],
        [
            1,
            16
        ],
        [
            11,
            14
        ],
        [
            14,
            11
        ],
        [
            1,
            14
        ],
        [
            14,
            1
        ],
        [
            16,
            14
        ],
        [
            14,
            16
        ],
        [
            0,
            0
        ],
        [
            1,
            1
        ],
        [
            2,
            2
        ],
        [
            3,
            3
        ],
        [
            4,
            4
        ],
        [
            5,
            5
        ],
        [
            6,
            6
        ],
        [
            7,
            7
        ],
        [
            8,
            8
        ],
        [
            9,
            9
        ],
        [
            10,
            10
        ],
        [
            11,
            11
        ],
        [
            12,
            12
        ],
        [
            13,
            13
        ],
        [
            14,
            14
        ],
        [
            15,
            15
        ],
        [
            16,
            16
        ],
        [
            17,
            17
        ],
        [
            18,
            18
        ]
    ],
    "similarity": 0.55
}