{
    "coords": [
        [
            19.540436532255956,
            74.24088339319971
        ],
        [
            75.49780404312727,
            34.70870818317106
        ],
        [
            75.5337027892309,
            59.343184832572994
        ],
        [
            89.2832220888318,
            46.92785087693674
        ],
        [
            19.132587183408816,
            48.51439691833845
        ],
        [
            44.76085579374545,
            64.88075783353459
        ],
        [
            31.06771748097275,
            36.089042996153175
        ],
        [
            70.9721545249185,
            30.083842970175585
        ],
        [
            29.232632225514486,
            57.71930136814895
        ],
        [
            30.73561716817104,
            65.81429054566348
        ],
        [
            20.7980638211799,
            30.956008013505482
        ],
        [
            70.95926888287511,
            65.43690233344181
        ],
        [
            20.36297597778123,
            37.41291388015345
        ],
        [
            30.766426855576135,
            75.0002732508689
        ],
        [
            19.339260776372086,
            57.634866110459576
        ],
        [
            44.65068058547881,
            20.939168648273807
        ],
        [
            19.3891012578454,
            64.67874464141077
        ],
        [
            69.45017108803644,
            47.88703500731371
        ],
        [
            45.70348638357365,
            29.20925365995303
        ]
    ],
    "edges": [
        [
            10,
            7
        ],
        [
            7,
            10
        ],
        [
            10,
            16
        ],
        [
            16,
            10
        ],
        [
            7,
            11
        ],
        [
            11,
            7
        ],
        [
            16,
            11
        ],
        [
            11,
            16
        ],
        [
            4,
            17
        ],
        [
            17,
            4
        ],
        [
            18,
            5
        ],
        [
            5,
            18
        ],
        [
            10,
            11
        ],
        [
            11,
            10
        ],
        [
            16,
            7
        ],
        [
            7,
            16
        ],
        [
            7,
            3
        ],
        [
            3,
            7
        ],
        [
            11,
            3
        ],
        [
            3,
            11
        ],
        [
            17,
            3
        ],
        [
            3,
            17
        ],
        [
            1,
            2
        ],
        [
            2,
            1
        ],
        [
            15,
            7
        ],
        [
            7,
            15
        ],
        [
            15,
            18
        ],
        [
            18,
            15
        ],
        [
            12,
            6
        ],
        [
            6,
            12
        ],
        [
            14,
            8
        ],
        [
            8,
            14
        ],
        [
            6,
            8
        ],
        [
            8,
            6
        ],
        [
            12,
            8
        ],
        [
            8,
            12
        ],
        [
            6,
            14
        ],
        [
            14,
            6
        ],
        [
            16,
            0
        ],
        [
            0,
            16
        ],
        [
            9,
            13
        ],
        [
            13,
            9
        ],
        [
            0,
            13
        ],
        [
            13,
            0
        ],
        [
            0,
            0
        ],
        [
            1,
            1
        ],
        [
            2,
            2
        ],
        [
            3,
            3
        ],
        [
            4,
            4
        ],
        [
            5,
            5
        ],
        [
            6,
            6
        ],
        [
            7,
            7
        ],
        [
            8,
            8
        ],
        [
            9,
            9
        ],
        [
            10,
            10
        ],
        [
            11,
            11
        ],
        [
            12,
            12
        ],
        [
            13,
            13
        ],
        [
            14,
            14
        ],
        [
            15,
            15
        ],
        [
            16,
            16
        ],
        [
            17,
            17
        ],
        [
            18,
            18
        ]
    ],
    "similarity": 0.76
}