{
    "coords": [
        [
            44.257141767793414,
            67.28055685859358
        ],
        [
            22.619176867615664,
            29.805099445116905
        ],
        [
            73.14002999083698,
            30.499673614482447
        ],
        [
            22.163476269595286,
            68.49607463157531
        ],
        [
            66.61288509809074,
            61.52300478760902
        ],
        [
            17.57898656715851,
            49.63041810572628
        ],
        [
            73.94625835278751,
            50.101870373630796
        ],
        [
            48.35979836869663,
            33.09830602847146
        ]
    ],
    "edges": [
        [
            1,
            2
        ],
        [
            2,
            1
        ],
        [
            1,
            3
        ],
        [
            3,
            1
        ],
        [
            2,
            4
        ],
        [
            4,
            2
        ],
        [
            3,
            4
        ],
        [
            4,
            3
        ],
        [
            5,
            6
        ],
        [
            6,
            5
        ],
        [
            7,
            0
        ],
        [
            0,
            7
        ],
        [
            0,
            0
        ],
        [
            1,
            1
        ],
        [
            2,
            2
        ],
        [
            3,
            3
        ],
        [
            4,
            4
        ],
        [
            5,
            5
        ],
        [
            6,
            6
        ],
        [
            7,
            7
        ]
    ],
    "similarity": 0.14
}