{
    "coords": [
        [
            19.026526983406345,
            73.58838790142885
        ],
        [
            75.38181694326084,
            36.36160029479595
        ],
        [
            74.51814409188016,
            58.82319500901057
        ],
        [
            89.44756549156223,
            48.02117459070663
        ],
        [
            18.660968597442825,
            48.419291342479774
        ],
        [
            46.29114705423549,
            66.0141206893013
        ],
        [
            30.756782283567283,
            36.58128303399521
        ],
        [
            69.22086385505473,
            28.90227387557541
        ],
        [
            28.619413947698966,
            56.63396072274239
        ],
        [
            30.958047435915464,
            63.87200600210469
        ],
        [
            20.969183387463303,
            28.78673513461744
        ],
        [
            71.43001173825925,
            65.25488493928869
        ],
        [
            18.89023312917112,
            37.35542219400974
        ],
        [
            31.328447049128002,
            76.17319658286321
        ],
        [
            19.547821930456312,
            58.65365769329902
        ],
        [
            46.16674575536962,
            19.05369436802034
        ],
        [
            20.920708335445138,
            63.643332808698
        ],
        [
            70.06147601646913,
            47.00123102139375
        ],
        [
            45.63846948312185,
            28.720761140421992
        ]
    ],
    "edges": [
        [
            10,
            7
        ],
        [
            7,
            10
        ],
        [
            10,
            16
        ],
        [
            16,
            10
        ],
        [
            7,
            11
        ],
        [
            11,
            7
        ],
        [
            16,
            11
        ],
        [
            11,
            16
        ],
        [
            4,
            17
        ],
        [
            17,
            4
        ],
        [
            18,
            5
        ],
        [
            5,
            18
        ],
        [
            10,
            11
        ],
        [
            11,
            10
        ],
        [
            16,
            7
        ],
        [
            7,
            16
        ],
        [
            7,
            3
        ],
        [
            3,
            7
        ],
        [
            11,
            3
        ],
        [
            3,
            11
        ],
        [
            17,
            3
        ],
        [
            3,
            17
        ],
        [
            1,
            2
        ],
        [
            2,
            1
        ],
        [
            15,
            7
        ],
        [
            7,
            15
        ],
        [
            15,
            18
        ],
        [
            18,
            15
        ],
        [
            12,
            6
        ],
        [
            6,
            12
        ],
        [
            14,
            8
        ],
        [
            8,
            14
        ],
        [
            6,
            8
        ],
        [
            8,
            6
        ],
        [
            12,
            8
        ],
        [
            8,
            12
        ],
        [
            6,
            14
        ],
        [
            14,
            6
        ],
        [
            16,
            0
        ],
        [
            0,
            16
        ],
        [
            9,
            13
        ],
        [
            13,
            9
        ],
        [
            0,
            0
        ],
        [
            1,
            1
        ],
        [
            2,
            2
        ],
        [
            3,
            3
        ],
        [
            4,
            4
        ],
        [
            5,
            5
        ],
        [
            6,
            6
        ],
        [
            7,
            7
        ],
        [
            8,
            8
        ],
        [
            9,
            9
        ],
        [
            10,
            10
        ],
        [
            11,
            11
        ],
        [
            12,
            12
        ],
        [
            13,
            13
        ],
        [
            14,
            14
        ],
        [
            15,
            15
        ],
        [
            16,
            16
        ],
        [
            17,
            17
        ],
        [
            18,
            18
        ]
    ],
    "similarity": 0.7
}