{
    "coords": [
        [
            47.696683821229584,
            67.59122530247787
        ],
        [
            42.70202029467278,
            18.949744444322867
        ],
        [
            21.09171987673345,
            30.5823902507668
        ],
        [
            68.64692529244716,
            31.092897659936746
        ],
        [
            17.29896469846922,
            67.14973316674846
        ],
        [
            70.47149040352149,
            65.81682407415214
        ],
        [
            77.8199608869517,
            36.25037767151929
        ],
        [
            20.94174749407299,
            39.41064780588516
        ],
        [
            17.729968160009197,
            56.60239010325885
        ],
        [
            72.8592952710454,
            59.81062839000213
        ],
        [
            92.40921744146357,
            49.13206185065853
        ],
        [
            31.837866065114152,
            56.98043801977462
        ],
        [
            34.03129549532313,
            40.67223668153755
        ],
        [
            20.29791561813892,
            48.442499771205064
        ],
        [
            71.24744471410432,
            47.89797001365833
        ],
        [
            47.12504661578939,
            30.181160740477452
        ]
    ],
    "edges": [
        [
            2,
            3
        ],
        [
            3,
            2
        ],
        [
            2,
            4
        ],
        [
            4,
            2
        ],
        [
            3,
            5
        ],
        [
            5,
            3
        ],
        [
            4,
            5
        ],
        [
            5,
            4
        ],
        [
            13,
            14
        ],
        [
            14,
            13
        ],
        [
            15,
            0
        ],
        [
            0,
            15
        ],
        [
            2,
            5
        ],
        [
            5,
            2
        ],
        [
            4,
            3
        ],
        [
            3,
            4
        ],
        [
            3,
            10
        ],
        [
            10,
            3
        ],
        [
            5,
            10
        ],
        [
            10,
            5
        ],
        [
            14,
            10
        ],
        [
            10,
            14
        ],
        [
            6,
            9
        ],
        [
            9,
            6
        ],
        [
            1,
            3
        ],
        [
            3,
            1
        ],
        [
            1,
            15
        ],
        [
            15,
            1
        ],
        [
            7,
            12
        ],
        [
            12,
            7
        ],
        [
            8,
            11
        ],
        [
            11,
            8
        ],
        [
            12,
            11
        ],
        [
            11,
            12
        ],
        [
            7,
            12
        ],
        [
            12,
            7
        ],
        [
            7,
            11
        ],
        [
            11,
            7
        ],
        [
            12,
            8
        ],
        [
            8,
            12
        ],
        [
            0,
            0
        ],
        [
            1,
            1
        ],
        [
            2,
            2
        ],
        [
            3,
            3
        ],
        [
            4,
            4
        ],
        [
            5,
            5
        ],
        [
            6,
            6
        ],
        [
            7,
            7
        ],
        [
            8,
            8
        ],
        [
            9,
            9
        ],
        [
            10,
            10
        ],
        [
            11,
            11
        ],
        [
            12,
            12
        ],
        [
            13,
            13
        ],
        [
            14,
            14
        ],
        [
            15,
            15
        ]
    ],
    "similarity": 0.45
}