{
    "coords": [
        [
            44.01129278811886,
            66.2841858901921
        ],
        [
            44.51007166960139,
            22.09441806196333
        ],
        [
            20.403026139540675,
            30.000863349080618
        ],
        [
            70.55031034727445,
            32.22138795001072
        ],
        [
            18.042931668227368,
            67.78602316851035
        ],
        [
            70.60644349933861,
            62.343543041502045
        ],
        [
            77.82851877706048,
            34.9680384578162
        ],
        [
            19.757726642182792,
            39.96045122849247
        ],
        [
            21.61713295851402,
            56.09556582191799
        ],
        [
            77.28517588919358,
            59.873162861942475
        ],
        [
            87.90483619805448,
            45.52184699353092
        ],
        [
            33.73414788591553,
            58.675393985126696
        ],
        [
            33.142921012264516,
            36.6929907657355
        ],
        [
            22.296243838519473,
            45.143464675275254
        ],
        [
            69.90611887781425,
            45.93877133373135
        ],
        [
            43.34689280341104,
            28.61813713074147
        ]
    ],
    "edges": [
        [
            2,
            3
        ],
        [
            3,
            2
        ],
        [
            2,
            4
        ],
        [
            4,
            2
        ],
        [
            3,
            5
        ],
        [
            5,
            3
        ],
        [
            4,
            5
        ],
        [
            5,
            4
        ],
        [
            13,
            14
        ],
        [
            14,
            13
        ],
        [
            15,
            0
        ],
        [
            0,
            15
        ],
        [
            2,
            5
        ],
        [
            5,
            2
        ],
        [
            4,
            3
        ],
        [
            3,
            4
        ],
        [
            3,
            10
        ],
        [
            10,
            3
        ],
        [
            5,
            10
        ],
        [
            10,
            5
        ],
        [
            14,
            10
        ],
        [
            10,
            14
        ],
        [
            6,
            9
        ],
        [
            9,
            6
        ],
        [
            1,
            3
        ],
        [
            3,
            1
        ],
        [
            1,
            15
        ],
        [
            15,
            1
        ],
        [
            7,
            12
        ],
        [
            12,
            7
        ],
        [
            8,
            11
        ],
        [
            11,
            8
        ],
        [
            12,
            11
        ],
        [
            11,
            12
        ],
        [
            7,
            12
        ],
        [
            12,
            7
        ],
        [
            7,
            11
        ],
        [
            11,
            7
        ],
        [
            12,
            8
        ],
        [
            8,
            12
        ],
        [
            0,
            0
        ],
        [
            1,
            1
        ],
        [
            2,
            2
        ],
        [
            3,
            3
        ],
        [
            4,
            4
        ],
        [
            5,
            5
        ],
        [
            6,
            6
        ],
        [
            7,
            7
        ],
        [
            8,
            8
        ],
        [
            9,
            9
        ],
        [
            10,
            10
        ],
        [
            11,
            11
        ],
        [
            12,
            12
        ],
        [
            13,
            13
        ],
        [
            14,
            14
        ],
        [
            15,
            15
        ]
    ],
    "similarity": 0.43
}