{
    "coords": [
        [
            18.845732736129364,
            63.814040559936984
        ],
        [
            19.31773056838138,
            30.769628265169466
        ],
        [
            73.72016096370854,
            27.295387054987877
        ]
    ],
    "edges": [
        [
            1,
            2
        ],
        [
            2,
            1
        ],
        [
            1,
            0
        ],
        [
            0,
            1
        ],
        [
            0,
            0
        ],
        [
            1,
            1
        ],
        [
            2,
            2
        ]
    ],
    "similarity": 0.01
}