{
    "coords": [
        [
            45.40953516673588,
            62.69914650692711
        ],
        [
            43.68969787341437,
            18.96433525630275
        ],
        [
            18.957561678071773,
            32.86427296778366
        ],
        [
            69.26033028522086,
            32.408238651253896
        ],
        [
            22.933794849839593,
            63.949539996884965
        ],
        [
            69.81049955744908,
            61.79779641820784
        ],
        [
            76.91222949549174,
            38.24321603293866
        ],
        [
            22.273041258304474,
            39.19524849709464
        ],
        [
            20.66529456898975,
            57.546252685181884
        ],
        [
            74.31167826752667,
            60.67186796487011
        ],
        [
            91.81379074116278,
            49.60677186636086
        ],
        [
            30.782793411031676,
            56.828309040001415
        ],
        [
            17.937850589703572,
            47.2136860475847
        ],
        [
            66.90606836151349,
            47.95883373874394
        ],
        [
            31.645132076394326,
            37.50112741976717
        ],
        [
            42.50658164427542,
            27.050826970665245
        ]
    ],
    "edges": [
        [
            2,
            3
        ],
        [
            3,
            2
        ],
        [
            2,
            4
        ],
        [
            4,
            2
        ],
        [
            3,
            5
        ],
        [
            5,
            3
        ],
        [
            4,
            5
        ],
        [
            5,
            4
        ],
        [
            12,
            13
        ],
        [
            13,
            12
        ],
        [
            15,
            0
        ],
        [
            0,
            15
        ],
        [
            2,
            5
        ],
        [
            5,
            2
        ],
        [
            4,
            3
        ],
        [
            3,
            4
        ],
        [
            3,
            10
        ],
        [
            10,
            3
        ],
        [
            5,
            10
        ],
        [
            10,
            5
        ],
        [
            13,
            10
        ],
        [
            10,
            13
        ],
        [
            6,
            9
        ],
        [
            9,
            6
        ],
        [
            1,
            3
        ],
        [
            3,
            1
        ],
        [
            1,
            15
        ],
        [
            15,
            1
        ],
        [
            7,
            14
        ],
        [
            14,
            7
        ],
        [
            8,
            11
        ],
        [
            11,
            8
        ],
        [
            0,
            0
        ],
        [
            1,
            1
        ],
        [
            2,
            2
        ],
        [
            3,
            3
        ],
        [
            4,
            4
        ],
        [
            5,
            5
        ],
        [
            6,
            6
        ],
        [
            7,
            7
        ],
        [
            8,
            8
        ],
        [
            9,
            9
        ],
        [
            10,
            10
        ],
        [
            11,
            11
        ],
        [
            12,
            12
        ],
        [
            13,
            13
        ],
        [
            14,
            14
        ],
        [
            15,
            15
        ]
    ],
    "similarity": 0.35
}