{
    "coords": [
        [
            48.20916843570941,
            68.06842003410746
        ],
        [
            44.02104559213049,
            22.675317260647788
        ],
        [
            21.871435687831948,
            33.083728302311
        ],
        [
            71.7989747917434,
            32.27435305918557
        ],
        [
            23.0321916492856,
            63.731054406141574
        ],
        [
            68.51145944071904,
            64.96696583445527
        ],
        [
            76.35353226940718,
            34.96675100461348
        ],
        [
            19.962619666115295,
            41.07908998938501
        ],
        [
            19.968462416015885,
            57.976008610541555
        ],
        [
            73.940021697005,
            59.446413604909296
        ],
        [
            92.30415156421618,
            49.52033176817966
        ],
        [
            35.867683009420865,
            57.40966568597004
        ],
        [
            21.95288667854272,
            45.81656979621895
        ],
        [
            70.46218274742805,
            49.08904041932568
        ],
        [
            31.201005937005117,
            38.49001632002974
        ],
        [
            45.76543879401886,
            30.221018877530266
        ]
    ],
    "edges": [
        [
            2,
            3
        ],
        [
            3,
            2
        ],
        [
            2,
            4
        ],
        [
            4,
            2
        ],
        [
            3,
            5
        ],
        [
            5,
            3
        ],
        [
            4,
            5
        ],
        [
            5,
            4
        ],
        [
            12,
            13
        ],
        [
            13,
            12
        ],
        [
            15,
            0
        ],
        [
            0,
            15
        ],
        [
            2,
            5
        ],
        [
            5,
            2
        ],
        [
            4,
            3
        ],
        [
            3,
            4
        ],
        [
            3,
            10
        ],
        [
            10,
            3
        ],
        [
            5,
            10
        ],
        [
            10,
            5
        ],
        [
            13,
            10
        ],
        [
            10,
            13
        ],
        [
            6,
            9
        ],
        [
            9,
            6
        ],
        [
            1,
            3
        ],
        [
            3,
            1
        ],
        [
            1,
            15
        ],
        [
            15,
            1
        ],
        [
            7,
            14
        ],
        [
            14,
            7
        ],
        [
            8,
            11
        ],
        [
            11,
            8
        ],
        [
            0,
            0
        ],
        [
            1,
            1
        ],
        [
            2,
            2
        ],
        [
            3,
            3
        ],
        [
            4,
            4
        ],
        [
            5,
            5
        ],
        [
            6,
            6
        ],
        [
            7,
            7
        ],
        [
            8,
            8
        ],
        [
            9,
            9
        ],
        [
            10,
            10
        ],
        [
            11,
            11
        ],
        [
            12,
            12
        ],
        [
            13,
            13
        ],
        [
            14,
            14
        ],
        [
            15,
            15
        ]
    ],
    "similarity": 0.33
}