{
    "coords": [
        [
            42.33730653918361,
            65.5627929068727
        ],
        [
            43.22837874429594,
            21.50981390218414
        ],
        [
            18.66861184688586,
            31.69544158208387
        ],
        [
            69.00370296940929,
            31.654864236110107
        ],
        [
            22.106845733575607,
            65.01617273693483
        ],
        [
            69.31214444251086,
            66.991658805009
        ],
        [
            74.23984331508605,
            34.54065445319002
        ],
        [
            19.187263067395154,
            36.49135447137281
        ],
        [
            18.159025501891964,
            58.07874969510952
        ],
        [
            78.15559835556301,
            57.34752444257184
        ],
        [
            92.56262448261197,
            46.61290233632712
        ],
        [
            33.353865924397276,
            53.41266902073481
        ],
        [
            34.046638526161246,
            39.399835917133586
        ],
        [
            17.300439419291237,
            49.584852033213345
        ],
        [
            70.19749258629008,
            44.91077228758311
        ],
        [
            47.27459779850037,
            32.52137045144604
        ]
    ],
    "edges": [
        [
            2,
            3
        ],
        [
            3,
            2
        ],
        [
            2,
            4
        ],
        [
            4,
            2
        ],
        [
            3,
            5
        ],
        [
            5,
            3
        ],
        [
            4,
            5
        ],
        [
            5,
            4
        ],
        [
            13,
            14
        ],
        [
            14,
            13
        ],
        [
            15,
            0
        ],
        [
            0,
            15
        ],
        [
            2,
            5
        ],
        [
            5,
            2
        ],
        [
            4,
            3
        ],
        [
            3,
            4
        ],
        [
            3,
            10
        ],
        [
            10,
            3
        ],
        [
            5,
            10
        ],
        [
            10,
            5
        ],
        [
            14,
            10
        ],
        [
            10,
            14
        ],
        [
            6,
            9
        ],
        [
            9,
            6
        ],
        [
            1,
            3
        ],
        [
            3,
            1
        ],
        [
            1,
            15
        ],
        [
            15,
            1
        ],
        [
            7,
            12
        ],
        [
            12,
            7
        ],
        [
            8,
            11
        ],
        [
            11,
            8
        ],
        [
            12,
            11
        ],
        [
            11,
            12
        ],
        [
            7,
            12
        ],
        [
            12,
            7
        ],
        [
            7,
            11
        ],
        [
            11,
            7
        ],
        [
            12,
            8
        ],
        [
            8,
            12
        ],
        [
            0,
            0
        ],
        [
            1,
            1
        ],
        [
            2,
            2
        ],
        [
            3,
            3
        ],
        [
            4,
            4
        ],
        [
            5,
            5
        ],
        [
            6,
            6
        ],
        [
            7,
            7
        ],
        [
            8,
            8
        ],
        [
            9,
            9
        ],
        [
            10,
            10
        ],
        [
            11,
            11
        ],
        [
            12,
            12
        ],
        [
            13,
            13
        ],
        [
            14,
            14
        ],
        [
            15,
            15
        ]
    ],
    "similarity": 0.45
}