{
    "coords": [
        [
            44.14157065848844,
            65.46627434118254
        ],
        [
            18.237553785612985,
            27.759181736067774
        ],
        [
            72.63974247367297,
            33.5458406834614
        ],
        [
            18.29984929703825,
            68.02327452556273
        ],
        [
            71.56582227755787,
            65.70607408886904
        ],
        [
            16.953141577204786,
            46.05450557228195
        ],
        [
            67.66431335420036,
            44.33923678239823
        ],
        [
            44.544879482096746,
            32.91626585079953
        ]
    ],
    "edges": [
        [
            1,
            2
        ],
        [
            2,
            1
        ],
        [
            1,
            3
        ],
        [
            3,
            1
        ],
        [
            2,
            4
        ],
        [
            4,
            2
        ],
        [
            3,
            4
        ],
        [
            4,
            3
        ],
        [
            5,
            6
        ],
        [
            6,
            5
        ],
        [
            7,
            0
        ],
        [
            0,
            7
        ],
        [
            1,
            4
        ],
        [
            4,
            1
        ],
        [
            3,
            2
        ],
        [
            2,
            3
        ],
        [
            0,
            0
        ],
        [
            1,
            1
        ],
        [
            2,
            2
        ],
        [
            3,
            3
        ],
        [
            4,
            4
        ],
        [
            5,
            5
        ],
        [
            6,
            6
        ],
        [
            7,
            7
        ]
    ],
    "similarity": 0.19
}