{
    "coords": [
        [
            16.937140296082724,
            68.5155674360999
        ],
        [
            69.41506205525661,
            66.09875239525248
        ],
        [
            17.093566144451334,
            28.85485499507677
        ],
        [
            66.38050060235969,
            34.134842678740135
        ]
    ],
    "edges": [
        [
            2,
            3
        ],
        [
            3,
            2
        ],
        [
            2,
            0
        ],
        [
            0,
            2
        ],
        [
            3,
            1
        ],
        [
            1,
            3
        ],
        [
            0,
            1
        ],
        [
            1,
            0
        ],
        [
            0,
            0
        ],
        [
            1,
            1
        ],
        [
            2,
            2
        ],
        [
            3,
            3
        ]
    ],
    "similarity": 0.07
}