{
    "coords": [
        [
            45.39362008851316,
            61.017417982145865
        ],
        [
            21.823544805716935,
            27.097225215778014
        ],
        [
            73.20453686021001,
            30.929582587415815
        ],
        [
            16.42861518345311,
            63.49107366736057
        ],
        [
            73.27970051978254,
            62.2062544289916
        ],
        [
            75.55026379838205,
            34.29570245611086
        ],
        [
            78.77018516814056,
            63.350699494531895
        ],
        [
            92.03885560367546,
            44.037013650714925
        ],
        [
            23.752803083698456,
            48.15437668872464
        ],
        [
            73.55263044329531,
            46.21811369050534
        ],
        [
            45.52230408282703,
            26.929170268528562
        ]
    ],
    "edges": [
        [
            1,
            2
        ],
        [
            2,
            1
        ],
        [
            1,
            3
        ],
        [
            3,
            1
        ],
        [
            2,
            4
        ],
        [
            4,
            2
        ],
        [
            3,
            4
        ],
        [
            4,
            3
        ],
        [
            8,
            9
        ],
        [
            9,
            8
        ],
        [
            10,
            0
        ],
        [
            0,
            10
        ],
        [
            1,
            4
        ],
        [
            4,
            1
        ],
        [
            3,
            2
        ],
        [
            2,
            3
        ],
        [
            2,
            7
        ],
        [
            7,
            2
        ],
        [
            4,
            7
        ],
        [
            7,
            4
        ],
        [
            9,
            7
        ],
        [
            7,
            9
        ],
        [
            5,
            6
        ],
        [
            6,
            5
        ],
        [
            0,
            0
        ],
        [
            1,
            1
        ],
        [
            2,
            2
        ],
        [
            3,
            3
        ],
        [
            4,
            4
        ],
        [
            5,
            5
        ],
        [
            6,
            6
        ],
        [
            7,
            7
        ],
        [
            8,
            8
        ],
        [
            9,
            9
        ],
        [
            10,
            10
        ]
    ],
    "similarity": 0.19
}