{
    "coords": [
        [
            42.40888848606094,
            67.14863419370377
        ],
        [
            16.658814293962966,
            30.54345901204971
        ],
        [
            67.85233819723071,
            34.08195871991255
        ],
        [
            23.583596929886667,
            63.20684861407847
        ],
        [
            72.43224336403343,
            66.67697146021462
        ],
        [
            90.59685827664586,
            47.495814639275764
        ],
        [
            19.86086844031763,
            51.42548155484347
        ],
        [
            72.27964346439012,
            47.27472329823617
        ],
        [
            41.619870875174776,
            32.57889791757296
        ]
    ],
    "edges": [
        [
            1,
            2
        ],
        [
            2,
            1
        ],
        [
            1,
            3
        ],
        [
            3,
            1
        ],
        [
            2,
            4
        ],
        [
            4,
            2
        ],
        [
            3,
            4
        ],
        [
            4,
            3
        ],
        [
            6,
            7
        ],
        [
            7,
            6
        ],
        [
            8,
            0
        ],
        [
            0,
            8
        ],
        [
            1,
            4
        ],
        [
            4,
            1
        ],
        [
            3,
            2
        ],
        [
            2,
            3
        ],
        [
            2,
            5
        ],
        [
            5,
            2
        ],
        [
            4,
            5
        ],
        [
            5,
            4
        ],
        [
            0,
            0
        ],
        [
            1,
            1
        ],
        [
            2,
            2
        ],
        [
            3,
            3
        ],
        [
            4,
            4
        ],
        [
            5,
            5
        ],
        [
            6,
            6
        ],
        [
            7,
            7
        ],
        [
            8,
            8
        ]
    ],
    "similarity": 0.18
}