{
    "coords": [
        [
            48.588024981803,
            67.04909282684652
        ],
        [
            21.673600785053804,
            26.850959754985336
        ],
        [
            72.36128184095617,
            32.90229377807805
        ],
        [
            17.8424328466536,
            65.60285153572596
        ],
        [
            70.29850761134803,
            65.25627046006699
        ],
        [
            76.01121927169575,
            37.23825443470024
        ],
        [
            78.22604720801849,
            62.15669853477168
        ],
        [
            90.58831707161643,
            45.08142947568376
        ],
        [
            18.79555862090888,
            50.23762618397585
        ],
        [
            66.65195055813298,
            47.32131833320087
        ],
        [
            47.68439224581322,
            28.18800198709774
        ]
    ],
    "edges": [
        [
            1,
            2
        ],
        [
            2,
            1
        ],
        [
            1,
            3
        ],
        [
            3,
            1
        ],
        [
            2,
            4
        ],
        [
            4,
            2
        ],
        [
            3,
            4
        ],
        [
            4,
            3
        ],
        [
            8,
            9
        ],
        [
            9,
            8
        ],
        [
            10,
            0
        ],
        [
            0,
            10
        ],
        [
            1,
            4
        ],
        [
            4,
            1
        ],
        [
            3,
            2
        ],
        [
            2,
            3
        ],
        [
            2,
            7
        ],
        [
            7,
            2
        ],
        [
            4,
            7
        ],
        [
            7,
            4
        ],
        [
            9,
            7
        ],
        [
            7,
            9
        ],
        [
            5,
            6
        ],
        [
            6,
            5
        ],
        [
            0,
            0
        ],
        [
            1,
            1
        ],
        [
            2,
            2
        ],
        [
            3,
            3
        ],
        [
            4,
            4
        ],
        [
            5,
            5
        ],
        [
            6,
            6
        ],
        [
            7,
            7
        ],
        [
            8,
            8
        ],
        [
            9,
            9
        ],
        [
            10,
            10
        ]
    ],
    "similarity": 0.25
}