{
    "coords": [
        [
            24.275027922301746,
            63.12033307025444
        ],
        [
            73.70066486595466,
            61.36020037541862
        ],
        [
            20.749985399925357,
            29.96358727880579
        ],
        [
            73.48016689729928,
            33.33393613721173
        ]
    ],
    "edges": [
        [
            2,
            3
        ],
        [
            3,
            2
        ],
        [
            2,
            0
        ],
        [
            0,
            2
        ],
        [
            3,
            1
        ],
        [
            1,
            3
        ],
        [
            0,
            1
        ],
        [
            1,
            0
        ],
        [
            0,
            0
        ],
        [
            1,
            1
        ],
        [
            2,
            2
        ],
        [
            3,
            3
        ]
    ],
    "similarity": 0.03
}