{
    "coords": [
        [
            18.389680968960057,
            37.58389048182681
        ],
        [
            20.242645143864724,
            76.33664996692272
        ],
        [
            76.01194597873523,
            34.42440912138156
        ],
        [
            77.39518414864588,
            58.897053047704574
        ],
        [
            90.48006932060898,
            46.85438942029619
        ],
        [
            28.400238869157224,
            70.23748764149143
        ],
        [
            21.50360117504632,
            45.74266670666323
        ],
        [
            45.453170552371006,
            64.470872703814
        ],
        [
            70.63072854042348,
            30.610712856142534
        ],
        [
            18.177895617344245,
            57.506993638827424
        ],
        [
            31.833089609741023,
            55.18399379375701
        ],
        [
            33.45922626014772,
            37.97491682379867
        ],
        [
            23.882805192984026,
            32.74638675770552
        ],
        [
            59.31995756603737,
            74.15835518531908
        ],
        [
            29.832383073865397,
            65.0937456878055
        ],
        [
            46.59079141224386,
            34.2247477022434
        ],
        [
            19.70784058241059,
            29.630976427610523
        ],
        [
            69.1870769828312,
            66.12294917054493
        ],
        [
            30.392874424996133,
            76.47905777510017
        ],
        [
            44.72440688702996,
            19.584716007879013
        ],
        [
            21.49966771497932,
            63.41362868658519
        ],
        [
            60.778395704492304,
            68.97969637181075
        ],
        [
            43.945744432188725,
            68.40701124505664
        ],
        [
            63.92939782427659,
            70.79269725697391
        ],
        [
            71.09714386571291,
            46.35887664280181
        ],
        [
            44.70504290131124,
            31.59923992337231
        ]
    ],
    "edges": [
        [
            16,
            8
        ],
        [
            8,
            16
        ],
        [
            16,
            20
        ],
        [
            20,
            16
        ],
        [
            8,
            17
        ],
        [
            17,
            8
        ],
        [
            20,
            17
        ],
        [
            17,
            20
        ],
        [
            6,
            24
        ],
        [
            24,
            6
        ],
        [
            25,
            7
        ],
        [
            7,
            25
        ],
        [
            16,
            17
        ],
        [
            17,
            16
        ],
        [
            20,
            8
        ],
        [
            8,
            20
        ],
        [
            8,
            4
        ],
        [
            4,
            8
        ],
        [
            17,
            4
        ],
        [
            4,
            17
        ],
        [
            24,
            4
        ],
        [
            4,
            24
        ],
        [
            2,
            3
        ],
        [
            3,
            2
        ],
        [
            19,
            8
        ],
        [
            8,
            19
        ],
        [
            19,
            25
        ],
        [
            25,
            19
        ],
        [
            0,
            11
        ],
        [
            11,
            0
        ],
        [
            9,
            10
        ],
        [
            10,
            9
        ],
        [
            11,
            10
        ],
        [
            10,
            11
        ],
        [
            0,
            11
        ],
        [
            11,
            0
        ],
        [
            0,
            10
        ],
        [
            10,
            0
        ],
        [
            11,
            9
        ],
        [
            9,
            11
        ],
        [
            20,
            1
        ],
        [
            1,
            20
        ],
        [
            14,
            18
        ],
        [
            18,
            14
        ],
        [
            1,
            18
        ],
        [
            18,
            1
        ],
        [
            20,
            18
        ],
        [
            18,
            20
        ],
        [
            22,
            7
        ],
        [
            7,
            22
        ],
        [
            5,
            23
        ],
        [
            23,
            5
        ],
        [
            21,
            13
        ],
        [
            13,
            21
        ],
        [
            12,
            15
        ],
        [
            15,
            12
        ],
        [
            0,
            0
        ],
        [
            1,
            1
        ],
        [
            2,
            2
        ],
        [
            3,
            3
        ],
        [
            4,
            4
        ],
        [
            5,
            5
        ],
        [
            6,
            6
        ],
        [
            7,
            7
        ],
        [
            8,
            8
        ],
        [
            9,
            9
        ],
        [
            10,
            10
        ],
        [
            11,
            11
        ],
        [
            12,
            12
        ],
        [
            13,
            13
        ],
        [
            14,
            14
        ],
        [
            15,
            15
        ],
        [
            16,
            16
        ],
        [
            17,
            17
        ],
        [
            18,
            18
        ],
        [
            19,
            19
        ],
        [
            20,
            20
        ],
        [
            21,
            21
        ],
        [
            22,
            22
        ],
        [
            23,
            23
        ],
        [
            24,
            24
        ],
        [
            25,
            25
        ]
    ],
    "similarity": 0.62
}