{
    "coords": [
        [
            21.865287717788036,
            36.60054517875277
        ],
        [
            18.833500194849677,
            73.29890081326461
        ],
        [
            74.57657402152125,
            35.96028149947954
        ],
        [
            76.01845429299995,
            59.47184913451866
        ],
        [
            88.64592316754721,
            48.370553722823985
        ],
        [
            29.45740240705567,
            68.0678447961648
        ],
        [
            20.112762304391556,
            47.99092924808303
        ],
        [
            44.13272849635986,
            63.27905396018083
        ],
        [
            70.84043774841341,
            29.928758773364567
        ],
        [
            18.879204620618047,
            57.01033285703939
        ],
        [
            32.221088272191025,
            54.831469371176055
        ],
        [
            31.18104017000121,
            38.39936935034294
        ],
        [
            23.203087892670595,
            34.30524114917651
        ],
        [
            60.993854146173796,
            71.59088533454069
        ],
        [
            28.13328734783592,
            66.84505985476993
        ],
        [
            45.282512833660135,
            33.12275394616391
        ],
        [
            21.12669783767923,
            30.951442793196914
        ],
        [
            69.33021671107527,
            66.2418827425475
        ],
        [
            29.32282176199391,
            75.11918366479658
        ],
        [
            43.51566355589301,
            21.461048155493483
        ],
        [
            19.21548865375363,
            64.9904000260943
        ],
        [
            61.29214252927369,
            69.2263983747106
        ],
        [
            43.56515449925796,
            70.60057015908586
        ],
        [
            63.56162588585231,
            70.90771634517559
        ],
        [
            71.08180413270928,
            45.64225102306014
        ],
        [
            45.767540726297284,
            29.308777892471852
        ]
    ],
    "edges": [
        [
            16,
            8
        ],
        [
            8,
            16
        ],
        [
            16,
            20
        ],
        [
            20,
            16
        ],
        [
            8,
            17
        ],
        [
            17,
            8
        ],
        [
            20,
            17
        ],
        [
            17,
            20
        ],
        [
            6,
            24
        ],
        [
            24,
            6
        ],
        [
            25,
            7
        ],
        [
            7,
            25
        ],
        [
            16,
            17
        ],
        [
            17,
            16
        ],
        [
            20,
            8
        ],
        [
            8,
            20
        ],
        [
            8,
            4
        ],
        [
            4,
            8
        ],
        [
            17,
            4
        ],
        [
            4,
            17
        ],
        [
            24,
            4
        ],
        [
            4,
            24
        ],
        [
            2,
            3
        ],
        [
            3,
            2
        ],
        [
            19,
            8
        ],
        [
            8,
            19
        ],
        [
            19,
            25
        ],
        [
            25,
            19
        ],
        [
            0,
            11
        ],
        [
            11,
            0
        ],
        [
            9,
            10
        ],
        [
            10,
            9
        ],
        [
            11,
            10
        ],
        [
            10,
            11
        ],
        [
            0,
            11
        ],
        [
            11,
            0
        ],
        [
            0,
            10
        ],
        [
            10,
            0
        ],
        [
            11,
            9
        ],
        [
            9,
            11
        ],
        [
            20,
            1
        ],
        [
            1,
            20
        ],
        [
            14,
            18
        ],
        [
            18,
            14
        ],
        [
            1,
            18
        ],
        [
            18,
            1
        ],
        [
            20,
            18
        ],
        [
            18,
            20
        ],
        [
            22,
            7
        ],
        [
            7,
            22
        ],
        [
            5,
            23
        ],
        [
            23,
            5
        ],
        [
            21,
            13
        ],
        [
            13,
            21
        ],
        [
            12,
            15
        ],
        [
            15,
            12
        ],
        [
            0,
            0
        ],
        [
            1,
            1
        ],
        [
            2,
            2
        ],
        [
            3,
            3
        ],
        [
            4,
            4
        ],
        [
            5,
            5
        ],
        [
            6,
            6
        ],
        [
            7,
            7
        ],
        [
            8,
            8
        ],
        [
            9,
            9
        ],
        [
            10,
            10
        ],
        [
            11,
            11
        ],
        [
            12,
            12
        ],
        [
            13,
            13
        ],
        [
            14,
            14
        ],
        [
            15,
            15
        ],
        [
            16,
            16
        ],
        [
            17,
            17
        ],
        [
            18,
            18
        ],
        [
            19,
            19
        ],
        [
            20,
            20
        ],
        [
            21,
            21
        ],
        [
            22,
            22
        ],
        [
            23,
            23
        ],
        [
            24,
            24
        ],
        [
            25,
            25
        ]
    ],
    "similarity": 0.59
}