{
    "coords": [
        [
            48.002746855037245,
            62.360502155181486
        ],
        [
            23.27541221106243,
            28.959525442758263
        ],
        [
            66.17551524485562,
            29.971543660515856
        ],
        [
            19.881709687626085,
            64.23633747188676
        ],
        [
            67.42095931961659,
            65.04722653316045
        ],
        [
            77.99723950015645,
            34.30257151976785
        ],
        [
            77.09087900938884,
            57.32354256536608
        ],
        [
            86.38969356920406,
            49.407720926788954
        ],
        [
            18.298760441196254,
            45.36153989473682
        ],
        [
            70.35421104898164,
            46.91967436488006
        ],
        [
            41.10671319944122,
            32.951020834695996
        ]
    ],
    "edges": [
        [
            1,
            2
        ],
        [
            2,
            1
        ],
        [
            1,
            3
        ],
        [
            3,
            1
        ],
        [
            2,
            4
        ],
        [
            4,
            2
        ],
        [
            3,
            4
        ],
        [
            4,
            3
        ],
        [
            8,
            9
        ],
        [
            9,
            8
        ],
        [
            10,
            0
        ],
        [
            0,
            10
        ],
        [
            1,
            4
        ],
        [
            4,
            1
        ],
        [
            3,
            2
        ],
        [
            2,
            3
        ],
        [
            2,
            7
        ],
        [
            7,
            2
        ],
        [
            4,
            7
        ],
        [
            7,
            4
        ],
        [
            9,
            7
        ],
        [
            7,
            9
        ],
        [
            5,
            6
        ],
        [
            6,
            5
        ],
        [
            0,
            0
        ],
        [
            1,
            1
        ],
        [
            2,
            2
        ],
        [
            3,
            3
        ],
        [
            4,
            4
        ],
        [
            5,
            5
        ],
        [
            6,
            6
        ],
        [
            7,
            7
        ],
        [
            8,
            8
        ],
        [
            9,
            9
        ],
        [
            10,
            10
        ]
    ],
    "similarity": 0.21
}