{
    "coords": [
        [
            44.52857995871295,
            67.62454755509431
        ],
        [
            43.6003561993195,
            17.352701637647126
        ],
        [
            19.97704921727006,
            33.07173813501386
        ],
        [
            67.48230795320708,
            31.391875145101007
        ],
        [
            20.869867310835602,
            63.69491102601275
        ],
        [
            68.81842233077458,
            65.30035264264166
        ],
        [
            75.9777903856301,
            33.63795530101837
        ],
        [
            73.82123121915733,
            62.08377520184714
        ],
        [
            90.49652373532074,
            44.92923196783832
        ],
        [
            17.830020348213633,
            44.894843441648725
        ],
        [
            67.55536566517777,
            46.911717027908956
        ],
        [
            45.175329897614894,
            32.474130546201756
        ]
    ],
    "edges": [
        [
            2,
            3
        ],
        [
            3,
            2
        ],
        [
            2,
            4
        ],
        [
            4,
            2
        ],
        [
            3,
            5
        ],
        [
            5,
            3
        ],
        [
            4,
            5
        ],
        [
            5,
            4
        ],
        [
            9,
            10
        ],
        [
            10,
            9
        ],
        [
            11,
            0
        ],
        [
            0,
            11
        ],
        [
            2,
            5
        ],
        [
            5,
            2
        ],
        [
            4,
            3
        ],
        [
            3,
            4
        ],
        [
            3,
            8
        ],
        [
            8,
            3
        ],
        [
            5,
            8
        ],
        [
            8,
            5
        ],
        [
            10,
            8
        ],
        [
            8,
            10
        ],
        [
            6,
            7
        ],
        [
            7,
            6
        ],
        [
            1,
            3
        ],
        [
            3,
            1
        ],
        [
            1,
            11
        ],
        [
            11,
            1
        ],
        [
            0,
            0
        ],
        [
            1,
            1
        ],
        [
            2,
            2
        ],
        [
            3,
            3
        ],
        [
            4,
            4
        ],
        [
            5,
            5
        ],
        [
            6,
            6
        ],
        [
            7,
            7
        ],
        [
            8,
            8
        ],
        [
            9,
            9
        ],
        [
            10,
            10
        ],
        [
            11,
            11
        ]
    ],
    "similarity": 0.35
}