{
    "coords": [
        [
            20.131577793347823,
            39.03534991084324
        ],
        [
            18.23532036541921,
            74.96839975253314
        ],
        [
            76.64954853532886,
            34.66445089295777
        ],
        [
            75.33866410634371,
            58.217756810172666
        ],
        [
            91.58690977066153,
            47.24318718732331
        ],
        [
            31.716755141787267,
            71.50439623749273
        ],
        [
            18.775137736912427,
            47.44698064170773
        ],
        [
            44.955227889762504,
            64.26902109069192
        ],
        [
            68.59685352327134,
            31.67115354002152
        ],
        [
            18.768063872940026,
            54.505589848924096
        ],
        [
            32.12067950807142,
            55.43429348580611
        ],
        [
            30.94538915700109,
            37.44462161667711
        ],
        [
            23.2832692404262,
            31.918923727570153
        ],
        [
            59.96448391730812,
            72.59449774459779
        ],
        [
            29.441946350973442,
            63.58098089964222
        ],
        [
            45.529324417182195,
            32.17374978060127
        ],
        [
            19.25003015535774,
            31.669711448074118
        ],
        [
            68.99944346946617,
            65.1367469947733
        ],
        [
            30.72956281470535,
            75.92491218139216
        ],
        [
            43.342990885107774,
            21.34650054556184
        ],
        [
            18.5863328303826,
            66.6625986694783
        ],
        [
            61.34111441153829,
            66.18812098052388
        ],
        [
            45.5924105831062,
            69.96511830440195
        ],
        [
            63.38616554698216,
            71.81250793077145
        ],
        [
            71.49381995595118,
            46.61281410169306
        ],
        [
            45.95878553129462,
            28.166515091608535
        ]
    ],
    "edges": [
        [
            16,
            8
        ],
        [
            8,
            16
        ],
        [
            16,
            20
        ],
        [
            20,
            16
        ],
        [
            8,
            17
        ],
        [
            17,
            8
        ],
        [
            20,
            17
        ],
        [
            17,
            20
        ],
        [
            6,
            24
        ],
        [
            24,
            6
        ],
        [
            25,
            7
        ],
        [
            7,
            25
        ],
        [
            16,
            17
        ],
        [
            17,
            16
        ],
        [
            20,
            8
        ],
        [
            8,
            20
        ],
        [
            8,
            4
        ],
        [
            4,
            8
        ],
        [
            17,
            4
        ],
        [
            4,
            17
        ],
        [
            24,
            4
        ],
        [
            4,
            24
        ],
        [
            2,
            3
        ],
        [
            3,
            2
        ],
        [
            19,
            8
        ],
        [
            8,
            19
        ],
        [
            19,
            25
        ],
        [
            25,
            19
        ],
        [
            0,
            11
        ],
        [
            11,
            0
        ],
        [
            9,
            10
        ],
        [
            10,
            9
        ],
        [
            11,
            10
        ],
        [
            10,
            11
        ],
        [
            0,
            11
        ],
        [
            11,
            0
        ],
        [
            0,
            10
        ],
        [
            10,
            0
        ],
        [
            11,
            9
        ],
        [
            9,
            11
        ],
        [
            20,
            1
        ],
        [
            1,
            20
        ],
        [
            14,
            18
        ],
        [
            18,
            14
        ],
        [
            1,
            18
        ],
        [
            18,
            1
        ],
        [
            20,
            18
        ],
        [
            18,
            20
        ],
        [
            22,
            7
        ],
        [
            7,
            22
        ],
        [
            5,
            23
        ],
        [
            23,
            5
        ],
        [
            21,
            13
        ],
        [
            13,
            21
        ],
        [
            12,
            15
        ],
        [
            15,
            12
        ],
        [
            0,
            0
        ],
        [
            1,
            1
        ],
        [
            2,
            2
        ],
        [
            3,
            3
        ],
        [
            4,
            4
        ],
        [
            5,
            5
        ],
        [
            6,
            6
        ],
        [
            7,
            7
        ],
        [
            8,
            8
        ],
        [
            9,
            9
        ],
        [
            10,
            10
        ],
        [
            11,
            11
        ],
        [
            12,
            12
        ],
        [
            13,
            13
        ],
        [
            14,
            14
        ],
        [
            15,
            15
        ],
        [
            16,
            16
        ],
        [
            17,
            17
        ],
        [
            18,
            18
        ],
        [
            19,
            19
        ],
        [
            20,
            20
        ],
        [
            21,
            21
        ],
        [
            22,
            22
        ],
        [
            23,
            23
        ],
        [
            24,
            24
        ],
        [
            25,
            25
        ]
    ],
    "similarity": 0.63
}