{
    "coords": [
        [
            47.50266743490334,
            61.60805960561971
        ],
        [
            18.86682479968449,
            29.072522363620394
        ],
        [
            71.24706688265232,
            30.186488714571993
        ],
        [
            18.143705458085016,
            64.29222155867954
        ],
        [
            71.59087187112819,
            65.1982720326483
        ],
        [
            18.680638628542123,
            46.52108317069992
        ],
        [
            72.8103367570737,
            51.657755432848475
        ],
        [
            42.71216600054554,
            33.270564085642796
        ]
    ],
    "edges": [
        [
            1,
            2
        ],
        [
            2,
            1
        ],
        [
            1,
            3
        ],
        [
            3,
            1
        ],
        [
            2,
            4
        ],
        [
            4,
            2
        ],
        [
            3,
            4
        ],
        [
            4,
            3
        ],
        [
            5,
            6
        ],
        [
            6,
            5
        ],
        [
            7,
            0
        ],
        [
            0,
            7
        ],
        [
            1,
            4
        ],
        [
            4,
            1
        ],
        [
            3,
            2
        ],
        [
            2,
            3
        ],
        [
            0,
            0
        ],
        [
            1,
            1
        ],
        [
            2,
            2
        ],
        [
            3,
            3
        ],
        [
            4,
            4
        ],
        [
            5,
            5
        ],
        [
            6,
            6
        ],
        [
            7,
            7
        ]
    ],
    "similarity": 0.1
}