{
    "coords": [
        [
            18.31448820362403,
            36.31427160082374
        ],
        [
            20.420807248636436,
            73.31195829103004
        ],
        [
            75.12354131918401,
            36.832992580769535
        ],
        [
            73.81286429879529,
            59.94628387252376
        ],
        [
            91.15099442549904,
            49.33294984318186
        ],
        [
            29.54822631207704,
            69.9806067909356
        ],
        [
            21.272782903922494,
            46.27999616685627
        ],
        [
            43.84642471142327,
            66.61013534591086
        ],
        [
            68.19322853457753,
            31.06037984892912
        ],
        [
            21.182115414506725,
            55.81281676509728
        ],
        [
            31.566698383881775,
            56.75708109856902
        ],
        [
            31.262332363125708,
            38.8729318695772
        ],
        [
            24.23993181834262,
            31.45531056519801
        ],
        [
            60.60781235265744,
            73.1112310231933
        ],
        [
            31.429159861086287,
            66.94283455106958
        ],
        [
            45.60204363281447,
            34.38993351666979
        ],
        [
            19.06519876686431,
            30.749164510164448
        ],
        [
            70.75023234988925,
            64.1205707262395
        ],
        [
            29.232747020832537,
            73.69382309462527
        ],
        [
            45.419342411768454,
            20.15537820406267
        ],
        [
            20.051868321865697,
            63.41802819095379
        ],
        [
            59.08819095375348,
            68.65501302062617
        ],
        [
            43.923042967050584,
            68.9247264006983
        ],
        [
            64.80137789395489,
            72.08294642667579
        ],
        [
            70.95524478375184,
            47.20393647995693
        ],
        [
            45.96335086700742,
            31.35368727253061
        ]
    ],
    "edges": [
        [
            16,
            8
        ],
        [
            8,
            16
        ],
        [
            16,
            20
        ],
        [
            20,
            16
        ],
        [
            8,
            17
        ],
        [
            17,
            8
        ],
        [
            20,
            17
        ],
        [
            17,
            20
        ],
        [
            6,
            24
        ],
        [
            24,
            6
        ],
        [
            25,
            7
        ],
        [
            7,
            25
        ],
        [
            16,
            17
        ],
        [
            17,
            16
        ],
        [
            20,
            8
        ],
        [
            8,
            20
        ],
        [
            8,
            4
        ],
        [
            4,
            8
        ],
        [
            17,
            4
        ],
        [
            4,
            17
        ],
        [
            24,
            4
        ],
        [
            4,
            24
        ],
        [
            2,
            3
        ],
        [
            3,
            2
        ],
        [
            19,
            8
        ],
        [
            8,
            19
        ],
        [
            19,
            25
        ],
        [
            25,
            19
        ],
        [
            0,
            11
        ],
        [
            11,
            0
        ],
        [
            9,
            10
        ],
        [
            10,
            9
        ],
        [
            11,
            10
        ],
        [
            10,
            11
        ],
        [
            0,
            11
        ],
        [
            11,
            0
        ],
        [
            0,
            10
        ],
        [
            10,
            0
        ],
        [
            11,
            9
        ],
        [
            9,
            11
        ],
        [
            20,
            1
        ],
        [
            1,
            20
        ],
        [
            14,
            18
        ],
        [
            18,
            14
        ],
        [
            1,
            18
        ],
        [
            18,
            1
        ],
        [
            20,
            18
        ],
        [
            18,
            20
        ],
        [
            22,
            7
        ],
        [
            7,
            22
        ],
        [
            5,
            23
        ],
        [
            23,
            5
        ],
        [
            21,
            13
        ],
        [
            13,
            21
        ],
        [
            12,
            15
        ],
        [
            15,
            12
        ],
        [
            0,
            0
        ],
        [
            1,
            1
        ],
        [
            2,
            2
        ],
        [
            3,
            3
        ],
        [
            4,
            4
        ],
        [
            5,
            5
        ],
        [
            6,
            6
        ],
        [
            7,
            7
        ],
        [
            8,
            8
        ],
        [
            9,
            9
        ],
        [
            10,
            10
        ],
        [
            11,
            11
        ],
        [
            12,
            12
        ],
        [
            13,
            13
        ],
        [
            14,
            14
        ],
        [
            15,
            15
        ],
        [
            16,
            16
        ],
        [
            17,
            17
        ],
        [
            18,
            18
        ],
        [
            19,
            19
        ],
        [
            20,
            20
        ],
        [
            21,
            21
        ],
        [
            22,
            22
        ],
        [
            23,
            23
        ],
        [
            24,
            24
        ],
        [
            25,
            25
        ]
    ],
    "similarity": 0.58
}