{
    "coords": [
        [
            46.52026263306949,
            62.009307820466546
        ],
        [
            22.515478074287813,
            31.027196626484
        ],
        [
            73.42124527828125,
            26.218534926294744
        ],
        [
            22.592423128146915,
            66.07514171469857
        ],
        [
            71.73621288449132,
            61.74122541772623
        ],
        [
            91.6231775308016,
            47.93732316006624
        ],
        [
            23.766378107241326,
            48.77719153675772
        ],
        [
            71.45622925718584,
            44.02208327231431
        ],
        [
            41.40847094261631,
            27.031820114404038
        ]
    ],
    "edges": [
        [
            1,
            2
        ],
        [
            2,
            1
        ],
        [
            1,
            3
        ],
        [
            3,
            1
        ],
        [
            2,
            4
        ],
        [
            4,
            2
        ],
        [
            3,
            4
        ],
        [
            4,
            3
        ],
        [
            6,
            7
        ],
        [
            7,
            6
        ],
        [
            8,
            0
        ],
        [
            0,
            8
        ],
        [
            1,
            4
        ],
        [
            4,
            1
        ],
        [
            3,
            2
        ],
        [
            2,
            3
        ],
        [
            2,
            5
        ],
        [
            5,
            2
        ],
        [
            4,
            5
        ],
        [
            5,
            4
        ],
        [
            0,
            0
        ],
        [
            1,
            1
        ],
        [
            2,
            2
        ],
        [
            3,
            3
        ],
        [
            4,
            4
        ],
        [
            5,
            5
        ],
        [
            6,
            6
        ],
        [
            7,
            7
        ],
        [
            8,
            8
        ]
    ],
    "similarity": 0.23
}