{
    "coords": [
        [
            17.100971942692176,
            66.40028865802553
        ],
        [
            23.322492163341796,
            32.7897600392693
        ],
        [
            67.4888590888027,
            32.51181120776578
        ]
    ],
    "edges": [
        [
            1,
            2
        ],
        [
            2,
            1
        ],
        [
            1,
            0
        ],
        [
            0,
            1
        ],
        [
            0,
            0
        ],
        [
            1,
            1
        ],
        [
            2,
            2
        ]
    ],
    "similarity": 0.05
}