{
    "coords": [
        [
            43.606120635464166,
            67.64054135492432
        ],
        [
            47.19478889073366,
            21.325186116192825
        ],
        [
            17.856009139651295,
            29.20257975132879
        ],
        [
            71.52924752248926,
            27.997983632970794
        ],
        [
            19.41812608401557,
            67.08152589476741
        ],
        [
            70.0238127569629,
            65.61019819756227
        ],
        [
            77.40770128955562,
            33.93215188401786
        ],
        [
            17.687979541557187,
            40.410564173375974
        ],
        [
            20.34070271335417,
            56.59697392169075
        ],
        [
            72.1911021376084,
            57.11964221781901
        ],
        [
            87.7872965397512,
            50.203039957252884
        ],
        [
            33.680269196221246,
            53.117527955468866
        ],
        [
            20.646262173284384,
            45.99065762446269
        ],
        [
            72.06414251750476,
            48.848450686942975
        ],
        [
            35.4019806464315,
            41.18974950273579
        ],
        [
            47.49456462141883,
            26.459468179883952
        ]
    ],
    "edges": [
        [
            2,
            3
        ],
        [
            3,
            2
        ],
        [
            2,
            4
        ],
        [
            4,
            2
        ],
        [
            3,
            5
        ],
        [
            5,
            3
        ],
        [
            4,
            5
        ],
        [
            5,
            4
        ],
        [
            12,
            13
        ],
        [
            13,
            12
        ],
        [
            15,
            0
        ],
        [
            0,
            15
        ],
        [
            2,
            5
        ],
        [
            5,
            2
        ],
        [
            4,
            3
        ],
        [
            3,
            4
        ],
        [
            3,
            10
        ],
        [
            10,
            3
        ],
        [
            5,
            10
        ],
        [
            10,
            5
        ],
        [
            13,
            10
        ],
        [
            10,
            13
        ],
        [
            6,
            9
        ],
        [
            9,
            6
        ],
        [
            1,
            3
        ],
        [
            3,
            1
        ],
        [
            1,
            15
        ],
        [
            15,
            1
        ],
        [
            7,
            14
        ],
        [
            14,
            7
        ],
        [
            8,
            11
        ],
        [
            11,
            8
        ],
        [
            0,
            0
        ],
        [
            1,
            1
        ],
        [
            2,
            2
        ],
        [
            3,
            3
        ],
        [
            4,
            4
        ],
        [
            5,
            5
        ],
        [
            6,
            6
        ],
        [
            7,
            7
        ],
        [
            8,
            8
        ],
        [
            9,
            9
        ],
        [
            10,
            10
        ],
        [
            11,
            11
        ],
        [
            12,
            12
        ],
        [
            13,
            13
        ],
        [
            14,
            14
        ],
        [
            15,
            15
        ]
    ],
    "similarity": 0.28
}