{
    "coords": [
        [
            18.610909168278702,
            39.10827925127172
        ],
        [
            21.43946528437728,
            73.41941752711304
        ],
        [
            73.72358357838777,
            36.553542820256084
        ],
        [
            77.23106019365333,
            59.019455544416836
        ],
        [
            91.40961421308269,
            47.53079833655965
        ],
        [
            29.278683197104854,
            70.19843719793818
        ],
        [
            21.844985642522985,
            47.485247413188794
        ],
        [
            45.92609427755399,
            66.71482605287308
        ],
        [
            69.7592551128842,
            29.269184656076153
        ],
        [
            20.30818030516661,
            57.83313598875721
        ],
        [
            31.94400145534675,
            56.308943931005494
        ],
        [
            33.00100691523473,
            37.06084708287288
        ],
        [
            26.010361992262787,
            35.107917038229985
        ],
        [
            58.817422116399094,
            72.0845736674499
        ],
        [
            29.33051729155351,
            65.58015332711905
        ],
        [
            45.07536349976443,
            31.767648137310857
        ],
        [
            20.120486251249325,
            29.3045712508624
        ],
        [
            71.08618761018964,
            66.11259059949062
        ],
        [
            28.0693928044114,
            73.69283602881315
        ],
        [
            44.17556349435106,
            21.56217097223651
        ],
        [
            19.67280896960262,
            63.50717427354484
        ],
        [
            58.392371953567356,
            68.32729788187999
        ],
        [
            45.00979634826162,
            68.15913102611174
        ],
        [
            65.12314114432881,
            69.6508503963678
        ],
        [
            70.25488458391972,
            47.84589314289727
        ],
        [
            45.225475791475226,
            31.658160275453127
        ]
    ],
    "edges": [
        [
            16,
            8
        ],
        [
            8,
            16
        ],
        [
            16,
            20
        ],
        [
            20,
            16
        ],
        [
            8,
            17
        ],
        [
            17,
            8
        ],
        [
            20,
            17
        ],
        [
            17,
            20
        ],
        [
            6,
            24
        ],
        [
            24,
            6
        ],
        [
            25,
            7
        ],
        [
            7,
            25
        ],
        [
            16,
            17
        ],
        [
            17,
            16
        ],
        [
            20,
            8
        ],
        [
            8,
            20
        ],
        [
            8,
            4
        ],
        [
            4,
            8
        ],
        [
            17,
            4
        ],
        [
            4,
            17
        ],
        [
            24,
            4
        ],
        [
            4,
            24
        ],
        [
            2,
            3
        ],
        [
            3,
            2
        ],
        [
            19,
            8
        ],
        [
            8,
            19
        ],
        [
            19,
            25
        ],
        [
            25,
            19
        ],
        [
            0,
            11
        ],
        [
            11,
            0
        ],
        [
            9,
            10
        ],
        [
            10,
            9
        ],
        [
            11,
            10
        ],
        [
            10,
            11
        ],
        [
            0,
            11
        ],
        [
            11,
            0
        ],
        [
            0,
            10
        ],
        [
            10,
            0
        ],
        [
            11,
            9
        ],
        [
            9,
            11
        ],
        [
            20,
            1
        ],
        [
            1,
            20
        ],
        [
            14,
            18
        ],
        [
            18,
            14
        ],
        [
            1,
            18
        ],
        [
            18,
            1
        ],
        [
            20,
            18
        ],
        [
            18,
            20
        ],
        [
            22,
            7
        ],
        [
            7,
            22
        ],
        [
            5,
            23
        ],
        [
            23,
            5
        ],
        [
            21,
            13
        ],
        [
            13,
            21
        ],
        [
            12,
            15
        ],
        [
            15,
            12
        ],
        [
            0,
            0
        ],
        [
            1,
            1
        ],
        [
            2,
            2
        ],
        [
            3,
            3
        ],
        [
            4,
            4
        ],
        [
            5,
            5
        ],
        [
            6,
            6
        ],
        [
            7,
            7
        ],
        [
            8,
            8
        ],
        [
            9,
            9
        ],
        [
            10,
            10
        ],
        [
            11,
            11
        ],
        [
            12,
            12
        ],
        [
            13,
            13
        ],
        [
            14,
            14
        ],
        [
            15,
            15
        ],
        [
            16,
            16
        ],
        [
            17,
            17
        ],
        [
            18,
            18
        ],
        [
            19,
            19
        ],
        [
            20,
            20
        ],
        [
            21,
            21
        ],
        [
            22,
            22
        ],
        [
            23,
            23
        ],
        [
            24,
            24
        ],
        [
            25,
            25
        ]
    ],
    "similarity": 0.61
}