{
    "coords": [
        [
            19.604308291787405,
            75.37904684932838
        ],
        [
            76.01936118925191,
            34.938589684596
        ],
        [
            75.05380800668239,
            59.31097583636316
        ],
        [
            89.72551401594279,
            47.9926086472369
        ],
        [
            19.481146581606325,
            48.15236001584057
        ],
        [
            45.1093549722214,
            64.95477589777825
        ],
        [
            29.713279893003,
            36.96833099087156
        ],
        [
            70.35914915068543,
            30.26985706773582
        ],
        [
            29.43240385029138,
            57.33214391126507
        ],
        [
            30.04214949044589,
            64.79801938721964
        ],
        [
            20.087832781388656,
            30.584628289313347
        ],
        [
            69.50447398879625,
            64.87724286488547
        ],
        [
            20.607207089296853,
            37.47801920574372
        ],
        [
            30.564362867506212,
            74.62825725807764
        ],
        [
            20.284445964415603,
            57.73041479293422
        ],
        [
            45.41388494404359,
            20.42333289520402
        ],
        [
            19.52138277918095,
            65.02767193928682
        ],
        [
            70.01437943363881,
            46.837149176316764
        ],
        [
            44.539666969384434,
            29.346528951932058
        ]
    ],
    "edges": [
        [
            10,
            7
        ],
        [
            7,
            10
        ],
        [
            10,
            16
        ],
        [
            16,
            10
        ],
        [
            7,
            11
        ],
        [
            11,
            7
        ],
        [
            16,
            11
        ],
        [
            11,
            16
        ],
        [
            4,
            17
        ],
        [
            17,
            4
        ],
        [
            18,
            5
        ],
        [
            5,
            18
        ],
        [
            10,
            11
        ],
        [
            11,
            10
        ],
        [
            16,
            7
        ],
        [
            7,
            16
        ],
        [
            7,
            3
        ],
        [
            3,
            7
        ],
        [
            11,
            3
        ],
        [
            3,
            11
        ],
        [
            17,
            3
        ],
        [
            3,
            17
        ],
        [
            1,
            2
        ],
        [
            2,
            1
        ],
        [
            15,
            7
        ],
        [
            7,
            15
        ],
        [
            15,
            18
        ],
        [
            18,
            15
        ],
        [
            12,
            6
        ],
        [
            6,
            12
        ],
        [
            14,
            8
        ],
        [
            8,
            14
        ],
        [
            6,
            8
        ],
        [
            8,
            6
        ],
        [
            12,
            8
        ],
        [
            8,
            12
        ],
        [
            6,
            14
        ],
        [
            14,
            6
        ],
        [
            16,
            0
        ],
        [
            0,
            16
        ],
        [
            9,
            13
        ],
        [
            13,
            9
        ],
        [
            0,
            13
        ],
        [
            13,
            0
        ],
        [
            16,
            13
        ],
        [
            13,
            16
        ],
        [
            0,
            0
        ],
        [
            1,
            1
        ],
        [
            2,
            2
        ],
        [
            3,
            3
        ],
        [
            4,
            4
        ],
        [
            5,
            5
        ],
        [
            6,
            6
        ],
        [
            7,
            7
        ],
        [
            8,
            8
        ],
        [
            9,
            9
        ],
        [
            10,
            10
        ],
        [
            11,
            11
        ],
        [
            12,
            12
        ],
        [
            13,
            13
        ],
        [
            14,
            14
        ],
        [
            15,
            15
        ],
        [
            16,
            16
        ],
        [
            17,
            17
        ],
        [
            18,
            18
        ]
    ],
    "similarity": 0.85
}