{
    "coords": [
        [
            19.448302118765945,
            39.44923157397155
        ],
        [
            21.388810536725813,
            74.58918846522268
        ],
        [
            73.36527998094932,
            32.931773014785314
        ],
        [
            74.34788239449752,
            57.849525159326355
        ],
        [
            88.65960792803726,
            50.00899814648121
        ],
        [
            21.618977785932245,
            46.247702098283
        ],
        [
            46.98837386764397,
            62.551311602305844
        ],
        [
            71.40135267902885,
            30.124545695891296
        ],
        [
            20.679594353723246,
            57.12804682639123
        ],
        [
            35.411803052950816,
            54.26232463694566
        ],
        [
            32.75795390717404,
            37.49679039039813
        ],
        [
            28.66488894367081,
            62.81995317056842
        ],
        [
            18.94200070687758,
            30.513284773606212
        ],
        [
            71.47198731825065,
            64.17295714068098
        ],
        [
            31.525435810431066,
            76.12417017820741
        ],
        [
            43.86627957065051,
            18.0130734658229
        ],
        [
            19.50921675565882,
            66.01653868768848
        ],
        [
            72.18517225305946,
            46.571505752540176
        ],
        [
            43.22966406946419,
            31.646285223092505
        ]
    ],
    "edges": [
        [
            12,
            7
        ],
        [
            7,
            12
        ],
        [
            12,
            16
        ],
        [
            16,
            12
        ],
        [
            7,
            13
        ],
        [
            13,
            7
        ],
        [
            16,
            13
        ],
        [
            13,
            16
        ],
        [
            5,
            17
        ],
        [
            17,
            5
        ],
        [
            18,
            6
        ],
        [
            6,
            18
        ],
        [
            12,
            13
        ],
        [
            13,
            12
        ],
        [
            16,
            7
        ],
        [
            7,
            16
        ],
        [
            7,
            4
        ],
        [
            4,
            7
        ],
        [
            13,
            4
        ],
        [
            4,
            13
        ],
        [
            17,
            4
        ],
        [
            4,
            17
        ],
        [
            2,
            3
        ],
        [
            3,
            2
        ],
        [
            15,
            7
        ],
        [
            7,
            15
        ],
        [
            15,
            18
        ],
        [
            18,
            15
        ],
        [
            0,
            10
        ],
        [
            10,
            0
        ],
        [
            8,
            9
        ],
        [
            9,
            8
        ],
        [
            10,
            9
        ],
        [
            9,
            10
        ],
        [
            0,
            10
        ],
        [
            10,
            0
        ],
        [
            0,
            9
        ],
        [
            9,
            0
        ],
        [
            10,
            8
        ],
        [
            8,
            10
        ],
        [
            16,
            1
        ],
        [
            1,
            16
        ],
        [
            11,
            14
        ],
        [
            14,
            11
        ],
        [
            0,
            0
        ],
        [
            1,
            1
        ],
        [
            2,
            2
        ],
        [
            3,
            3
        ],
        [
            4,
            4
        ],
        [
            5,
            5
        ],
        [
            6,
            6
        ],
        [
            7,
            7
        ],
        [
            8,
            8
        ],
        [
            9,
            9
        ],
        [
            10,
            10
        ],
        [
            11,
            11
        ],
        [
            12,
            12
        ],
        [
            13,
            13
        ],
        [
            14,
            14
        ],
        [
            15,
            15
        ],
        [
            16,
            16
        ],
        [
            17,
            17
        ],
        [
            18,
            18
        ]
    ],
    "similarity": 0.49
}