{
    "coords": [
        [
            40.9510063215562,
            67.34234820412905
        ],
        [
            16.4549955986106,
            32.06707923776251
        ],
        [
            67.19461217555174,
            27.465234081673326
        ],
        [
            22.375558525793792,
            62.3044399540442
        ],
        [
            66.20017032576851,
            64.74519716275948
        ],
        [
            24.416931697263536,
            51.72314385588115
        ],
        [
            72.15163897543987,
            49.739082022824135
        ],
        [
            42.638612324729046,
            30.250208185985805
        ]
    ],
    "edges": [
        [
            1,
            2
        ],
        [
            2,
            1
        ],
        [
            1,
            3
        ],
        [
            3,
            1
        ],
        [
            2,
            4
        ],
        [
            4,
            2
        ],
        [
            3,
            4
        ],
        [
            4,
            3
        ],
        [
            5,
            6
        ],
        [
            6,
            5
        ],
        [
            7,
            0
        ],
        [
            0,
            7
        ],
        [
            0,
            0
        ],
        [
            1,
            1
        ],
        [
            2,
            2
        ],
        [
            3,
            3
        ],
        [
            4,
            4
        ],
        [
            5,
            5
        ],
        [
            6,
            6
        ],
        [
            7,
            7
        ]
    ],
    "similarity": 0.11
}