{
    "coords": [
        [
            42.76122300934772,
            65.27207415042544
        ],
        [
            48.02135941570036,
            19.87816259292647
        ],
        [
            21.324232186796618,
            26.92634018192381
        ],
        [
            72.95029994930363,
            31.00788396752458
        ],
        [
            17.41838060646034,
            67.24520390433013
        ],
        [
            70.3685701437515,
            67.33050449655373
        ],
        [
            77.8491073253907,
            36.433283324993965
        ],
        [
            17.70413487496055,
            41.82100284424646
        ],
        [
            18.4905393003462,
            53.12094324086328
        ],
        [
            74.87761681905988,
            63.47173539749967
        ],
        [
            86.68951453683502,
            48.472338195053055
        ],
        [
            31.22522762290162,
            58.24974586213159
        ],
        [
            20.973060371065877,
            47.85669739894046
        ],
        [
            69.0665334727912,
            50.676917764489176
        ],
        [
            33.684437922220106,
            40.69674401559233
        ],
        [
            46.89283852830434,
            29.646142853111026
        ]
    ],
    "edges": [
        [
            2,
            3
        ],
        [
            3,
            2
        ],
        [
            2,
            4
        ],
        [
            4,
            2
        ],
        [
            3,
            5
        ],
        [
            5,
            3
        ],
        [
            4,
            5
        ],
        [
            5,
            4
        ],
        [
            12,
            13
        ],
        [
            13,
            12
        ],
        [
            15,
            0
        ],
        [
            0,
            15
        ],
        [
            2,
            5
        ],
        [
            5,
            2
        ],
        [
            4,
            3
        ],
        [
            3,
            4
        ],
        [
            3,
            10
        ],
        [
            10,
            3
        ],
        [
            5,
            10
        ],
        [
            10,
            5
        ],
        [
            13,
            10
        ],
        [
            10,
            13
        ],
        [
            6,
            9
        ],
        [
            9,
            6
        ],
        [
            1,
            3
        ],
        [
            3,
            1
        ],
        [
            1,
            15
        ],
        [
            15,
            1
        ],
        [
            7,
            14
        ],
        [
            14,
            7
        ],
        [
            8,
            11
        ],
        [
            11,
            8
        ],
        [
            0,
            0
        ],
        [
            1,
            1
        ],
        [
            2,
            2
        ],
        [
            3,
            3
        ],
        [
            4,
            4
        ],
        [
            5,
            5
        ],
        [
            6,
            6
        ],
        [
            7,
            7
        ],
        [
            8,
            8
        ],
        [
            9,
            9
        ],
        [
            10,
            10
        ],
        [
            11,
            11
        ],
        [
            12,
            12
        ],
        [
            13,
            13
        ],
        [
            14,
            14
        ],
        [
            15,
            15
        ]
    ],
    "similarity": 0.3
}