{
    "coords": [
        [
            44.03670918144641,
            62.39436739211891
        ],
        [
            45.09593353904619,
            16.59089381392915
        ],
        [
            23.292958053952116,
            31.182782560269274
        ],
        [
            72.77974607116326,
            31.78443149821023
        ],
        [
            23.105888854445446,
            62.33313226036189
        ],
        [
            67.0693635839574,
            67.2149860003316
        ],
        [
            75.08565885961237,
            38.059090975338464
        ],
        [
            75.45865996158331,
            60.5740943310308
        ],
        [
            88.22531587820126,
            46.48442290498484
        ],
        [
            20.730270372990745,
            46.92295179054753
        ],
        [
            67.93990996569426,
            44.668115177590124
        ],
        [
            44.27173748429725,
            31.788569294181087
        ]
    ],
    "edges": [
        [
            2,
            3
        ],
        [
            3,
            2
        ],
        [
            2,
            4
        ],
        [
            4,
            2
        ],
        [
            3,
            5
        ],
        [
            5,
            3
        ],
        [
            4,
            5
        ],
        [
            5,
            4
        ],
        [
            9,
            10
        ],
        [
            10,
            9
        ],
        [
            11,
            0
        ],
        [
            0,
            11
        ],
        [
            2,
            5
        ],
        [
            5,
            2
        ],
        [
            4,
            3
        ],
        [
            3,
            4
        ],
        [
            3,
            8
        ],
        [
            8,
            3
        ],
        [
            5,
            8
        ],
        [
            8,
            5
        ],
        [
            10,
            8
        ],
        [
            8,
            10
        ],
        [
            6,
            7
        ],
        [
            7,
            6
        ],
        [
            1,
            3
        ],
        [
            3,
            1
        ],
        [
            1,
            11
        ],
        [
            11,
            1
        ],
        [
            0,
            0
        ],
        [
            1,
            1
        ],
        [
            2,
            2
        ],
        [
            3,
            3
        ],
        [
            4,
            4
        ],
        [
            5,
            5
        ],
        [
            6,
            6
        ],
        [
            7,
            7
        ],
        [
            8,
            8
        ],
        [
            9,
            9
        ],
        [
            10,
            10
        ],
        [
            11,
            11
        ]
    ],
    "similarity": 0.31
}