{
    "coords": [
        [
            42.314403810878105,
            65.92696907463232
        ],
        [
            43.808757636239896,
            22.940986960537213
        ],
        [
            17.925599664981153,
            26.48596740106457
        ],
        [
            67.1841716688737,
            28.44233582097678
        ],
        [
            19.766661668568723,
            61.9162978357751
        ],
        [
            70.8253311468535,
            68.30330292189856
        ],
        [
            75.07333063327194,
            37.789409823677175
        ],
        [
            23.24497210781607,
            42.42731462739984
        ],
        [
            20.43277608758634,
            54.862050757774526
        ],
        [
            74.03472584450957,
            56.46248010551808
        ],
        [
            93.30618597847948,
            48.2688007409863
        ],
        [
            30.17243181882573,
            58.16128405621923
        ],
        [
            18.2491645990142,
            45.247918995132636
        ],
        [
            72.3070425334297,
            45.12972093200862
        ],
        [
            30.232756468674985,
            40.25896921727026
        ],
        [
            46.04276747213808,
            32.45055968624493
        ]
    ],
    "edges": [
        [
            2,
            3
        ],
        [
            3,
            2
        ],
        [
            2,
            4
        ],
        [
            4,
            2
        ],
        [
            3,
            5
        ],
        [
            5,
            3
        ],
        [
            4,
            5
        ],
        [
            5,
            4
        ],
        [
            12,
            13
        ],
        [
            13,
            12
        ],
        [
            15,
            0
        ],
        [
            0,
            15
        ],
        [
            2,
            5
        ],
        [
            5,
            2
        ],
        [
            4,
            3
        ],
        [
            3,
            4
        ],
        [
            3,
            10
        ],
        [
            10,
            3
        ],
        [
            5,
            10
        ],
        [
            10,
            5
        ],
        [
            13,
            10
        ],
        [
            10,
            13
        ],
        [
            6,
            9
        ],
        [
            9,
            6
        ],
        [
            1,
            3
        ],
        [
            3,
            1
        ],
        [
            1,
            15
        ],
        [
            15,
            1
        ],
        [
            7,
            14
        ],
        [
            14,
            7
        ],
        [
            8,
            11
        ],
        [
            11,
            8
        ],
        [
            0,
            0
        ],
        [
            1,
            1
        ],
        [
            2,
            2
        ],
        [
            3,
            3
        ],
        [
            4,
            4
        ],
        [
            5,
            5
        ],
        [
            6,
            6
        ],
        [
            7,
            7
        ],
        [
            8,
            8
        ],
        [
            9,
            9
        ],
        [
            10,
            10
        ],
        [
            11,
            11
        ],
        [
            12,
            12
        ],
        [
            13,
            13
        ],
        [
            14,
            14
        ],
        [
            15,
            15
        ]
    ],
    "similarity": 0.29
}