{
    "coords": [
        [
            46.29038062375016,
            64.08992522902865
        ],
        [
            44.29479406917457,
            22.759244927205295
        ],
        [
            21.445086601255422,
            31.477412312477043
        ],
        [
            71.13538399671549,
            28.735806709464182
        ],
        [
            21.54573318711444,
            62.097087781479566
        ],
        [
            68.19489275167491,
            67.02780466124673
        ],
        [
            76.8436179533864,
            33.754650057356955
        ],
        [
            75.50813457079718,
            61.648349783564456
        ],
        [
            87.3889126248408,
            49.31869626811108
        ],
        [
            22.10137967112138,
            45.316203131911294
        ],
        [
            72.21488166811292,
            49.56149146345723
        ],
        [
            47.25307074965171,
            29.117211078820123
        ]
    ],
    "edges": [
        [
            2,
            3
        ],
        [
            3,
            2
        ],
        [
            2,
            4
        ],
        [
            4,
            2
        ],
        [
            3,
            5
        ],
        [
            5,
            3
        ],
        [
            4,
            5
        ],
        [
            5,
            4
        ],
        [
            9,
            10
        ],
        [
            10,
            9
        ],
        [
            11,
            0
        ],
        [
            0,
            11
        ],
        [
            2,
            5
        ],
        [
            5,
            2
        ],
        [
            4,
            3
        ],
        [
            3,
            4
        ],
        [
            3,
            8
        ],
        [
            8,
            3
        ],
        [
            5,
            8
        ],
        [
            8,
            5
        ],
        [
            10,
            8
        ],
        [
            8,
            10
        ],
        [
            6,
            7
        ],
        [
            7,
            6
        ],
        [
            1,
            3
        ],
        [
            3,
            1
        ],
        [
            1,
            11
        ],
        [
            11,
            1
        ],
        [
            0,
            0
        ],
        [
            1,
            1
        ],
        [
            2,
            2
        ],
        [
            3,
            3
        ],
        [
            4,
            4
        ],
        [
            5,
            5
        ],
        [
            6,
            6
        ],
        [
            7,
            7
        ],
        [
            8,
            8
        ],
        [
            9,
            9
        ],
        [
            10,
            10
        ],
        [
            11,
            11
        ]
    ],
    "similarity": 0.39
}