{
    "coords": [
        [
            43.25092926098508,
            68.11319659975761
        ],
        [
            22.907240515324403,
            33.60071920393936
        ],
        [
            69.84108173878916,
            25.60009410656408
        ],
        [
            18.687377704070965,
            66.85151841734617
        ],
        [
            70.18828885425458,
            63.31220281707802
        ],
        [
            22.114519351652373,
            46.5508113186464
        ],
        [
            69.4728076580115,
            47.781512927298486
        ],
        [
            42.36216224256647,
            26.774115092322937
        ]
    ],
    "edges": [
        [
            1,
            2
        ],
        [
            2,
            1
        ],
        [
            1,
            3
        ],
        [
            3,
            1
        ],
        [
            2,
            4
        ],
        [
            4,
            2
        ],
        [
            3,
            4
        ],
        [
            4,
            3
        ],
        [
            5,
            6
        ],
        [
            6,
            5
        ],
        [
            7,
            0
        ],
        [
            0,
            7
        ],
        [
            0,
            0
        ],
        [
            1,
            1
        ],
        [
            2,
            2
        ],
        [
            3,
            3
        ],
        [
            4,
            4
        ],
        [
            5,
            5
        ],
        [
            6,
            6
        ],
        [
            7,
            7
        ]
    ],
    "similarity": 0.12
}