{
    "coords": [
        [
            41.34534655031127,
            67.11030136127533
        ],
        [
            17.128644429436328,
            31.701260351728926
        ],
        [
            72.19424626666523,
            29.858882351339716
        ],
        [
            16.07013324974852,
            65.03875402001012
        ],
        [
            72.17613806422017,
            64.28540509207961
        ],
        [
            88.07892726753776,
            49.48692924223905
        ],
        [
            20.077040579894927,
            46.550976975257036
        ],
        [
            73.05643783746808,
            48.614906564512694
        ],
        [
            44.99237640330291,
            31.85141826525843
        ]
    ],
    "edges": [
        [
            1,
            2
        ],
        [
            2,
            1
        ],
        [
            1,
            3
        ],
        [
            3,
            1
        ],
        [
            2,
            4
        ],
        [
            4,
            2
        ],
        [
            3,
            4
        ],
        [
            4,
            3
        ],
        [
            6,
            7
        ],
        [
            7,
            6
        ],
        [
            8,
            0
        ],
        [
            0,
            8
        ],
        [
            1,
            4
        ],
        [
            4,
            1
        ],
        [
            3,
            2
        ],
        [
            2,
            3
        ],
        [
            2,
            5
        ],
        [
            5,
            2
        ],
        [
            4,
            5
        ],
        [
            5,
            4
        ],
        [
            0,
            0
        ],
        [
            1,
            1
        ],
        [
            2,
            2
        ],
        [
            3,
            3
        ],
        [
            4,
            4
        ],
        [
            5,
            5
        ],
        [
            6,
            6
        ],
        [
            7,
            7
        ],
        [
            8,
            8
        ]
    ],
    "similarity": 0.19
}