{
    "coords": [
        [
            42.47784192992101,
            66.17538653594752
        ],
        [
            19.62096382977375,
            30.57934850129581
        ],
        [
            74.25084454798437,
            27.432017147738183
        ],
        [
            18.649546823641938,
            67.8570601018691
        ],
        [
            73.32080379579548,
            65.86861928369626
        ],
        [
            18.622063625153487,
            43.72015257917077
        ],
        [
            68.90889828311273,
            49.50431891723343
        ],
        [
            42.09393052849308,
            26.223991085628718
        ]
    ],
    "edges": [
        [
            1,
            2
        ],
        [
            2,
            1
        ],
        [
            1,
            3
        ],
        [
            3,
            1
        ],
        [
            2,
            4
        ],
        [
            4,
            2
        ],
        [
            3,
            4
        ],
        [
            4,
            3
        ],
        [
            5,
            6
        ],
        [
            6,
            5
        ],
        [
            7,
            0
        ],
        [
            0,
            7
        ],
        [
            1,
            4
        ],
        [
            4,
            1
        ],
        [
            3,
            2
        ],
        [
            2,
            3
        ],
        [
            0,
            0
        ],
        [
            1,
            1
        ],
        [
            2,
            2
        ],
        [
            3,
            3
        ],
        [
            4,
            4
        ],
        [
            5,
            5
        ],
        [
            6,
            6
        ],
        [
            7,
            7
        ]
    ],
    "similarity": 0.11
}