{
    "coords": [
        [
            43.864331170337856,
            68.32100093580547
        ],
        [
            16.902097532656285,
            32.12491000332658
        ],
        [
            70.3299116443898,
            29.078437549796583
        ],
        [
            22.267382250406136,
            62.258382086713475
        ],
        [
            68.20254116879661,
            68.53698850303134
        ],
        [
            76.77353739896986,
            31.421339620293516
        ],
        [
            78.21141409581196,
            60.994623143794705
        ],
        [
            92.47095170172004,
            49.100664390747895
        ],
        [
            18.754512763396647,
            44.043430113831825
        ],
        [
            68.0870349141693,
            44.58026675190647
        ],
        [
            46.14403912854171,
            30.46859159870452
        ]
    ],
    "edges": [
        [
            1,
            2
        ],
        [
            2,
            1
        ],
        [
            1,
            3
        ],
        [
            3,
            1
        ],
        [
            2,
            4
        ],
        [
            4,
            2
        ],
        [
            3,
            4
        ],
        [
            4,
            3
        ],
        [
            8,
            9
        ],
        [
            9,
            8
        ],
        [
            10,
            0
        ],
        [
            0,
            10
        ],
        [
            1,
            4
        ],
        [
            4,
            1
        ],
        [
            3,
            2
        ],
        [
            2,
            3
        ],
        [
            2,
            7
        ],
        [
            7,
            2
        ],
        [
            4,
            7
        ],
        [
            7,
            4
        ],
        [
            9,
            7
        ],
        [
            7,
            9
        ],
        [
            5,
            6
        ],
        [
            6,
            5
        ],
        [
            0,
            0
        ],
        [
            1,
            1
        ],
        [
            2,
            2
        ],
        [
            3,
            3
        ],
        [
            4,
            4
        ],
        [
            5,
            5
        ],
        [
            6,
            6
        ],
        [
            7,
            7
        ],
        [
            8,
            8
        ],
        [
            9,
            9
        ],
        [
            10,
            10
        ]
    ],
    "similarity": 0.27
}