{
    "coords": [
        [
            22.178014852777938,
            36.89866058839359
        ],
        [
            19.17674293722228,
            77.35703778558876
        ],
        [
            76.14389581735969,
            34.33304870013284
        ],
        [
            73.69829362610128,
            60.836416091366246
        ],
        [
            91.81551835167866,
            47.02164598883526
        ],
        [
            19.057089556089277,
            47.38484475915625
        ],
        [
            45.55210542811636,
            63.31549283178451
        ],
        [
            69.15124957412543,
            32.467020380255576
        ],
        [
            21.129815932015024,
            58.343005319347256
        ],
        [
            33.03679765623183,
            55.724974420075675
        ],
        [
            29.29455334361903,
            38.789674071095156
        ],
        [
            30.112101194758257,
            66.54949715338942
        ],
        [
            21.089339667445564,
            31.257710161752144
        ],
        [
            68.69098994908248,
            65.92279961079382
        ],
        [
            31.192408530678666,
            74.33653905959669
        ],
        [
            44.744821526948414,
            22.553388767378188
        ],
        [
            18.05170281363393,
            64.75951421855392
        ],
        [
            71.99858900971745,
            49.01240061160993
        ],
        [
            43.07954704489522,
            28.570971219882306
        ]
    ],
    "edges": [
        [
            12,
            7
        ],
        [
            7,
            12
        ],
        [
            12,
            16
        ],
        [
            16,
            12
        ],
        [
            7,
            13
        ],
        [
            13,
            7
        ],
        [
            16,
            13
        ],
        [
            13,
            16
        ],
        [
            5,
            17
        ],
        [
            17,
            5
        ],
        [
            18,
            6
        ],
        [
            6,
            18
        ],
        [
            12,
            13
        ],
        [
            13,
            12
        ],
        [
            16,
            7
        ],
        [
            7,
            16
        ],
        [
            7,
            4
        ],
        [
            4,
            7
        ],
        [
            13,
            4
        ],
        [
            4,
            13
        ],
        [
            17,
            4
        ],
        [
            4,
            17
        ],
        [
            2,
            3
        ],
        [
            3,
            2
        ],
        [
            15,
            7
        ],
        [
            7,
            15
        ],
        [
            15,
            18
        ],
        [
            18,
            15
        ],
        [
            0,
            10
        ],
        [
            10,
            0
        ],
        [
            8,
            9
        ],
        [
            9,
            8
        ],
        [
            10,
            9
        ],
        [
            9,
            10
        ],
        [
            0,
            10
        ],
        [
            10,
            0
        ],
        [
            0,
            9
        ],
        [
            9,
            0
        ],
        [
            10,
            8
        ],
        [
            8,
            10
        ],
        [
            16,
            1
        ],
        [
            1,
            16
        ],
        [
            11,
            14
        ],
        [
            14,
            11
        ],
        [
            0,
            0
        ],
        [
            1,
            1
        ],
        [
            2,
            2
        ],
        [
            3,
            3
        ],
        [
            4,
            4
        ],
        [
            5,
            5
        ],
        [
            6,
            6
        ],
        [
            7,
            7
        ],
        [
            8,
            8
        ],
        [
            9,
            9
        ],
        [
            10,
            10
        ],
        [
            11,
            11
        ],
        [
            12,
            12
        ],
        [
            13,
            13
        ],
        [
            14,
            14
        ],
        [
            15,
            15
        ],
        [
            16,
            16
        ],
        [
            17,
            17
        ],
        [
            18,
            18
        ]
    ],
    "similarity": 0.48
}