{
    "coords": [
        [
            20.73669736493318,
            36.21912229653925
        ],
        [
            20.710048695433844,
            77.08668866984343
        ],
        [
            76.80577875680927,
            34.4660316670515
        ],
        [
            77.49779284923027,
            58.67021557639728
        ],
        [
            92.09862758708873,
            47.32712268437539
        ],
        [
            19.464343609825804,
            49.39664759909743
        ],
        [
            42.76489867871833,
            65.13598929983863
        ],
        [
            69.56520369504285,
            28.223256546389454
        ],
        [
            18.225682337333872,
            55.75199102132207
        ],
        [
            34.01416566002234,
            55.35987779438392
        ],
        [
            30.54300803431242,
            40.449800465073636
        ],
        [
            30.178454581603123,
            67.10129094068645
        ],
        [
            20.258514107698584,
            28.572099532225117
        ],
        [
            67.95683248249235,
            64.51409338054438
        ],
        [
            28.91100368330576,
            72.8049149798636
        ],
        [
            43.04710296194477,
            18.487721146165796
        ],
        [
            17.75968043080806,
            65.66992293673793
        ],
        [
            68.59976100800407,
            49.70035840663412
        ],
        [
            46.183957454725736,
            28.530510208969545
        ]
    ],
    "edges": [
        [
            12,
            7
        ],
        [
            7,
            12
        ],
        [
            12,
            16
        ],
        [
            16,
            12
        ],
        [
            7,
            13
        ],
        [
            13,
            7
        ],
        [
            16,
            13
        ],
        [
            13,
            16
        ],
        [
            5,
            17
        ],
        [
            17,
            5
        ],
        [
            18,
            6
        ],
        [
            6,
            18
        ],
        [
            12,
            13
        ],
        [
            13,
            12
        ],
        [
            16,
            7
        ],
        [
            7,
            16
        ],
        [
            7,
            4
        ],
        [
            4,
            7
        ],
        [
            13,
            4
        ],
        [
            4,
            13
        ],
        [
            17,
            4
        ],
        [
            4,
            17
        ],
        [
            2,
            3
        ],
        [
            3,
            2
        ],
        [
            15,
            7
        ],
        [
            7,
            15
        ],
        [
            15,
            18
        ],
        [
            18,
            15
        ],
        [
            0,
            10
        ],
        [
            10,
            0
        ],
        [
            8,
            9
        ],
        [
            9,
            8
        ],
        [
            10,
            9
        ],
        [
            9,
            10
        ],
        [
            0,
            10
        ],
        [
            10,
            0
        ],
        [
            0,
            9
        ],
        [
            9,
            0
        ],
        [
            10,
            8
        ],
        [
            8,
            10
        ],
        [
            16,
            1
        ],
        [
            1,
            16
        ],
        [
            11,
            14
        ],
        [
            14,
            11
        ],
        [
            1,
            14
        ],
        [
            14,
            1
        ],
        [
            16,
            14
        ],
        [
            14,
            16
        ],
        [
            0,
            0
        ],
        [
            1,
            1
        ],
        [
            2,
            2
        ],
        [
            3,
            3
        ],
        [
            4,
            4
        ],
        [
            5,
            5
        ],
        [
            6,
            6
        ],
        [
            7,
            7
        ],
        [
            8,
            8
        ],
        [
            9,
            9
        ],
        [
            10,
            10
        ],
        [
            11,
            11
        ],
        [
            12,
            12
        ],
        [
            13,
            13
        ],
        [
            14,
            14
        ],
        [
            15,
            15
        ],
        [
            16,
            16
        ],
        [
            17,
            17
        ],
        [
            18,
            18
        ]
    ],
    "similarity": 0.55
}