{
    "coords": [
        [
            18.718104957537815,
            38.14078415968925
        ],
        [
            20.16314894751807,
            76.5171541798619
        ],
        [
            74.63253585416992,
            33.482497362028994
        ],
        [
            77.42251604979954,
            61.45867031267141
        ],
        [
            89.5973584414196,
            49.435840220682344
        ],
        [
            22.232115645191556,
            49.17727603687281
        ],
        [
            44.1459151002493,
            64.95962036272914
        ],
        [
            68.10478031718387,
            31.257482694249507
        ],
        [
            19.097934158495583,
            57.40704533568557
        ],
        [
            31.609430289822686,
            54.69154555179581
        ],
        [
            32.500621625041035,
            36.295854316554816
        ],
        [
            29.553692526484124,
            64.0064557686135
        ],
        [
            19.987867408497014,
            31.093542171250906
        ],
        [
            70.59602387827493,
            65.26193891558731
        ],
        [
            31.711136726868492,
            76.01296482700319
        ],
        [
            42.99228387194896,
            21.028073112601522
        ],
        [
            19.121127519638637,
            64.0064127434277
        ],
        [
            70.20563737002165,
            49.624889239694404
        ],
        [
            45.46567155117087,
            29.806558379952214
        ]
    ],
    "edges": [
        [
            12,
            7
        ],
        [
            7,
            12
        ],
        [
            12,
            16
        ],
        [
            16,
            12
        ],
        [
            7,
            13
        ],
        [
            13,
            7
        ],
        [
            16,
            13
        ],
        [
            13,
            16
        ],
        [
            5,
            17
        ],
        [
            17,
            5
        ],
        [
            18,
            6
        ],
        [
            6,
            18
        ],
        [
            12,
            13
        ],
        [
            13,
            12
        ],
        [
            16,
            7
        ],
        [
            7,
            16
        ],
        [
            7,
            4
        ],
        [
            4,
            7
        ],
        [
            13,
            4
        ],
        [
            4,
            13
        ],
        [
            17,
            4
        ],
        [
            4,
            17
        ],
        [
            2,
            3
        ],
        [
            3,
            2
        ],
        [
            15,
            7
        ],
        [
            7,
            15
        ],
        [
            15,
            18
        ],
        [
            18,
            15
        ],
        [
            0,
            10
        ],
        [
            10,
            0
        ],
        [
            8,
            9
        ],
        [
            9,
            8
        ],
        [
            10,
            9
        ],
        [
            9,
            10
        ],
        [
            0,
            10
        ],
        [
            10,
            0
        ],
        [
            0,
            9
        ],
        [
            9,
            0
        ],
        [
            10,
            8
        ],
        [
            8,
            10
        ],
        [
            16,
            1
        ],
        [
            1,
            16
        ],
        [
            11,
            14
        ],
        [
            14,
            11
        ],
        [
            1,
            14
        ],
        [
            14,
            1
        ],
        [
            16,
            14
        ],
        [
            14,
            16
        ],
        [
            0,
            0
        ],
        [
            1,
            1
        ],
        [
            2,
            2
        ],
        [
            3,
            3
        ],
        [
            4,
            4
        ],
        [
            5,
            5
        ],
        [
            6,
            6
        ],
        [
            7,
            7
        ],
        [
            8,
            8
        ],
        [
            9,
            9
        ],
        [
            10,
            10
        ],
        [
            11,
            11
        ],
        [
            12,
            12
        ],
        [
            13,
            13
        ],
        [
            14,
            14
        ],
        [
            15,
            15
        ],
        [
            16,
            16
        ],
        [
            17,
            17
        ],
        [
            18,
            18
        ]
    ],
    "similarity": 0.55
}