{
    "coords": [
        [
            21.009621874435428,
            36.11416079091879
        ],
        [
            18.358038849659657,
            74.24451694086909
        ],
        [
            77.68907884585059,
            36.55816639853495
        ],
        [
            75.37017795819335,
            58.037633145688154
        ],
        [
            88.97885025026481,
            47.24736946383669
        ],
        [
            22.178648023192796,
            49.66781524228479
        ],
        [
            45.47178444195629,
            64.02537134633762
        ],
        [
            68.79108980056002,
            27.83476158268483
        ],
        [
            20.180340099651616,
            55.95059712273125
        ],
        [
            31.151079992664197,
            55.8492139898655
        ],
        [
            30.32288919168425,
            37.38199961562319
        ],
        [
            30.578459270750354,
            64.661246708768
        ],
        [
            17.844688866498963,
            29.489418247311647
        ],
        [
            67.90547348831073,
            64.05563935492185
        ],
        [
            28.73494462306695,
            76.30551561124949
        ],
        [
            45.98134801797495,
            21.681197273632076
        ],
        [
            18.248479833182447,
            63.5573816744774
        ],
        [
            72.05739682437896,
            47.35954428240065
        ],
        [
            43.734563477644095,
            28.663925895484017
        ]
    ],
    "edges": [
        [
            12,
            7
        ],
        [
            7,
            12
        ],
        [
            12,
            16
        ],
        [
            16,
            12
        ],
        [
            7,
            13
        ],
        [
            13,
            7
        ],
        [
            16,
            13
        ],
        [
            13,
            16
        ],
        [
            5,
            17
        ],
        [
            17,
            5
        ],
        [
            18,
            6
        ],
        [
            6,
            18
        ],
        [
            12,
            13
        ],
        [
            13,
            12
        ],
        [
            16,
            7
        ],
        [
            7,
            16
        ],
        [
            7,
            4
        ],
        [
            4,
            7
        ],
        [
            13,
            4
        ],
        [
            4,
            13
        ],
        [
            17,
            4
        ],
        [
            4,
            17
        ],
        [
            2,
            3
        ],
        [
            3,
            2
        ],
        [
            15,
            7
        ],
        [
            7,
            15
        ],
        [
            15,
            18
        ],
        [
            18,
            15
        ],
        [
            0,
            10
        ],
        [
            10,
            0
        ],
        [
            8,
            9
        ],
        [
            9,
            8
        ],
        [
            10,
            9
        ],
        [
            9,
            10
        ],
        [
            0,
            10
        ],
        [
            10,
            0
        ],
        [
            0,
            9
        ],
        [
            9,
            0
        ],
        [
            10,
            8
        ],
        [
            8,
            10
        ],
        [
            16,
            1
        ],
        [
            1,
            16
        ],
        [
            11,
            14
        ],
        [
            14,
            11
        ],
        [
            1,
            14
        ],
        [
            14,
            1
        ],
        [
            16,
            14
        ],
        [
            14,
            16
        ],
        [
            0,
            0
        ],
        [
            1,
            1
        ],
        [
            2,
            2
        ],
        [
            3,
            3
        ],
        [
            4,
            4
        ],
        [
            5,
            5
        ],
        [
            6,
            6
        ],
        [
            7,
            7
        ],
        [
            8,
            8
        ],
        [
            9,
            9
        ],
        [
            10,
            10
        ],
        [
            11,
            11
        ],
        [
            12,
            12
        ],
        [
            13,
            13
        ],
        [
            14,
            14
        ],
        [
            15,
            15
        ],
        [
            16,
            16
        ],
        [
            17,
            17
        ],
        [
            18,
            18
        ]
    ],
    "similarity": 0.54
}