{
    "coords": [
        [
            42.92165642176535,
            65.2441761060872
        ],
        [
            17.915572680762914,
            32.957750310740686
        ],
        [
            69.97765903603894,
            30.538553222116903
        ],
        [
            18.359301227745306,
            67.08593166990197
        ],
        [
            68.83680719008903,
            68.27760117672257
        ],
        [
            78.58004821719324,
            35.06135345279538
        ],
        [
            74.63564738071035,
            62.92410055007347
        ],
        [
            91.75596105842766,
            50.57700645840256
        ],
        [
            21.89376029218605,
            46.68485556334804
        ],
        [
            68.23935071275416,
            49.92281004941925
        ],
        [
            42.9493329323447,
            29.653864744996053
        ]
    ],
    "edges": [
        [
            1,
            2
        ],
        [
            2,
            1
        ],
        [
            1,
            3
        ],
        [
            3,
            1
        ],
        [
            2,
            4
        ],
        [
            4,
            2
        ],
        [
            3,
            4
        ],
        [
            4,
            3
        ],
        [
            8,
            9
        ],
        [
            9,
            8
        ],
        [
            10,
            0
        ],
        [
            0,
            10
        ],
        [
            1,
            4
        ],
        [
            4,
            1
        ],
        [
            3,
            2
        ],
        [
            2,
            3
        ],
        [
            2,
            7
        ],
        [
            7,
            2
        ],
        [
            4,
            7
        ],
        [
            7,
            4
        ],
        [
            9,
            7
        ],
        [
            7,
            9
        ],
        [
            5,
            6
        ],
        [
            6,
            5
        ],
        [
            0,
            0
        ],
        [
            1,
            1
        ],
        [
            2,
            2
        ],
        [
            3,
            3
        ],
        [
            4,
            4
        ],
        [
            5,
            5
        ],
        [
            6,
            6
        ],
        [
            7,
            7
        ],
        [
            8,
            8
        ],
        [
            9,
            9
        ],
        [
            10,
            10
        ]
    ],
    "similarity": 0.24
}