{
    "coords": [
        [
            44.501907339149824,
            68.48581603847087
        ],
        [
            21.92024121896513,
            31.462014435617085
        ],
        [
            68.00496596020517,
            32.7065559640033
        ],
        [
            21.879773858016573,
            63.46163926728166
        ],
        [
            72.63191554546044,
            62.79778096080206
        ],
        [
            21.48079837184808,
            50.02478404338643
        ],
        [
            72.14582729059997,
            50.93835127282185
        ],
        [
            45.17943143078887,
            32.07192789461775
        ]
    ],
    "edges": [
        [
            1,
            2
        ],
        [
            2,
            1
        ],
        [
            1,
            3
        ],
        [
            3,
            1
        ],
        [
            2,
            4
        ],
        [
            4,
            2
        ],
        [
            3,
            4
        ],
        [
            4,
            3
        ],
        [
            5,
            6
        ],
        [
            6,
            5
        ],
        [
            7,
            0
        ],
        [
            0,
            7
        ],
        [
            1,
            4
        ],
        [
            4,
            1
        ],
        [
            3,
            2
        ],
        [
            2,
            3
        ],
        [
            0,
            0
        ],
        [
            1,
            1
        ],
        [
            2,
            2
        ],
        [
            3,
            3
        ],
        [
            4,
            4
        ],
        [
            5,
            5
        ],
        [
            6,
            6
        ],
        [
            7,
            7
        ]
    ],
    "similarity": 0.18
}