{
    "coords": [
        [
            21.224739868097934,
            60.82045015997666
        ],
        [
            74.41662596871312,
            63.284697760566004
        ],
        [
            23.55589927522998,
            34.00947401122407
        ],
        [
            70.55309779690971,
            26.736916812276277
        ]
    ],
    "edges": [
        [
            2,
            3
        ],
        [
            3,
            2
        ],
        [
            2,
            0
        ],
        [
            0,
            2
        ],
        [
            3,
            1
        ],
        [
            1,
            3
        ],
        [
            0,
            1
        ],
        [
            1,
            0
        ],
        [
            0,
            0
        ],
        [
            1,
            1
        ],
        [
            2,
            2
        ],
        [
            3,
            3
        ]
    ],
    "similarity": 0.08
}