{
    "coords": [
        [
            43.767576857886695,
            63.97645505246002
        ],
        [
            21.739420425034975,
            26.251760381118938
        ],
        [
            68.30419522533948,
            29.57635878308457
        ],
        [
            22.447355759119077,
            65.1667099503368
        ],
        [
            68.16373126326195,
            67.06285253534129
        ],
        [
            17.651772179013598,
            43.91012924768969
        ],
        [
            69.24668673891732,
            48.45412715855859
        ],
        [
            42.64540932803368,
            28.26555727017714
        ]
    ],
    "edges": [
        [
            1,
            2
        ],
        [
            2,
            1
        ],
        [
            1,
            3
        ],
        [
            3,
            1
        ],
        [
            2,
            4
        ],
        [
            4,
            2
        ],
        [
            3,
            4
        ],
        [
            4,
            3
        ],
        [
            5,
            6
        ],
        [
            6,
            5
        ],
        [
            7,
            0
        ],
        [
            0,
            7
        ],
        [
            1,
            4
        ],
        [
            4,
            1
        ],
        [
            3,
            2
        ],
        [
            2,
            3
        ],
        [
            0,
            0
        ],
        [
            1,
            1
        ],
        [
            2,
            2
        ],
        [
            3,
            3
        ],
        [
            4,
            4
        ],
        [
            5,
            5
        ],
        [
            6,
            6
        ],
        [
            7,
            7
        ]
    ],
    "similarity": 0.18
}