{
    "coords": [
        [
            45.81912449696833,
            64.38736997181422
        ],
        [
            48.164627606012054,
            20.50428329605269
        ],
        [
            21.49542050762767,
            28.057476850691174
        ],
        [
            71.5046867130425,
            28.429419548785397
        ],
        [
            17.145896571420895,
            66.97646630969234
        ],
        [
            66.85128230813544,
            65.45636906561778
        ],
        [
            74.25550733840724,
            33.200408070799384
        ],
        [
            19.43974521817075,
            39.787673588787214
        ],
        [
            20.90705996822487,
            57.84246044859963
        ],
        [
            73.55679543415678,
            60.7104861362219
        ],
        [
            91.10263431752227,
            47.4623269654651
        ],
        [
            30.93857294475076,
            58.31825180671143
        ],
        [
            17.735087826903822,
            46.84383049791444
        ],
        [
            68.866373210211,
            44.89556028014742
        ],
        [
            33.73582695391714,
            40.4487429494126
        ],
        [
            44.84535564665177,
            28.90640398558341
        ]
    ],
    "edges": [
        [
            2,
            3
        ],
        [
            3,
            2
        ],
        [
            2,
            4
        ],
        [
            4,
            2
        ],
        [
            3,
            5
        ],
        [
            5,
            3
        ],
        [
            4,
            5
        ],
        [
            5,
            4
        ],
        [
            12,
            13
        ],
        [
            13,
            12
        ],
        [
            15,
            0
        ],
        [
            0,
            15
        ],
        [
            2,
            5
        ],
        [
            5,
            2
        ],
        [
            4,
            3
        ],
        [
            3,
            4
        ],
        [
            3,
            10
        ],
        [
            10,
            3
        ],
        [
            5,
            10
        ],
        [
            10,
            5
        ],
        [
            13,
            10
        ],
        [
            10,
            13
        ],
        [
            6,
            9
        ],
        [
            9,
            6
        ],
        [
            1,
            3
        ],
        [
            3,
            1
        ],
        [
            1,
            15
        ],
        [
            15,
            1
        ],
        [
            7,
            14
        ],
        [
            14,
            7
        ],
        [
            8,
            11
        ],
        [
            11,
            8
        ],
        [
            0,
            0
        ],
        [
            1,
            1
        ],
        [
            2,
            2
        ],
        [
            3,
            3
        ],
        [
            4,
            4
        ],
        [
            5,
            5
        ],
        [
            6,
            6
        ],
        [
            7,
            7
        ],
        [
            8,
            8
        ],
        [
            9,
            9
        ],
        [
            10,
            10
        ],
        [
            11,
            11
        ],
        [
            12,
            12
        ],
        [
            13,
            13
        ],
        [
            14,
            14
        ],
        [
            15,
            15
        ]
    ],
    "similarity": 0.36
}