{
    "coords": [
        [
            48.65580106392863,
            66.443115906449
        ],
        [
            17.957293377037594,
            33.144620123341745
        ],
        [
            68.67020088806746,
            26.200329949240434
        ],
        [
            17.97190051624552,
            67.76847548981996
        ],
        [
            70.49346708692576,
            60.88025092184544
        ],
        [
            19.811956547407252,
            48.43293808799408
        ],
        [
            65.73403434719717,
            51.154338488474956
        ],
        [
            47.01811976581931,
            28.981493781664845
        ]
    ],
    "edges": [
        [
            1,
            2
        ],
        [
            2,
            1
        ],
        [
            1,
            3
        ],
        [
            3,
            1
        ],
        [
            2,
            4
        ],
        [
            4,
            2
        ],
        [
            3,
            4
        ],
        [
            4,
            3
        ],
        [
            5,
            6
        ],
        [
            6,
            5
        ],
        [
            7,
            0
        ],
        [
            0,
            7
        ],
        [
            0,
            0
        ],
        [
            1,
            1
        ],
        [
            2,
            2
        ],
        [
            3,
            3
        ],
        [
            4,
            4
        ],
        [
            5,
            5
        ],
        [
            6,
            6
        ],
        [
            7,
            7
        ]
    ],
    "similarity": 0.14
}