{
    "coords": [
        [
            47.168039968524525,
            64.38386077934855
        ],
        [
            45.14896286094346,
            23.178127543640944
        ],
        [
            22.96191905468115,
            27.894121588925877
        ],
        [
            67.45745148520902,
            33.282558495979835
        ],
        [
            20.85122276584526,
            65.71718355137651
        ],
        [
            72.13147498244224,
            63.12021590581148
        ],
        [
            72.89722225436746,
            35.23059587383795
        ],
        [
            20.656000740138403,
            36.22476396116091
        ],
        [
            19.642466945881694,
            56.76511592994819
        ],
        [
            75.02264751558123,
            57.991414768690454
        ],
        [
            89.36689263824886,
            48.09221954984064
        ],
        [
            32.027521680960696,
            56.98207871866061
        ],
        [
            17.433841224851385,
            48.55226608491778
        ],
        [
            68.79255322412779,
            44.44285635494101
        ],
        [
            33.35470961692948,
            42.11642286242529
        ],
        [
            47.09788935609452,
            29.267960620256055
        ]
    ],
    "edges": [
        [
            2,
            3
        ],
        [
            3,
            2
        ],
        [
            2,
            4
        ],
        [
            4,
            2
        ],
        [
            3,
            5
        ],
        [
            5,
            3
        ],
        [
            4,
            5
        ],
        [
            5,
            4
        ],
        [
            12,
            13
        ],
        [
            13,
            12
        ],
        [
            15,
            0
        ],
        [
            0,
            15
        ],
        [
            2,
            5
        ],
        [
            5,
            2
        ],
        [
            4,
            3
        ],
        [
            3,
            4
        ],
        [
            3,
            10
        ],
        [
            10,
            3
        ],
        [
            5,
            10
        ],
        [
            10,
            5
        ],
        [
            13,
            10
        ],
        [
            10,
            13
        ],
        [
            6,
            9
        ],
        [
            9,
            6
        ],
        [
            1,
            3
        ],
        [
            3,
            1
        ],
        [
            1,
            15
        ],
        [
            15,
            1
        ],
        [
            7,
            14
        ],
        [
            14,
            7
        ],
        [
            8,
            11
        ],
        [
            11,
            8
        ],
        [
            0,
            0
        ],
        [
            1,
            1
        ],
        [
            2,
            2
        ],
        [
            3,
            3
        ],
        [
            4,
            4
        ],
        [
            5,
            5
        ],
        [
            6,
            6
        ],
        [
            7,
            7
        ],
        [
            8,
            8
        ],
        [
            9,
            9
        ],
        [
            10,
            10
        ],
        [
            11,
            11
        ],
        [
            12,
            12
        ],
        [
            13,
            13
        ],
        [
            14,
            14
        ],
        [
            15,
            15
        ]
    ],
    "similarity": 0.31
}