{
    "coords": [
        [
            24.78163299221115,
            61.39768012848258
        ],
        [
            65.55438099747502,
            62.30726187194165
        ],
        [
            17.343639200363025,
            26.544422962841264
        ],
        [
            68.2339489094822,
            27.226304019100876
        ]
    ],
    "edges": [
        [
            2,
            3
        ],
        [
            3,
            2
        ],
        [
            2,
            0
        ],
        [
            0,
            2
        ],
        [
            3,
            1
        ],
        [
            1,
            3
        ],
        [
            0,
            1
        ],
        [
            1,
            0
        ],
        [
            0,
            0
        ],
        [
            1,
            1
        ],
        [
            2,
            2
        ],
        [
            3,
            3
        ]
    ],
    "similarity": 0.03
}