{
    "coords": [
        [
            44.89187666627713,
            66.04384043680741
        ],
        [
            46.39395914518872,
            21.794738886134695
        ],
        [
            28.96981505473002,
            36.09133090237547
        ],
        [
            18.22911677919708,
            30.504139924828614
        ],
        [
            68.59379805006019,
            29.0781503465493
        ],
        [
            19.67594253440639,
            66.53734418054263
        ],
        [
            70.72093210669173,
            63.55130576868144
        ],
        [
            76.13606417239741,
            34.35658364840997
        ],
        [
            18.55318179822976,
            35.291656865375174
        ],
        [
            76.81887155642389,
            58.60229128503568
        ],
        [
            88.41673445589187,
            45.58132378487834
        ],
        [
            30.597582479328313,
            56.68022319109816
        ],
        [
            19.544389106533174,
            47.480180795183706
        ],
        [
            71.7207026344311,
            47.79199827555673
        ],
        [
            22.145920105617066,
            58.87919517461893
        ],
        [
            44.633943690018945,
            29.732476919940353
        ]
    ],
    "edges": [
        [
            3,
            4
        ],
        [
            4,
            3
        ],
        [
            3,
            5
        ],
        [
            5,
            3
        ],
        [
            4,
            6
        ],
        [
            6,
            4
        ],
        [
            5,
            6
        ],
        [
            6,
            5
        ],
        [
            12,
            13
        ],
        [
            13,
            12
        ],
        [
            15,
            0
        ],
        [
            0,
            15
        ],
        [
            3,
            6
        ],
        [
            6,
            3
        ],
        [
            5,
            4
        ],
        [
            4,
            5
        ],
        [
            4,
            10
        ],
        [
            10,
            4
        ],
        [
            6,
            10
        ],
        [
            10,
            6
        ],
        [
            13,
            10
        ],
        [
            10,
            13
        ],
        [
            7,
            9
        ],
        [
            9,
            7
        ],
        [
            1,
            4
        ],
        [
            4,
            1
        ],
        [
            1,
            15
        ],
        [
            15,
            1
        ],
        [
            8,
            2
        ],
        [
            2,
            8
        ],
        [
            14,
            11
        ],
        [
            11,
            14
        ],
        [
            2,
            11
        ],
        [
            11,
            2
        ],
        [
            8,
            11
        ],
        [
            11,
            8
        ],
        [
            0,
            0
        ],
        [
            1,
            1
        ],
        [
            2,
            2
        ],
        [
            3,
            3
        ],
        [
            4,
            4
        ],
        [
            5,
            5
        ],
        [
            6,
            6
        ],
        [
            7,
            7
        ],
        [
            8,
            8
        ],
        [
            9,
            9
        ],
        [
            10,
            10
        ],
        [
            11,
            11
        ],
        [
            12,
            12
        ],
        [
            13,
            13
        ],
        [
            14,
            14
        ],
        [
            15,
            15
        ]
    ],
    "similarity": 0.57
}