{
    "coords": [
        [
            47.79233632839386,
            66.11754421641105
        ],
        [
            41.70473408797918,
            21.043577062723106
        ],
        [
            17.080621753673817,
            29.954373211335845
        ],
        [
            68.84129561867275,
            32.640698637516046
        ],
        [
            21.09165782996997,
            68.43384172058916
        ],
        [
            69.9425031815908,
            62.7335926974508
        ],
        [
            76.9923735038893,
            33.80204734197408
        ],
        [
            75.40302606631073,
            58.25326166009907
        ],
        [
            93.4223551281804,
            49.143314968796915
        ],
        [
            20.935448351454188,
            48.66777394226293
        ],
        [
            67.5360798109109,
            46.464027265520215
        ],
        [
            42.096982577593934,
            29.388072336817956
        ]
    ],
    "edges": [
        [
            2,
            3
        ],
        [
            3,
            2
        ],
        [
            2,
            4
        ],
        [
            4,
            2
        ],
        [
            3,
            5
        ],
        [
            5,
            3
        ],
        [
            4,
            5
        ],
        [
            5,
            4
        ],
        [
            9,
            10
        ],
        [
            10,
            9
        ],
        [
            11,
            0
        ],
        [
            0,
            11
        ],
        [
            2,
            5
        ],
        [
            5,
            2
        ],
        [
            4,
            3
        ],
        [
            3,
            4
        ],
        [
            3,
            8
        ],
        [
            8,
            3
        ],
        [
            5,
            8
        ],
        [
            8,
            5
        ],
        [
            10,
            8
        ],
        [
            8,
            10
        ],
        [
            6,
            7
        ],
        [
            7,
            6
        ],
        [
            1,
            3
        ],
        [
            3,
            1
        ],
        [
            1,
            11
        ],
        [
            11,
            1
        ],
        [
            0,
            0
        ],
        [
            1,
            1
        ],
        [
            2,
            2
        ],
        [
            3,
            3
        ],
        [
            4,
            4
        ],
        [
            5,
            5
        ],
        [
            6,
            6
        ],
        [
            7,
            7
        ],
        [
            8,
            8
        ],
        [
            9,
            9
        ],
        [
            10,
            10
        ],
        [
            11,
            11
        ]
    ],
    "similarity": 0.31
}