{
    "coords": [
        [
            46.48636450732827,
            65.52408853050328
        ],
        [
            47.68739319955716,
            17.874386035304944
        ],
        [
            18.183300403264607,
            31.513446439327502
        ],
        [
            69.40290895876147,
            32.71967810432961
        ],
        [
            19.251076558062106,
            63.319312231597934
        ],
        [
            72.37446064787571,
            67.91871840131078
        ],
        [
            76.43678371186392,
            37.31109945518204
        ],
        [
            18.70514901493534,
            35.567813277930014
        ],
        [
            19.71143320003592,
            54.61058407793919
        ],
        [
            74.18878306534128,
            62.201092053429164
        ],
        [
            91.06027499267124,
            45.61289749123937
        ],
        [
            35.5026274057654,
            55.11684598641873
        ],
        [
            29.994962334005194,
            36.98691483268222
        ],
        [
            19.744171494205183,
            47.798916906133094
        ],
        [
            72.49865006570089,
            49.773818354424535
        ],
        [
            44.493138712713886,
            28.05324870090786
        ]
    ],
    "edges": [
        [
            2,
            3
        ],
        [
            3,
            2
        ],
        [
            2,
            4
        ],
        [
            4,
            2
        ],
        [
            3,
            5
        ],
        [
            5,
            3
        ],
        [
            4,
            5
        ],
        [
            5,
            4
        ],
        [
            13,
            14
        ],
        [
            14,
            13
        ],
        [
            15,
            0
        ],
        [
            0,
            15
        ],
        [
            2,
            5
        ],
        [
            5,
            2
        ],
        [
            4,
            3
        ],
        [
            3,
            4
        ],
        [
            3,
            10
        ],
        [
            10,
            3
        ],
        [
            5,
            10
        ],
        [
            10,
            5
        ],
        [
            14,
            10
        ],
        [
            10,
            14
        ],
        [
            6,
            9
        ],
        [
            9,
            6
        ],
        [
            1,
            3
        ],
        [
            3,
            1
        ],
        [
            1,
            15
        ],
        [
            15,
            1
        ],
        [
            7,
            12
        ],
        [
            12,
            7
        ],
        [
            8,
            11
        ],
        [
            11,
            8
        ],
        [
            12,
            11
        ],
        [
            11,
            12
        ],
        [
            7,
            12
        ],
        [
            12,
            7
        ],
        [
            0,
            0
        ],
        [
            1,
            1
        ],
        [
            2,
            2
        ],
        [
            3,
            3
        ],
        [
            4,
            4
        ],
        [
            5,
            5
        ],
        [
            6,
            6
        ],
        [
            7,
            7
        ],
        [
            8,
            8
        ],
        [
            9,
            9
        ],
        [
            10,
            10
        ],
        [
            11,
            11
        ],
        [
            12,
            12
        ],
        [
            13,
            13
        ],
        [
            14,
            14
        ],
        [
            15,
            15
        ]
    ],
    "similarity": 0.39
}