{
    "coords": [
        [
            48.465929940552826,
            65.87590652646516
        ],
        [
            20.907602148521665,
            26.999675984101245
        ],
        [
            66.86695052204281,
            28.656880129633265
        ],
        [
            19.297261498757265,
            63.20686105040154
        ],
        [
            66.82064966548812,
            64.59285757728433
        ],
        [
            75.86697282406197,
            32.01484253042688
        ],
        [
            75.44756594058273,
            62.30502162357071
        ],
        [
            88.18751579279589,
            47.319040445134426
        ],
        [
            18.077295867469054,
            46.60560720030612
        ],
        [
            68.89768010171858,
            49.97453211192089
        ],
        [
            43.22676632891227,
            28.549837174084082
        ]
    ],
    "edges": [
        [
            1,
            2
        ],
        [
            2,
            1
        ],
        [
            1,
            3
        ],
        [
            3,
            1
        ],
        [
            2,
            4
        ],
        [
            4,
            2
        ],
        [
            3,
            4
        ],
        [
            4,
            3
        ],
        [
            8,
            9
        ],
        [
            9,
            8
        ],
        [
            10,
            0
        ],
        [
            0,
            10
        ],
        [
            1,
            4
        ],
        [
            4,
            1
        ],
        [
            3,
            2
        ],
        [
            2,
            3
        ],
        [
            2,
            7
        ],
        [
            7,
            2
        ],
        [
            4,
            7
        ],
        [
            7,
            4
        ],
        [
            9,
            7
        ],
        [
            7,
            9
        ],
        [
            5,
            6
        ],
        [
            6,
            5
        ],
        [
            0,
            0
        ],
        [
            1,
            1
        ],
        [
            2,
            2
        ],
        [
            3,
            3
        ],
        [
            4,
            4
        ],
        [
            5,
            5
        ],
        [
            6,
            6
        ],
        [
            7,
            7
        ],
        [
            8,
            8
        ],
        [
            9,
            9
        ],
        [
            10,
            10
        ]
    ],
    "similarity": 0.27
}