{
    "coords": [
        [
            44.168519258333916,
            65.00017222345986
        ],
        [
            44.691606595246256,
            22.58357967724234
        ],
        [
            22.003851193038784,
            30.24770989260372
        ],
        [
            72.43524004570278,
            29.360918665906738
        ],
        [
            18.64935195457704,
            67.76521217322083
        ],
        [
            70.07397599564644,
            67.81138642725028
        ],
        [
            73.54132738578204,
            35.30289446496735
        ],
        [
            18.79300149796766,
            40.38954158253909
        ],
        [
            19.115137787436495,
            57.10537976507666
        ],
        [
            77.83110495115716,
            63.13962984049639
        ],
        [
            88.60648270611273,
            50.27492574896303
        ],
        [
            34.35128349640714,
            54.77141604081117
        ],
        [
            18.212871298619156,
            49.47344347465517
        ],
        [
            70.2362750311639,
            44.4272695113385
        ],
        [
            30.361470117785906,
            37.11400445498193
        ],
        [
            43.99026722277594,
            32.88392043296517
        ]
    ],
    "edges": [
        [
            2,
            3
        ],
        [
            3,
            2
        ],
        [
            2,
            4
        ],
        [
            4,
            2
        ],
        [
            3,
            5
        ],
        [
            5,
            3
        ],
        [
            4,
            5
        ],
        [
            5,
            4
        ],
        [
            12,
            13
        ],
        [
            13,
            12
        ],
        [
            15,
            0
        ],
        [
            0,
            15
        ],
        [
            2,
            5
        ],
        [
            5,
            2
        ],
        [
            4,
            3
        ],
        [
            3,
            4
        ],
        [
            3,
            10
        ],
        [
            10,
            3
        ],
        [
            5,
            10
        ],
        [
            10,
            5
        ],
        [
            13,
            10
        ],
        [
            10,
            13
        ],
        [
            6,
            9
        ],
        [
            9,
            6
        ],
        [
            1,
            3
        ],
        [
            3,
            1
        ],
        [
            1,
            15
        ],
        [
            15,
            1
        ],
        [
            7,
            14
        ],
        [
            14,
            7
        ],
        [
            8,
            11
        ],
        [
            11,
            8
        ],
        [
            0,
            0
        ],
        [
            1,
            1
        ],
        [
            2,
            2
        ],
        [
            3,
            3
        ],
        [
            4,
            4
        ],
        [
            5,
            5
        ],
        [
            6,
            6
        ],
        [
            7,
            7
        ],
        [
            8,
            8
        ],
        [
            9,
            9
        ],
        [
            10,
            10
        ],
        [
            11,
            11
        ],
        [
            12,
            12
        ],
        [
            13,
            13
        ],
        [
            14,
            14
        ],
        [
            15,
            15
        ]
    ],
    "similarity": 0.34
}