{
    "coords": [
        [
            49.271271739494594,
            61.67626201550716
        ],
        [
            22.924026537214537,
            28.363842049635675
        ],
        [
            69.08402840765957,
            32.7046564926851
        ],
        [
            21.560263511031554,
            63.849679588603244
        ],
        [
            71.17686876272867,
            61.033061552232105
        ],
        [
            16.293661427075392,
            47.103796786730385
        ],
        [
            66.82103013912348,
            48.08668790048102
        ],
        [
            45.69877800294505,
            26.413031361210734
        ]
    ],
    "edges": [
        [
            1,
            2
        ],
        [
            2,
            1
        ],
        [
            1,
            3
        ],
        [
            3,
            1
        ],
        [
            2,
            4
        ],
        [
            4,
            2
        ],
        [
            3,
            4
        ],
        [
            4,
            3
        ],
        [
            5,
            6
        ],
        [
            6,
            5
        ],
        [
            7,
            0
        ],
        [
            0,
            7
        ],
        [
            1,
            4
        ],
        [
            4,
            1
        ],
        [
            3,
            2
        ],
        [
            2,
            3
        ],
        [
            0,
            0
        ],
        [
            1,
            1
        ],
        [
            2,
            2
        ],
        [
            3,
            3
        ],
        [
            4,
            4
        ],
        [
            5,
            5
        ],
        [
            6,
            6
        ],
        [
            7,
            7
        ]
    ],
    "similarity": 0.12
}