{
    "coords": [
        [
            43.85097238578543,
            62.40981433597037
        ],
        [
            16.967394254708257,
            29.142564716433895
        ],
        [
            67.92242084396666,
            30.03373637722382
        ],
        [
            18.784864392235587,
            60.90392975051129
        ],
        [
            73.05927923390126,
            67.59640956261316
        ],
        [
            21.897914686772136,
            46.634991579567384
        ],
        [
            73.57424783440729,
            47.91179022764593
        ],
        [
            45.71913862031505,
            27.55614639352305
        ]
    ],
    "edges": [
        [
            1,
            2
        ],
        [
            2,
            1
        ],
        [
            1,
            3
        ],
        [
            3,
            1
        ],
        [
            2,
            4
        ],
        [
            4,
            2
        ],
        [
            3,
            4
        ],
        [
            4,
            3
        ],
        [
            5,
            6
        ],
        [
            6,
            5
        ],
        [
            7,
            0
        ],
        [
            0,
            7
        ],
        [
            1,
            4
        ],
        [
            4,
            1
        ],
        [
            3,
            2
        ],
        [
            2,
            3
        ],
        [
            0,
            0
        ],
        [
            1,
            1
        ],
        [
            2,
            2
        ],
        [
            3,
            3
        ],
        [
            4,
            4
        ],
        [
            5,
            5
        ],
        [
            6,
            6
        ],
        [
            7,
            7
        ]
    ],
    "similarity": 0.15
}