{
    "coords": [
        [
            20.078352505017705,
            65.23339594348016
        ],
        [
            17.418560458309507,
            30.78311652509046
        ],
        [
            69.0611854973267,
            32.54857463833751
        ]
    ],
    "edges": [
        [
            1,
            2
        ],
        [
            2,
            1
        ],
        [
            1,
            0
        ],
        [
            0,
            1
        ],
        [
            0,
            0
        ],
        [
            1,
            1
        ],
        [
            2,
            2
        ]
    ],
    "similarity": 0.03
}