{
    "coords": [
        [
            16.541093098875443,
            66.38807080500985
        ],
        [
            73.04125041445633,
            64.73770813365729
        ],
        [
            22.68271207545124,
            32.82072317623679
        ],
        [
            72.45475439621256,
            28.496994252730893
        ]
    ],
    "edges": [
        [
            2,
            3
        ],
        [
            3,
            2
        ],
        [
            2,
            0
        ],
        [
            0,
            2
        ],
        [
            3,
            1
        ],
        [
            1,
            3
        ],
        [
            0,
            1
        ],
        [
            1,
            0
        ],
        [
            0,
            0
        ],
        [
            1,
            1
        ],
        [
            2,
            2
        ],
        [
            3,
            3
        ]
    ],
    "similarity": 0.06
}