{
    "coords": [
        [
            47.75119288070737,
            68.55528069696281
        ],
        [
            19.368771088415897,
            31.304322900889897
        ],
        [
            70.55571690042743,
            28.718979634524253
        ],
        [
            16.980628448500788,
            61.9654723299473
        ],
        [
            67.08188339573704,
            61.582544441090796
        ],
        [
            87.46597898324221,
            47.52469259064967
        ],
        [
            18.58550795085234,
            51.19162464589264
        ],
        [
            70.25865884727916,
            51.066001965699535
        ],
        [
            42.287986146256245,
            30.564004591767358
        ]
    ],
    "edges": [
        [
            1,
            2
        ],
        [
            2,
            1
        ],
        [
            1,
            3
        ],
        [
            3,
            1
        ],
        [
            2,
            4
        ],
        [
            4,
            2
        ],
        [
            3,
            4
        ],
        [
            4,
            3
        ],
        [
            6,
            7
        ],
        [
            7,
            6
        ],
        [
            8,
            0
        ],
        [
            0,
            8
        ],
        [
            1,
            4
        ],
        [
            4,
            1
        ],
        [
            3,
            2
        ],
        [
            2,
            3
        ],
        [
            2,
            5
        ],
        [
            5,
            2
        ],
        [
            4,
            5
        ],
        [
            5,
            4
        ],
        [
            0,
            0
        ],
        [
            1,
            1
        ],
        [
            2,
            2
        ],
        [
            3,
            3
        ],
        [
            4,
            4
        ],
        [
            5,
            5
        ],
        [
            6,
            6
        ],
        [
            7,
            7
        ],
        [
            8,
            8
        ]
    ],
    "similarity": 0.21
}