{
    "coords": [
        [
            21.260485074481995,
            36.64149849200707
        ],
        [
            21.42265422871023,
            76.57293113478477
        ],
        [
            75.38829828059923,
            34.029207064861005
        ],
        [
            74.14399501474736,
            60.0036012582646
        ],
        [
            91.0252371849071,
            49.462506734941734
        ],
        [
            30.38114798569566,
            70.55683847449903
        ],
        [
            18.54585092237192,
            48.608225579753864
        ],
        [
            46.71768524716395,
            65.75988662029668
        ],
        [
            68.3528648389749,
            29.335620645042646
        ],
        [
            19.731407956991156,
            56.848632587408694
        ],
        [
            31.021805541505366,
            55.58913356160477
        ],
        [
            30.259020798625535,
            39.835739939103064
        ],
        [
            29.218361304338465,
            63.2749163827933
        ],
        [
            20.557725554259523,
            28.784746572224112
        ],
        [
            68.20008003054869,
            64.78995717681494
        ],
        [
            29.669593195668,
            74.71869790506723
        ],
        [
            45.95692752196773,
            18.714249587737132
        ],
        [
            19.898956891314043,
            66.61228746231853
        ],
        [
            43.92855785471442,
            68.86500173470075
        ],
        [
            66.55076560553732,
            69.25454082671862
        ],
        [
            71.94121219209126,
            48.72351665746804
        ],
        [
            44.72162832818253,
            28.79909435363127
        ]
    ],
    "edges": [
        [
            13,
            8
        ],
        [
            8,
            13
        ],
        [
            13,
            17
        ],
        [
            17,
            13
        ],
        [
            8,
            14
        ],
        [
            14,
            8
        ],
        [
            17,
            14
        ],
        [
            14,
            17
        ],
        [
            6,
            20
        ],
        [
            20,
            6
        ],
        [
            21,
            7
        ],
        [
            7,
            21
        ],
        [
            13,
            14
        ],
        [
            14,
            13
        ],
        [
            17,
            8
        ],
        [
            8,
            17
        ],
        [
            8,
            4
        ],
        [
            4,
            8
        ],
        [
            14,
            4
        ],
        [
            4,
            14
        ],
        [
            20,
            4
        ],
        [
            4,
            20
        ],
        [
            2,
            3
        ],
        [
            3,
            2
        ],
        [
            16,
            8
        ],
        [
            8,
            16
        ],
        [
            16,
            21
        ],
        [
            21,
            16
        ],
        [
            0,
            11
        ],
        [
            11,
            0
        ],
        [
            9,
            10
        ],
        [
            10,
            9
        ],
        [
            11,
            10
        ],
        [
            10,
            11
        ],
        [
            0,
            11
        ],
        [
            11,
            0
        ],
        [
            0,
            10
        ],
        [
            10,
            0
        ],
        [
            11,
            9
        ],
        [
            9,
            11
        ],
        [
            17,
            1
        ],
        [
            1,
            17
        ],
        [
            12,
            15
        ],
        [
            15,
            12
        ],
        [
            1,
            15
        ],
        [
            15,
            1
        ],
        [
            17,
            15
        ],
        [
            15,
            17
        ],
        [
            18,
            7
        ],
        [
            7,
            18
        ],
        [
            5,
            19
        ],
        [
            19,
            5
        ],
        [
            0,
            0
        ],
        [
            1,
            1
        ],
        [
            2,
            2
        ],
        [
            3,
            3
        ],
        [
            4,
            4
        ],
        [
            5,
            5
        ],
        [
            6,
            6
        ],
        [
            7,
            7
        ],
        [
            8,
            8
        ],
        [
            9,
            9
        ],
        [
            10,
            10
        ],
        [
            11,
            11
        ],
        [
            12,
            12
        ],
        [
            13,
            13
        ],
        [
            14,
            14
        ],
        [
            15,
            15
        ],
        [
            16,
            16
        ],
        [
            17,
            17
        ],
        [
            18,
            18
        ],
        [
            19,
            19
        ],
        [
            20,
            20
        ],
        [
            21,
            21
        ]
    ],
    "similarity": 0.59
}