{
    "coords": [
        [
            43.54009693512414,
            67.1717540149273
        ],
        [
            41.90591055709596,
            21.363416024535255
        ],
        [
            18.64677877886726,
            30.63657881324794
        ],
        [
            72.07626469786379,
            27.00452168435467
        ],
        [
            20.17621658979161,
            66.41055545592918
        ],
        [
            70.00962852541214,
            66.84335100339203
        ],
        [
            73.91609151518315,
            35.64595660257509
        ],
        [
            20.550777550625334,
            39.42502240292843
        ],
        [
            21.10853776740484,
            56.32595095640687
        ],
        [
            75.24094662802156,
            62.19980009645971
        ],
        [
            91.76271740759508,
            50.254685759308664
        ],
        [
            31.243228765507972,
            55.88369657172997
        ],
        [
            21.227010132283784,
            49.630759656489296
        ],
        [
            67.21000121594477,
            48.618441459165886
        ],
        [
            31.552764125978715,
            39.227904476751895
        ],
        [
            43.01512361600366,
            28.84980351729032
        ]
    ],
    "edges": [
        [
            2,
            3
        ],
        [
            3,
            2
        ],
        [
            2,
            4
        ],
        [
            4,
            2
        ],
        [
            3,
            5
        ],
        [
            5,
            3
        ],
        [
            4,
            5
        ],
        [
            5,
            4
        ],
        [
            12,
            13
        ],
        [
            13,
            12
        ],
        [
            15,
            0
        ],
        [
            0,
            15
        ],
        [
            2,
            5
        ],
        [
            5,
            2
        ],
        [
            4,
            3
        ],
        [
            3,
            4
        ],
        [
            3,
            10
        ],
        [
            10,
            3
        ],
        [
            5,
            10
        ],
        [
            10,
            5
        ],
        [
            13,
            10
        ],
        [
            10,
            13
        ],
        [
            6,
            9
        ],
        [
            9,
            6
        ],
        [
            1,
            3
        ],
        [
            3,
            1
        ],
        [
            1,
            15
        ],
        [
            15,
            1
        ],
        [
            7,
            14
        ],
        [
            14,
            7
        ],
        [
            8,
            11
        ],
        [
            11,
            8
        ],
        [
            0,
            0
        ],
        [
            1,
            1
        ],
        [
            2,
            2
        ],
        [
            3,
            3
        ],
        [
            4,
            4
        ],
        [
            5,
            5
        ],
        [
            6,
            6
        ],
        [
            7,
            7
        ],
        [
            8,
            8
        ],
        [
            9,
            9
        ],
        [
            10,
            10
        ],
        [
            11,
            11
        ],
        [
            12,
            12
        ],
        [
            13,
            13
        ],
        [
            14,
            14
        ],
        [
            15,
            15
        ]
    ],
    "similarity": 0.36
}