{
    "coords": [
        [
            42.60727508580378,
            68.00916142645046
        ],
        [
            17.43171791524761,
            32.803377958898004
        ],
        [
            69.9917421364546,
            32.35607300329864
        ],
        [
            22.94332190651381,
            66.69480533107864
        ],
        [
            71.05975768157566,
            66.86389097142575
        ],
        [
            19.648157345878086,
            44.230846071631476
        ],
        [
            73.40936108870376,
            46.772384109022326
        ],
        [
            44.69647131956869,
            27.727988367703432
        ]
    ],
    "edges": [
        [
            1,
            2
        ],
        [
            2,
            1
        ],
        [
            1,
            3
        ],
        [
            3,
            1
        ],
        [
            2,
            4
        ],
        [
            4,
            2
        ],
        [
            3,
            4
        ],
        [
            4,
            3
        ],
        [
            5,
            6
        ],
        [
            6,
            5
        ],
        [
            7,
            0
        ],
        [
            0,
            7
        ],
        [
            0,
            0
        ],
        [
            1,
            1
        ],
        [
            2,
            2
        ],
        [
            3,
            3
        ],
        [
            4,
            4
        ],
        [
            5,
            5
        ],
        [
            6,
            6
        ],
        [
            7,
            7
        ]
    ],
    "similarity": 0.1
}