{
    "coords": [
        [
            22.446237504119964,
            61.85289676589797
        ],
        [
            65.67387001226334,
            60.711059962930236
        ],
        [
            19.509226271602994,
            30.01054033220933
        ],
        [
            65.45175307189949,
            29.420797419517818
        ]
    ],
    "edges": [
        [
            2,
            3
        ],
        [
            3,
            2
        ],
        [
            2,
            0
        ],
        [
            0,
            2
        ],
        [
            3,
            1
        ],
        [
            1,
            3
        ],
        [
            0,
            1
        ],
        [
            1,
            0
        ],
        [
            0,
            0
        ],
        [
            1,
            1
        ],
        [
            2,
            2
        ],
        [
            3,
            3
        ]
    ],
    "similarity": 0.06
}