{
    "coords": [
        [
            20.41538805194095,
            68.56703562446586
        ],
        [
            72.08994866115687,
            65.1249774455481
        ],
        [
            21.589086492881375,
            33.782494706300504
        ],
        [
            71.79688465585211,
            26.209374015013353
        ]
    ],
    "edges": [
        [
            2,
            3
        ],
        [
            3,
            2
        ],
        [
            2,
            0
        ],
        [
            0,
            2
        ],
        [
            3,
            1
        ],
        [
            1,
            3
        ],
        [
            0,
            1
        ],
        [
            1,
            0
        ],
        [
            0,
            0
        ],
        [
            1,
            1
        ],
        [
            2,
            2
        ],
        [
            3,
            3
        ]
    ],
    "similarity": 0.09
}