{
    "coords": [
        [
            48.188388121309195,
            63.91779241411108
        ],
        [
            23.77256183557798,
            31.77278435146179
        ],
        [
            68.97499884810553,
            31.65657284047318
        ],
        [
            16.501175916461886,
            66.30291083446798
        ],
        [
            70.43300780564597,
            62.75980024726377
        ],
        [
            93.97905742363164,
            48.100323331589564
        ],
        [
            23.725705884507697,
            44.260116574048276
        ],
        [
            71.58455135358439,
            45.53306312115416
        ],
        [
            43.19078036438241,
            33.99710072806502
        ]
    ],
    "edges": [
        [
            1,
            2
        ],
        [
            2,
            1
        ],
        [
            1,
            3
        ],
        [
            3,
            1
        ],
        [
            2,
            4
        ],
        [
            4,
            2
        ],
        [
            3,
            4
        ],
        [
            4,
            3
        ],
        [
            6,
            7
        ],
        [
            7,
            6
        ],
        [
            8,
            0
        ],
        [
            0,
            8
        ],
        [
            1,
            4
        ],
        [
            4,
            1
        ],
        [
            3,
            2
        ],
        [
            2,
            3
        ],
        [
            2,
            5
        ],
        [
            5,
            2
        ],
        [
            4,
            5
        ],
        [
            5,
            4
        ],
        [
            0,
            0
        ],
        [
            1,
            1
        ],
        [
            2,
            2
        ],
        [
            3,
            3
        ],
        [
            4,
            4
        ],
        [
            5,
            5
        ],
        [
            6,
            6
        ],
        [
            7,
            7
        ],
        [
            8,
            8
        ]
    ],
    "similarity": 0.19
}