{
    "coords": [
        [
            46.707295580781334,
            63.51227902984627
        ],
        [
            42.64615991392146,
            20.925330714946643
        ],
        [
            20.956350262161507,
            32.41956879882944
        ],
        [
            67.40115660132739,
            29.256808419618174
        ],
        [
            21.883311450566076,
            62.71802523519763
        ],
        [
            72.33293915214284,
            67.96118784062247
        ],
        [
            75.35812442482528,
            35.836892301116976
        ],
        [
            72.24432739594135,
            58.812919733324826
        ],
        [
            92.45331066886591,
            46.12705397993138
        ],
        [
            20.762450482266093,
            46.19008403115039
        ],
        [
            71.20834499604506,
            47.43122329595025
        ],
        [
            44.38249373257199,
            30.578141148545562
        ]
    ],
    "edges": [
        [
            2,
            3
        ],
        [
            3,
            2
        ],
        [
            2,
            4
        ],
        [
            4,
            2
        ],
        [
            3,
            5
        ],
        [
            5,
            3
        ],
        [
            4,
            5
        ],
        [
            5,
            4
        ],
        [
            9,
            10
        ],
        [
            10,
            9
        ],
        [
            11,
            0
        ],
        [
            0,
            11
        ],
        [
            2,
            5
        ],
        [
            5,
            2
        ],
        [
            4,
            3
        ],
        [
            3,
            4
        ],
        [
            3,
            8
        ],
        [
            8,
            3
        ],
        [
            5,
            8
        ],
        [
            8,
            5
        ],
        [
            10,
            8
        ],
        [
            8,
            10
        ],
        [
            6,
            7
        ],
        [
            7,
            6
        ],
        [
            1,
            3
        ],
        [
            3,
            1
        ],
        [
            0,
            0
        ],
        [
            1,
            1
        ],
        [
            2,
            2
        ],
        [
            3,
            3
        ],
        [
            4,
            4
        ],
        [
            5,
            5
        ],
        [
            6,
            6
        ],
        [
            7,
            7
        ],
        [
            8,
            8
        ],
        [
            9,
            9
        ],
        [
            10,
            10
        ],
        [
            11,
            11
        ]
    ],
    "similarity": 0.33
}