{
    "coords": [
        [
            49.25367394356061,
            63.37885675515696
        ],
        [
            15.952833738360535,
            33.26302724588928
        ],
        [
            68.75342118747567,
            32.30531674876126
        ],
        [
            18.8357872171217,
            65.9781005564584
        ],
        [
            70.01994876732962,
            66.03362898208394
        ],
        [
            23.916064633320104,
            47.100301791342915
        ],
        [
            73.69093448437128,
            42.92429968167697
        ],
        [
            46.45340991924286,
            29.814045728520856
        ]
    ],
    "edges": [
        [
            1,
            2
        ],
        [
            2,
            1
        ],
        [
            1,
            3
        ],
        [
            3,
            1
        ],
        [
            2,
            4
        ],
        [
            4,
            2
        ],
        [
            3,
            4
        ],
        [
            4,
            3
        ],
        [
            5,
            6
        ],
        [
            6,
            5
        ],
        [
            7,
            0
        ],
        [
            0,
            7
        ],
        [
            1,
            4
        ],
        [
            4,
            1
        ],
        [
            3,
            2
        ],
        [
            2,
            3
        ],
        [
            0,
            0
        ],
        [
            1,
            1
        ],
        [
            2,
            2
        ],
        [
            3,
            3
        ],
        [
            4,
            4
        ],
        [
            5,
            5
        ],
        [
            6,
            6
        ],
        [
            7,
            7
        ]
    ],
    "similarity": 0.08
}