{
    "coords": [
        [
            43.44701959913755,
            69.10846354091773
        ],
        [
            18.112811595411753,
            33.616160611342025
        ],
        [
            71.36342517698226,
            28.27970151758876
        ],
        [
            17.675891831874893,
            61.07882616081917
        ],
        [
            67.44655454156164,
            61.16198382880315
        ],
        [
            19.93627287888836,
            50.61072982584683
        ],
        [
            67.08470273184555,
            46.52965837973754
        ],
        [
            49.55539953756488,
            31.35863321291159
        ]
    ],
    "edges": [
        [
            1,
            2
        ],
        [
            2,
            1
        ],
        [
            1,
            3
        ],
        [
            3,
            1
        ],
        [
            2,
            4
        ],
        [
            4,
            2
        ],
        [
            3,
            4
        ],
        [
            4,
            3
        ],
        [
            5,
            6
        ],
        [
            6,
            5
        ],
        [
            7,
            0
        ],
        [
            0,
            7
        ],
        [
            1,
            4
        ],
        [
            4,
            1
        ],
        [
            3,
            2
        ],
        [
            2,
            3
        ],
        [
            0,
            0
        ],
        [
            1,
            1
        ],
        [
            2,
            2
        ],
        [
            3,
            3
        ],
        [
            4,
            4
        ],
        [
            5,
            5
        ],
        [
            6,
            6
        ],
        [
            7,
            7
        ]
    ],
    "similarity": 0.08
}