{
    "coords": [
        [
            21.933354055353796,
            38.8337701226331
        ],
        [
            19.54936100703811,
            73.94448932660138
        ],
        [
            74.03195918648522,
            32.98916783737822
        ],
        [
            73.90799000060116,
            61.175094736274204
        ],
        [
            88.3954799020185,
            49.61061100195
        ],
        [
            18.773548076590792,
            49.22109430335939
        ],
        [
            46.22253298333401,
            65.00292266889231
        ],
        [
            70.12815941883753,
            27.81118650252736
        ],
        [
            19.197664657393545,
            56.45176928891554
        ],
        [
            30.73705950127678,
            57.668009285095444
        ],
        [
            32.020023183980776,
            37.35939790358004
        ],
        [
            30.82177107003781,
            67.14363287329489
        ],
        [
            22.140589464160026,
            31.812165924833742
        ],
        [
            72.12352354957275,
            62.928042040612745
        ],
        [
            29.362829766495334,
            75.59870945274955
        ],
        [
            42.89349184800407,
            18.82469601411955
        ],
        [
            20.27663926065671,
            63.4214247754214
        ],
        [
            68.14621622944895,
            48.12529558186048
        ],
        [
            42.923567608571204,
            29.946709388523733
        ]
    ],
    "edges": [
        [
            12,
            7
        ],
        [
            7,
            12
        ],
        [
            12,
            16
        ],
        [
            16,
            12
        ],
        [
            7,
            13
        ],
        [
            13,
            7
        ],
        [
            16,
            13
        ],
        [
            13,
            16
        ],
        [
            5,
            17
        ],
        [
            17,
            5
        ],
        [
            18,
            6
        ],
        [
            6,
            18
        ],
        [
            12,
            13
        ],
        [
            13,
            12
        ],
        [
            16,
            7
        ],
        [
            7,
            16
        ],
        [
            7,
            4
        ],
        [
            4,
            7
        ],
        [
            13,
            4
        ],
        [
            4,
            13
        ],
        [
            17,
            4
        ],
        [
            4,
            17
        ],
        [
            2,
            3
        ],
        [
            3,
            2
        ],
        [
            15,
            7
        ],
        [
            7,
            15
        ],
        [
            15,
            18
        ],
        [
            18,
            15
        ],
        [
            0,
            10
        ],
        [
            10,
            0
        ],
        [
            8,
            9
        ],
        [
            9,
            8
        ],
        [
            10,
            9
        ],
        [
            9,
            10
        ],
        [
            0,
            10
        ],
        [
            10,
            0
        ],
        [
            0,
            9
        ],
        [
            9,
            0
        ],
        [
            10,
            8
        ],
        [
            8,
            10
        ],
        [
            16,
            1
        ],
        [
            1,
            16
        ],
        [
            11,
            14
        ],
        [
            14,
            11
        ],
        [
            1,
            14
        ],
        [
            14,
            1
        ],
        [
            16,
            14
        ],
        [
            14,
            16
        ],
        [
            0,
            0
        ],
        [
            1,
            1
        ],
        [
            2,
            2
        ],
        [
            3,
            3
        ],
        [
            4,
            4
        ],
        [
            5,
            5
        ],
        [
            6,
            6
        ],
        [
            7,
            7
        ],
        [
            8,
            8
        ],
        [
            9,
            9
        ],
        [
            10,
            10
        ],
        [
            11,
            11
        ],
        [
            12,
            12
        ],
        [
            13,
            13
        ],
        [
            14,
            14
        ],
        [
            15,
            15
        ],
        [
            16,
            16
        ],
        [
            17,
            17
        ],
        [
            18,
            18
        ]
    ],
    "similarity": 0.54
}