{
    "coords": [
        [
            21.120460668058705,
            74.28637925570587
        ],
        [
            74.93514094394969,
            35.15232370941319
        ],
        [
            74.70012647185307,
            60.53662197868346
        ],
        [
            89.36913943683037,
            46.669906497646195
        ],
        [
            20.522652638395535,
            47.600487778429766
        ],
        [
            44.023845493807414,
            63.96829047028689
        ],
        [
            31.135163197405614,
            36.66388220880455
        ],
        [
            70.66186134432492,
            30.203301126372892
        ],
        [
            30.126208543955926,
            58.272044644929835
        ],
        [
            30.95964906862827,
            64.0122550633946
        ],
        [
            20.20125797592468,
            30.623996966289667
        ],
        [
            68.960552977203,
            63.88518502813805
        ],
        [
            18.90594401376205,
            37.67603451033975
        ],
        [
            29.825613760622776,
            76.19777117390744
        ],
        [
            20.630329117218498,
            59.15064140345234
        ],
        [
            45.65293119548918,
            19.320388675689113
        ],
        [
            20.704931873023668,
            65.1790358990775
        ],
        [
            69.82540717019879,
            48.24155346348233
        ],
        [
            44.84096809301626,
            28.82671061984964
        ]
    ],
    "edges": [
        [
            10,
            7
        ],
        [
            7,
            10
        ],
        [
            10,
            16
        ],
        [
            16,
            10
        ],
        [
            7,
            11
        ],
        [
            11,
            7
        ],
        [
            16,
            11
        ],
        [
            11,
            16
        ],
        [
            4,
            17
        ],
        [
            17,
            4
        ],
        [
            18,
            5
        ],
        [
            5,
            18
        ],
        [
            10,
            11
        ],
        [
            11,
            10
        ],
        [
            16,
            7
        ],
        [
            7,
            16
        ],
        [
            7,
            3
        ],
        [
            3,
            7
        ],
        [
            11,
            3
        ],
        [
            3,
            11
        ],
        [
            17,
            3
        ],
        [
            3,
            17
        ],
        [
            1,
            2
        ],
        [
            2,
            1
        ],
        [
            15,
            7
        ],
        [
            7,
            15
        ],
        [
            15,
            18
        ],
        [
            18,
            15
        ],
        [
            12,
            6
        ],
        [
            6,
            12
        ],
        [
            14,
            8
        ],
        [
            8,
            14
        ],
        [
            6,
            8
        ],
        [
            8,
            6
        ],
        [
            12,
            8
        ],
        [
            8,
            12
        ],
        [
            6,
            14
        ],
        [
            14,
            6
        ],
        [
            16,
            0
        ],
        [
            0,
            16
        ],
        [
            9,
            13
        ],
        [
            13,
            9
        ],
        [
            0,
            13
        ],
        [
            13,
            0
        ],
        [
            0,
            0
        ],
        [
            1,
            1
        ],
        [
            2,
            2
        ],
        [
            3,
            3
        ],
        [
            4,
            4
        ],
        [
            5,
            5
        ],
        [
            6,
            6
        ],
        [
            7,
            7
        ],
        [
            8,
            8
        ],
        [
            9,
            9
        ],
        [
            10,
            10
        ],
        [
            11,
            11
        ],
        [
            12,
            12
        ],
        [
            13,
            13
        ],
        [
            14,
            14
        ],
        [
            15,
            15
        ],
        [
            16,
            16
        ],
        [
            17,
            17
        ],
        [
            18,
            18
        ]
    ],
    "similarity": 0.76
}