{
    "coords": [
        [
            43.647095497133826,
            61.699138342800325
        ],
        [
            20.330364400729255,
            27.8805699724497
        ],
        [
            67.01068873124572,
            26.226131871386148
        ],
        [
            23.705009049398623,
            67.61390792567313
        ],
        [
            66.40155112269106,
            63.61580310434489
        ],
        [
            21.791323876169724,
            48.868307733515856
        ],
        [
            72.4235803904337,
            48.88615728209183
        ],
        [
            41.12036515228889,
            32.140815078793175
        ]
    ],
    "edges": [
        [
            1,
            2
        ],
        [
            2,
            1
        ],
        [
            1,
            3
        ],
        [
            3,
            1
        ],
        [
            2,
            4
        ],
        [
            4,
            2
        ],
        [
            3,
            4
        ],
        [
            4,
            3
        ],
        [
            5,
            6
        ],
        [
            6,
            5
        ],
        [
            7,
            0
        ],
        [
            0,
            7
        ],
        [
            0,
            0
        ],
        [
            1,
            1
        ],
        [
            2,
            2
        ],
        [
            3,
            3
        ],
        [
            4,
            4
        ],
        [
            5,
            5
        ],
        [
            6,
            6
        ],
        [
            7,
            7
        ]
    ],
    "similarity": 0.12
}