{
    "coords": [
        [
            19.8046559060273,
            74.50369035551739
        ],
        [
            76.02257155092491,
            34.43982577317516
        ],
        [
            75.68297416296,
            60.05342452158085
        ],
        [
            89.68625602848822,
            47.517222043170676
        ],
        [
            20.025247608818095,
            47.21029044349599
        ],
        [
            45.61479939787912,
            65.0640755959876
        ],
        [
            30.17779070609081,
            36.99221917568343
        ],
        [
            70.61116005828143,
            30.726066233026234
        ],
        [
            30.099140997147813,
            57.32676216198737
        ],
        [
            30.736561213435763,
            65.35764780266027
        ],
        [
            19.319718817125537,
            29.29017071670466
        ],
        [
            70.3263973652158,
            64.2759001095315
        ],
        [
            19.788458573010708,
            37.52323816598764
        ],
        [
            29.459618331379172,
            74.80402914837754
        ],
        [
            20.627674204587887,
            57.42329128831747
        ],
        [
            44.612392248815276,
            20.715586830054093
        ],
        [
            19.608161292283857,
            65.43965073291508
        ],
        [
            69.66553068078227,
            48.2581873859643
        ],
        [
            44.789001981517956,
            30.500235527701598
        ]
    ],
    "edges": [
        [
            10,
            7
        ],
        [
            7,
            10
        ],
        [
            10,
            16
        ],
        [
            16,
            10
        ],
        [
            7,
            11
        ],
        [
            11,
            7
        ],
        [
            16,
            11
        ],
        [
            11,
            16
        ],
        [
            4,
            17
        ],
        [
            17,
            4
        ],
        [
            18,
            5
        ],
        [
            5,
            18
        ],
        [
            10,
            11
        ],
        [
            11,
            10
        ],
        [
            16,
            7
        ],
        [
            7,
            16
        ],
        [
            7,
            3
        ],
        [
            3,
            7
        ],
        [
            11,
            3
        ],
        [
            3,
            11
        ],
        [
            17,
            3
        ],
        [
            3,
            17
        ],
        [
            1,
            2
        ],
        [
            2,
            1
        ],
        [
            15,
            7
        ],
        [
            7,
            15
        ],
        [
            15,
            18
        ],
        [
            18,
            15
        ],
        [
            12,
            6
        ],
        [
            6,
            12
        ],
        [
            14,
            8
        ],
        [
            8,
            14
        ],
        [
            6,
            8
        ],
        [
            8,
            6
        ],
        [
            12,
            8
        ],
        [
            8,
            12
        ],
        [
            6,
            14
        ],
        [
            14,
            6
        ],
        [
            16,
            0
        ],
        [
            0,
            16
        ],
        [
            9,
            13
        ],
        [
            13,
            9
        ],
        [
            0,
            13
        ],
        [
            13,
            0
        ],
        [
            16,
            13
        ],
        [
            13,
            16
        ],
        [
            0,
            0
        ],
        [
            1,
            1
        ],
        [
            2,
            2
        ],
        [
            3,
            3
        ],
        [
            4,
            4
        ],
        [
            5,
            5
        ],
        [
            6,
            6
        ],
        [
            7,
            7
        ],
        [
            8,
            8
        ],
        [
            9,
            9
        ],
        [
            10,
            10
        ],
        [
            11,
            11
        ],
        [
            12,
            12
        ],
        [
            13,
            13
        ],
        [
            14,
            14
        ],
        [
            15,
            15
        ],
        [
            16,
            16
        ],
        [
            17,
            17
        ],
        [
            18,
            18
        ]
    ],
    "similarity": 0.84
}