{
    "coords": [
        [
            20.169028859714075,
            36.58215798555742
        ],
        [
            18.80685987858187,
            73.57430129619776
        ],
        [
            73.55981319154516,
            36.36871090004362
        ],
        [
            74.08552396382301,
            61.16708659703872
        ],
        [
            91.13477963296162,
            48.232766497801876
        ],
        [
            28.968054274922387,
            69.12955641492152
        ],
        [
            20.388436121027347,
            48.12047808227506
        ],
        [
            44.620690510332274,
            63.324170681842546
        ],
        [
            71.92989326597225,
            29.53614513592394
        ],
        [
            19.771753551276912,
            55.874565546937966
        ],
        [
            32.13953108987946,
            54.48851445694589
        ],
        [
            32.820823110122745,
            37.64112220283997
        ],
        [
            26.48393396593743,
            32.03962628316779
        ],
        [
            59.43791069482851,
            71.409791528012
        ],
        [
            28.651260250328793,
            64.25802687504036
        ],
        [
            44.190514235455765,
            32.19056010998021
        ],
        [
            18.691332672023208,
            29.93082699517935
        ],
        [
            71.33914370785601,
            63.07917718951711
        ],
        [
            31.984199807291375,
            76.48102660345118
        ],
        [
            43.759712440455175,
            21.946668647883914
        ],
        [
            21.810612463170365,
            66.87222276491377
        ],
        [
            58.66923221511929,
            68.3691787536381
        ],
        [
            46.553169042100194,
            71.6200317741046
        ],
        [
            64.40580732755832,
            71.77465613604677
        ],
        [
            68.53565389962162,
            47.90501482529515
        ],
        [
            46.06550906448806,
            28.827234249348408
        ]
    ],
    "edges": [
        [
            16,
            8
        ],
        [
            8,
            16
        ],
        [
            16,
            20
        ],
        [
            20,
            16
        ],
        [
            8,
            17
        ],
        [
            17,
            8
        ],
        [
            20,
            17
        ],
        [
            17,
            20
        ],
        [
            6,
            24
        ],
        [
            24,
            6
        ],
        [
            25,
            7
        ],
        [
            7,
            25
        ],
        [
            16,
            17
        ],
        [
            17,
            16
        ],
        [
            20,
            8
        ],
        [
            8,
            20
        ],
        [
            8,
            4
        ],
        [
            4,
            8
        ],
        [
            17,
            4
        ],
        [
            4,
            17
        ],
        [
            24,
            4
        ],
        [
            4,
            24
        ],
        [
            2,
            3
        ],
        [
            3,
            2
        ],
        [
            19,
            8
        ],
        [
            8,
            19
        ],
        [
            19,
            25
        ],
        [
            25,
            19
        ],
        [
            0,
            11
        ],
        [
            11,
            0
        ],
        [
            9,
            10
        ],
        [
            10,
            9
        ],
        [
            11,
            10
        ],
        [
            10,
            11
        ],
        [
            0,
            11
        ],
        [
            11,
            0
        ],
        [
            0,
            10
        ],
        [
            10,
            0
        ],
        [
            11,
            9
        ],
        [
            9,
            11
        ],
        [
            20,
            1
        ],
        [
            1,
            20
        ],
        [
            14,
            18
        ],
        [
            18,
            14
        ],
        [
            1,
            18
        ],
        [
            18,
            1
        ],
        [
            20,
            18
        ],
        [
            18,
            20
        ],
        [
            22,
            7
        ],
        [
            7,
            22
        ],
        [
            5,
            23
        ],
        [
            23,
            5
        ],
        [
            21,
            13
        ],
        [
            13,
            21
        ],
        [
            12,
            15
        ],
        [
            15,
            12
        ],
        [
            0,
            0
        ],
        [
            1,
            1
        ],
        [
            2,
            2
        ],
        [
            3,
            3
        ],
        [
            4,
            4
        ],
        [
            5,
            5
        ],
        [
            6,
            6
        ],
        [
            7,
            7
        ],
        [
            8,
            8
        ],
        [
            9,
            9
        ],
        [
            10,
            10
        ],
        [
            11,
            11
        ],
        [
            12,
            12
        ],
        [
            13,
            13
        ],
        [
            14,
            14
        ],
        [
            15,
            15
        ],
        [
            16,
            16
        ],
        [
            17,
            17
        ],
        [
            18,
            18
        ],
        [
            19,
            19
        ],
        [
            20,
            20
        ],
        [
            21,
            21
        ],
        [
            22,
            22
        ],
        [
            23,
            23
        ],
        [
            24,
            24
        ],
        [
            25,
            25
        ]
    ],
    "similarity": 0.6
}