{
    "coords": [
        [
            45.35406828658593,
            61.9314211955748
        ],
        [
            46.9403905384758,
            21.667634042736942
        ],
        [
            22.699835058822043,
            30.170366855698457
        ],
        [
            69.32800307107779,
            27.6412252482111
        ],
        [
            19.336201246855286,
            65.47581414831315
        ],
        [
            69.09275810141489,
            66.07932794597144
        ],
        [
            77.75059059139339,
            35.95483874270401
        ],
        [
            19.63193649999862,
            36.67465620008236
        ],
        [
            18.283650143924465,
            55.938357118129545
        ],
        [
            75.70258283427845,
            57.87873254485394
        ],
        [
            93.19675981606287,
            46.25945875685801
        ],
        [
            31.241727251495153,
            56.98565360192134
        ],
        [
            21.59507787176816,
            48.88360982976063
        ],
        [
            71.58920142023618,
            50.1295177836734
        ],
        [
            31.476335002933695,
            39.484856149160485
        ],
        [
            43.24555648488463,
            32.62870887612435
        ]
    ],
    "edges": [
        [
            2,
            3
        ],
        [
            3,
            2
        ],
        [
            2,
            4
        ],
        [
            4,
            2
        ],
        [
            3,
            5
        ],
        [
            5,
            3
        ],
        [
            4,
            5
        ],
        [
            5,
            4
        ],
        [
            12,
            13
        ],
        [
            13,
            12
        ],
        [
            15,
            0
        ],
        [
            0,
            15
        ],
        [
            2,
            5
        ],
        [
            5,
            2
        ],
        [
            4,
            3
        ],
        [
            3,
            4
        ],
        [
            3,
            10
        ],
        [
            10,
            3
        ],
        [
            5,
            10
        ],
        [
            10,
            5
        ],
        [
            13,
            10
        ],
        [
            10,
            13
        ],
        [
            6,
            9
        ],
        [
            9,
            6
        ],
        [
            1,
            3
        ],
        [
            3,
            1
        ],
        [
            1,
            15
        ],
        [
            15,
            1
        ],
        [
            7,
            14
        ],
        [
            14,
            7
        ],
        [
            8,
            11
        ],
        [
            11,
            8
        ],
        [
            0,
            0
        ],
        [
            1,
            1
        ],
        [
            2,
            2
        ],
        [
            3,
            3
        ],
        [
            4,
            4
        ],
        [
            5,
            5
        ],
        [
            6,
            6
        ],
        [
            7,
            7
        ],
        [
            8,
            8
        ],
        [
            9,
            9
        ],
        [
            10,
            10
        ],
        [
            11,
            11
        ],
        [
            12,
            12
        ],
        [
            13,
            13
        ],
        [
            14,
            14
        ],
        [
            15,
            15
        ]
    ],
    "similarity": 0.36
}