{
    "coords": [
        [
            44.82875511166388,
            67.3418552290058
        ],
        [
            46.46074253340609,
            19.452743326662993
        ],
        [
            18.34969984443282,
            28.888848833146213
        ],
        [
            68.81978262520991,
            29.006976381100184
        ],
        [
            19.327559461985132,
            65.06735253539682
        ],
        [
            69.19020664012537,
            62.45770920232338
        ],
        [
            75.02396650389008,
            36.5773086442746
        ],
        [
            17.32862031537472,
            40.85530733494478
        ],
        [
            20.34059878554603,
            58.66211489359647
        ],
        [
            74.28740397812655,
            60.94689650376782
        ],
        [
            89.17962435224483,
            47.918459215875586
        ],
        [
            30.981172808398078,
            54.326672412381825
        ],
        [
            33.12252652028894,
            38.53599564259354
        ],
        [
            21.62187497851994,
            47.184341575918246
        ],
        [
            68.48308533545287,
            47.18448777311331
        ],
        [
            45.00071584577857,
            28.48819631568177
        ]
    ],
    "edges": [
        [
            2,
            3
        ],
        [
            3,
            2
        ],
        [
            2,
            4
        ],
        [
            4,
            2
        ],
        [
            3,
            5
        ],
        [
            5,
            3
        ],
        [
            4,
            5
        ],
        [
            5,
            4
        ],
        [
            13,
            14
        ],
        [
            14,
            13
        ],
        [
            15,
            0
        ],
        [
            0,
            15
        ],
        [
            2,
            5
        ],
        [
            5,
            2
        ],
        [
            4,
            3
        ],
        [
            3,
            4
        ],
        [
            3,
            10
        ],
        [
            10,
            3
        ],
        [
            5,
            10
        ],
        [
            10,
            5
        ],
        [
            14,
            10
        ],
        [
            10,
            14
        ],
        [
            6,
            9
        ],
        [
            9,
            6
        ],
        [
            1,
            3
        ],
        [
            3,
            1
        ],
        [
            1,
            15
        ],
        [
            15,
            1
        ],
        [
            7,
            12
        ],
        [
            12,
            7
        ],
        [
            8,
            11
        ],
        [
            11,
            8
        ],
        [
            12,
            11
        ],
        [
            11,
            12
        ],
        [
            7,
            12
        ],
        [
            12,
            7
        ],
        [
            7,
            11
        ],
        [
            11,
            7
        ],
        [
            12,
            8
        ],
        [
            8,
            12
        ],
        [
            0,
            0
        ],
        [
            1,
            1
        ],
        [
            2,
            2
        ],
        [
            3,
            3
        ],
        [
            4,
            4
        ],
        [
            5,
            5
        ],
        [
            6,
            6
        ],
        [
            7,
            7
        ],
        [
            8,
            8
        ],
        [
            9,
            9
        ],
        [
            10,
            10
        ],
        [
            11,
            11
        ],
        [
            12,
            12
        ],
        [
            13,
            13
        ],
        [
            14,
            14
        ],
        [
            15,
            15
        ]
    ],
    "similarity": 0.43
}