{
    "coords": [
        [
            20.18402964641197,
            74.81320118984465
        ],
        [
            75.181285938583,
            34.84536855755085
        ],
        [
            75.50237129277821,
            59.798230659191624
        ],
        [
            89.87790771733636,
            47.48085012033478
        ],
        [
            29.895779622772647,
            70.24190529995545
        ],
        [
            20.28460074736539,
            47.3503291827
        ],
        [
            45.18147515413891,
            64.81807339667702
        ],
        [
            30.236414545998596,
            36.87437207505957
        ],
        [
            70.22608983909043,
            29.792070446088765
        ],
        [
            29.72141008067851,
            58.14876044107098
        ],
        [
            29.771942339879864,
            64.80172130111808
        ],
        [
            20.172843294517605,
            30.068443235124402
        ],
        [
            70.17321177722498,
            65.28983265136621
        ],
        [
            20.113257600334208,
            36.87724917459422
        ],
        [
            29.657298426131074,
            74.80347159404744
        ],
        [
            20.148889304214126,
            58.19602330865892
        ],
        [
            44.72406305909126,
            20.058994649761807
        ],
        [
            19.952996282058503,
            65.16877781807162
        ],
        [
            44.75714534067231,
            70.02998901251586
        ],
        [
            65.19279382581688,
            69.68103073168922
        ],
        [
            69.7065898225306,
            47.51554636647336
        ],
        [
            45.343232150948744,
            29.685204820953107
        ]
    ],
    "edges": [
        [
            11,
            8
        ],
        [
            8,
            11
        ],
        [
            11,
            17
        ],
        [
            17,
            11
        ],
        [
            8,
            12
        ],
        [
            12,
            8
        ],
        [
            17,
            12
        ],
        [
            12,
            17
        ],
        [
            5,
            20
        ],
        [
            20,
            5
        ],
        [
            21,
            6
        ],
        [
            6,
            21
        ],
        [
            11,
            12
        ],
        [
            12,
            11
        ],
        [
            17,
            8
        ],
        [
            8,
            17
        ],
        [
            8,
            3
        ],
        [
            3,
            8
        ],
        [
            12,
            3
        ],
        [
            3,
            12
        ],
        [
            20,
            3
        ],
        [
            3,
            20
        ],
        [
            1,
            2
        ],
        [
            2,
            1
        ],
        [
            16,
            8
        ],
        [
            8,
            16
        ],
        [
            16,
            21
        ],
        [
            21,
            16
        ],
        [
            13,
            7
        ],
        [
            7,
            13
        ],
        [
            15,
            9
        ],
        [
            9,
            15
        ],
        [
            7,
            9
        ],
        [
            9,
            7
        ],
        [
            13,
            9
        ],
        [
            9,
            13
        ],
        [
            7,
            15
        ],
        [
            15,
            7
        ],
        [
            17,
            0
        ],
        [
            0,
            17
        ],
        [
            10,
            14
        ],
        [
            14,
            10
        ],
        [
            0,
            14
        ],
        [
            14,
            0
        ],
        [
            17,
            14
        ],
        [
            14,
            17
        ],
        [
            18,
            6
        ],
        [
            6,
            18
        ],
        [
            4,
            19
        ],
        [
            19,
            4
        ],
        [
            0,
            0
        ],
        [
            1,
            1
        ],
        [
            2,
            2
        ],
        [
            3,
            3
        ],
        [
            4,
            4
        ],
        [
            5,
            5
        ],
        [
            6,
            6
        ],
        [
            7,
            7
        ],
        [
            8,
            8
        ],
        [
            9,
            9
        ],
        [
            10,
            10
        ],
        [
            11,
            11
        ],
        [
            12,
            12
        ],
        [
            13,
            13
        ],
        [
            14,
            14
        ],
        [
            15,
            15
        ],
        [
            16,
            16
        ],
        [
            17,
            17
        ],
        [
            18,
            18
        ],
        [
            19,
            19
        ],
        [
            20,
            20
        ],
        [
            21,
            21
        ]
    ],
    "similarity": 0.93
}