{
    "coords": [
        [
            42.23590462788991,
            64.38694956280676
        ],
        [
            45.80153206188607,
            19.153630801511785
        ],
        [
            20.723398161654984,
            28.504632916269326
        ],
        [
            68.93429315334106,
            31.254233101959677
        ],
        [
            18.50087336742855,
            63.37442829419416
        ],
        [
            69.38899899529774,
            63.07146346561908
        ],
        [
            73.99974702799688,
            35.62824640402418
        ],
        [
            17.04878932550985,
            36.65477806323291
        ],
        [
            20.855823007358506,
            58.09155036815499
        ],
        [
            76.75637047428312,
            61.650596924364635
        ],
        [
            92.79824013811144,
            46.859460457640736
        ],
        [
            30.97869034225525,
            56.031234039590096
        ],
        [
            20.947252503736753,
            46.32223612519537
        ],
        [
            72.76883323455598,
            45.27272010029637
        ],
        [
            33.63770559433201,
            37.809048458320014
        ],
        [
            48.17907193472611,
            27.73661118625991
        ]
    ],
    "edges": [
        [
            2,
            3
        ],
        [
            3,
            2
        ],
        [
            2,
            4
        ],
        [
            4,
            2
        ],
        [
            3,
            5
        ],
        [
            5,
            3
        ],
        [
            4,
            5
        ],
        [
            5,
            4
        ],
        [
            12,
            13
        ],
        [
            13,
            12
        ],
        [
            15,
            0
        ],
        [
            0,
            15
        ],
        [
            2,
            5
        ],
        [
            5,
            2
        ],
        [
            4,
            3
        ],
        [
            3,
            4
        ],
        [
            3,
            10
        ],
        [
            10,
            3
        ],
        [
            5,
            10
        ],
        [
            10,
            5
        ],
        [
            13,
            10
        ],
        [
            10,
            13
        ],
        [
            6,
            9
        ],
        [
            9,
            6
        ],
        [
            1,
            3
        ],
        [
            3,
            1
        ],
        [
            1,
            15
        ],
        [
            15,
            1
        ],
        [
            7,
            14
        ],
        [
            14,
            7
        ],
        [
            8,
            11
        ],
        [
            11,
            8
        ],
        [
            0,
            0
        ],
        [
            1,
            1
        ],
        [
            2,
            2
        ],
        [
            3,
            3
        ],
        [
            4,
            4
        ],
        [
            5,
            5
        ],
        [
            6,
            6
        ],
        [
            7,
            7
        ],
        [
            8,
            8
        ],
        [
            9,
            9
        ],
        [
            10,
            10
        ],
        [
            11,
            11
        ],
        [
            12,
            12
        ],
        [
            13,
            13
        ],
        [
            14,
            14
        ],
        [
            15,
            15
        ]
    ],
    "similarity": 0.36
}