{
    "coords": [
        [
            45.706013538059864,
            37.587555518218046
        ],
        [
            20.776929769228694,
            37.97569322573596
        ],
        [
            20.1220230818789,
            73.77355273945061
        ],
        [
            33.92986220248026,
            39.646563529745045
        ],
        [
            75.05238748145383,
            34.63966285260197
        ],
        [
            75.54721900196715,
            59.810905983187915
        ],
        [
            90.71653240426603,
            49.13411795791174
        ],
        [
            29.230205482340168,
            71.37522030111404
        ],
        [
            18.663029061408256,
            47.37169595193656
        ],
        [
            46.12772115576813,
            64.85413289406507
        ],
        [
            30.49088162638419,
            36.73814137027908
        ],
        [
            70.32664289851544,
            31.527435889355274
        ],
        [
            18.909104271332126,
            56.14398441160502
        ],
        [
            33.70793349407779,
            55.336519063719486
        ],
        [
            26.10181699360172,
            34.47393670349818
        ],
        [
            59.239494714157686,
            72.0891435588261
        ],
        [
            28.937670717369528,
            63.82308186211252
        ],
        [
            44.88059419428265,
            31.89818875364397
        ],
        [
            19.444417228479427,
            31.545947881898567
        ],
        [
            70.04269231006316,
            63.48521486141831
        ],
        [
            44.073303420825674,
            40.35684013236345
        ],
        [
            30.109906868863522,
            76.37716205518335
        ],
        [
            45.279808747790156,
            21.29957700636221
        ],
        [
            19.493694110577035,
            65.62832120263006
        ],
        [
            61.34125726844428,
            66.53632793583382
        ],
        [
            46.35248279316851,
            71.23610950690738
        ],
        [
            64.83701274384337,
            68.64948825516176
        ],
        [
            69.61871529397906,
            46.87582944803393
        ],
        [
            46.205109720191814,
            28.69825178737815
        ]
    ],
    "edges": [
        [
            18,
            11
        ],
        [
            11,
            18
        ],
        [
            18,
            23
        ],
        [
            23,
            18
        ],
        [
            11,
            19
        ],
        [
            19,
            11
        ],
        [
            23,
            19
        ],
        [
            19,
            23
        ],
        [
            8,
            27
        ],
        [
            27,
            8
        ],
        [
            28,
            9
        ],
        [
            9,
            28
        ],
        [
            18,
            19
        ],
        [
            19,
            18
        ],
        [
            23,
            11
        ],
        [
            11,
            23
        ],
        [
            11,
            6
        ],
        [
            6,
            11
        ],
        [
            19,
            6
        ],
        [
            6,
            19
        ],
        [
            27,
            6
        ],
        [
            6,
            27
        ],
        [
            4,
            5
        ],
        [
            5,
            4
        ],
        [
            22,
            11
        ],
        [
            11,
            22
        ],
        [
            22,
            28
        ],
        [
            28,
            22
        ],
        [
            1,
            3
        ],
        [
            3,
            1
        ],
        [
            12,
            13
        ],
        [
            13,
            12
        ],
        [
            3,
            13
        ],
        [
            13,
            3
        ],
        [
            1,
            10
        ],
        [
            10,
            1
        ],
        [
            1,
            13
        ],
        [
            13,
            1
        ],
        [
            3,
            12
        ],
        [
            12,
            3
        ],
        [
            23,
            2
        ],
        [
            2,
            23
        ],
        [
            16,
            21
        ],
        [
            21,
            16
        ],
        [
            2,
            21
        ],
        [
            21,
            2
        ],
        [
            23,
            21
        ],
        [
            21,
            23
        ],
        [
            25,
            9
        ],
        [
            9,
            25
        ],
        [
            7,
            26
        ],
        [
            26,
            7
        ],
        [
            24,
            15
        ],
        [
            15,
            24
        ],
        [
            14,
            17
        ],
        [
            17,
            14
        ],
        [
            10,
            0
        ],
        [
            0,
            10
        ],
        [
            3,
            20
        ],
        [
            20,
            3
        ],
        [
            0,
            0
        ],
        [
            1,
            1
        ],
        [
            2,
            2
        ],
        [
            3,
            3
        ],
        [
            4,
            4
        ],
        [
            5,
            5
        ],
        [
            6,
            6
        ],
        [
            7,
            7
        ],
        [
            8,
            8
        ],
        [
            9,
            9
        ],
        [
            10,
            10
        ],
        [
            11,
            11
        ],
        [
            12,
            12
        ],
        [
            13,
            13
        ],
        [
            14,
            14
        ],
        [
            15,
            15
        ],
        [
            16,
            16
        ],
        [
            17,
            17
        ],
        [
            18,
            18
        ],
        [
            19,
            19
        ],
        [
            20,
            20
        ],
        [
            21,
            21
        ],
        [
            22,
            22
        ],
        [
            23,
            23
        ],
        [
            24,
            24
        ],
        [
            25,
            25
        ],
        [
            26,
            26
        ],
        [
            27,
            27
        ],
        [
            28,
            28
        ]
    ],
    "similarity": 0.67
}