{
    "coords": [
        [
            45.545482798395106,
            63.50898784888444
        ],
        [
            23.72345437584314,
            28.341818319217566
        ],
        [
            72.7046950040362,
            28.302528687643598
        ],
        [
            18.010256356157576,
            61.58605165415144
        ],
        [
            68.03445280818947,
            62.90356365754859
        ],
        [
            87.0015711349439,
            45.84485182360526
        ],
        [
            22.52586907651951,
            49.07833470609024
        ],
        [
            67.6462248317854,
            47.169666959254855
        ],
        [
            42.0083781659039,
            27.80083632973385
        ]
    ],
    "edges": [
        [
            1,
            2
        ],
        [
            2,
            1
        ],
        [
            1,
            3
        ],
        [
            3,
            1
        ],
        [
            2,
            4
        ],
        [
            4,
            2
        ],
        [
            3,
            4
        ],
        [
            4,
            3
        ],
        [
            6,
            7
        ],
        [
            7,
            6
        ],
        [
            8,
            0
        ],
        [
            0,
            8
        ],
        [
            1,
            4
        ],
        [
            4,
            1
        ],
        [
            3,
            2
        ],
        [
            2,
            3
        ],
        [
            2,
            5
        ],
        [
            5,
            2
        ],
        [
            4,
            5
        ],
        [
            5,
            4
        ],
        [
            7,
            5
        ],
        [
            5,
            7
        ],
        [
            0,
            0
        ],
        [
            1,
            1
        ],
        [
            2,
            2
        ],
        [
            3,
            3
        ],
        [
            4,
            4
        ],
        [
            5,
            5
        ],
        [
            6,
            6
        ],
        [
            7,
            7
        ],
        [
            8,
            8
        ]
    ],
    "similarity": 0.21
}