{
    "coords": [
        [
            45.949750584560505,
            64.97957604676725
        ],
        [
            46.43775417157141,
            20.42768925833975
        ],
        [
            19.489668500942457,
            32.01330371616621
        ],
        [
            70.50627549454506,
            27.809979556679238
        ],
        [
            20.922637074639454,
            64.00821547345637
        ],
        [
            71.47212583346526,
            66.14945076520581
        ],
        [
            73.19354899520079,
            34.79723214444162
        ],
        [
            17.752512507284337,
            39.00733432921748
        ],
        [
            22.665672016657343,
            58.352713228950364
        ],
        [
            73.89360895835264,
            62.58444857154119
        ],
        [
            91.4768207765357,
            48.37895749133495
        ],
        [
            35.285907295294926,
            59.16093799363569
        ],
        [
            18.467023415522224,
            49.35581186854991
        ],
        [
            67.86769000659822,
            45.42563863589397
        ],
        [
            32.95861866412147,
            40.584062233588334
        ],
        [
            45.37849407422881,
            31.674756915210295
        ]
    ],
    "edges": [
        [
            2,
            3
        ],
        [
            3,
            2
        ],
        [
            2,
            4
        ],
        [
            4,
            2
        ],
        [
            3,
            5
        ],
        [
            5,
            3
        ],
        [
            4,
            5
        ],
        [
            5,
            4
        ],
        [
            12,
            13
        ],
        [
            13,
            12
        ],
        [
            15,
            0
        ],
        [
            0,
            15
        ],
        [
            2,
            5
        ],
        [
            5,
            2
        ],
        [
            4,
            3
        ],
        [
            3,
            4
        ],
        [
            3,
            10
        ],
        [
            10,
            3
        ],
        [
            5,
            10
        ],
        [
            10,
            5
        ],
        [
            13,
            10
        ],
        [
            10,
            13
        ],
        [
            6,
            9
        ],
        [
            9,
            6
        ],
        [
            1,
            3
        ],
        [
            3,
            1
        ],
        [
            1,
            15
        ],
        [
            15,
            1
        ],
        [
            7,
            14
        ],
        [
            14,
            7
        ],
        [
            8,
            11
        ],
        [
            11,
            8
        ],
        [
            0,
            0
        ],
        [
            1,
            1
        ],
        [
            2,
            2
        ],
        [
            3,
            3
        ],
        [
            4,
            4
        ],
        [
            5,
            5
        ],
        [
            6,
            6
        ],
        [
            7,
            7
        ],
        [
            8,
            8
        ],
        [
            9,
            9
        ],
        [
            10,
            10
        ],
        [
            11,
            11
        ],
        [
            12,
            12
        ],
        [
            13,
            13
        ],
        [
            14,
            14
        ],
        [
            15,
            15
        ]
    ],
    "similarity": 0.34
}