{
    "coords": [
        [
            45.06027584383201,
            67.23085683743034
        ],
        [
            20.861490352489042,
            31.259942527721048
        ],
        [
            68.70592196326692,
            26.5268994514987
        ],
        [
            16.73159332666355,
            65.84996295250035
        ],
        [
            68.09700116344827,
            66.2739754078919
        ],
        [
            18.350102588035572,
            44.56841180712885
        ],
        [
            70.98271096090899,
            45.122075239845046
        ],
        [
            47.86734615510738,
            32.88969979225021
        ]
    ],
    "edges": [
        [
            1,
            2
        ],
        [
            2,
            1
        ],
        [
            1,
            3
        ],
        [
            3,
            1
        ],
        [
            2,
            4
        ],
        [
            4,
            2
        ],
        [
            3,
            4
        ],
        [
            4,
            3
        ],
        [
            5,
            6
        ],
        [
            6,
            5
        ],
        [
            7,
            0
        ],
        [
            0,
            7
        ],
        [
            1,
            4
        ],
        [
            4,
            1
        ],
        [
            3,
            2
        ],
        [
            2,
            3
        ],
        [
            0,
            0
        ],
        [
            1,
            1
        ],
        [
            2,
            2
        ],
        [
            3,
            3
        ],
        [
            4,
            4
        ],
        [
            5,
            5
        ],
        [
            6,
            6
        ],
        [
            7,
            7
        ]
    ],
    "similarity": 0.16
}