{
    "coords": [
        [
            48.386187010463445,
            60.84192785451184
        ],
        [
            17.339257700885568,
            33.34666570121116
        ],
        [
            67.05628984033015,
            29.268834904096394
        ],
        [
            21.01531443990536,
            65.38727099802855
        ],
        [
            67.88123024373301,
            64.63783138197091
        ],
        [
            17.639460372801807,
            49.42590589525851
        ],
        [
            66.87276568162925,
            45.867339594282065
        ],
        [
            41.48082649698176,
            26.162979011047106
        ]
    ],
    "edges": [
        [
            1,
            2
        ],
        [
            2,
            1
        ],
        [
            1,
            3
        ],
        [
            3,
            1
        ],
        [
            2,
            4
        ],
        [
            4,
            2
        ],
        [
            3,
            4
        ],
        [
            4,
            3
        ],
        [
            5,
            6
        ],
        [
            6,
            5
        ],
        [
            7,
            0
        ],
        [
            0,
            7
        ],
        [
            1,
            4
        ],
        [
            4,
            1
        ],
        [
            3,
            2
        ],
        [
            2,
            3
        ],
        [
            0,
            0
        ],
        [
            1,
            1
        ],
        [
            2,
            2
        ],
        [
            3,
            3
        ],
        [
            4,
            4
        ],
        [
            5,
            5
        ],
        [
            6,
            6
        ],
        [
            7,
            7
        ]
    ],
    "similarity": 0.15
}