{
    "coords": [
        [
            47.45783865493622,
            67.07111101153592
        ],
        [
            43.02842799883979,
            22.30104988207578
        ],
        [
            17.368904394462334,
            31.015091575700723
        ],
        [
            72.28988169438088,
            30.45920879239754
        ],
        [
            19.168398260090783,
            64.99412416042931
        ],
        [
            70.66392263405464,
            63.64992971059665
        ],
        [
            73.82017694669437,
            35.83814669260265
        ],
        [
            18.3883325844329,
            36.54858624467841
        ],
        [
            18.475091057725674,
            55.22245234808639
        ],
        [
            73.82323873812413,
            58.635805844513
        ],
        [
            91.26992177138638,
            46.84551471413681
        ],
        [
            30.52289264384967,
            53.65836380815283
        ],
        [
            32.85393068891348,
            37.796674310119144
        ],
        [
            20.66024754210937,
            49.806334876019044
        ],
        [
            70.02988646221746,
            50.052133425720015
        ],
        [
            43.123919017078435,
            27.419151197625656
        ]
    ],
    "edges": [
        [
            2,
            3
        ],
        [
            3,
            2
        ],
        [
            2,
            4
        ],
        [
            4,
            2
        ],
        [
            3,
            5
        ],
        [
            5,
            3
        ],
        [
            4,
            5
        ],
        [
            5,
            4
        ],
        [
            13,
            14
        ],
        [
            14,
            13
        ],
        [
            15,
            0
        ],
        [
            0,
            15
        ],
        [
            2,
            5
        ],
        [
            5,
            2
        ],
        [
            4,
            3
        ],
        [
            3,
            4
        ],
        [
            3,
            10
        ],
        [
            10,
            3
        ],
        [
            5,
            10
        ],
        [
            10,
            5
        ],
        [
            14,
            10
        ],
        [
            10,
            14
        ],
        [
            6,
            9
        ],
        [
            9,
            6
        ],
        [
            1,
            3
        ],
        [
            3,
            1
        ],
        [
            1,
            15
        ],
        [
            15,
            1
        ],
        [
            7,
            12
        ],
        [
            12,
            7
        ],
        [
            8,
            11
        ],
        [
            11,
            8
        ],
        [
            12,
            11
        ],
        [
            11,
            12
        ],
        [
            7,
            12
        ],
        [
            12,
            7
        ],
        [
            7,
            11
        ],
        [
            11,
            7
        ],
        [
            12,
            8
        ],
        [
            8,
            12
        ],
        [
            0,
            0
        ],
        [
            1,
            1
        ],
        [
            2,
            2
        ],
        [
            3,
            3
        ],
        [
            4,
            4
        ],
        [
            5,
            5
        ],
        [
            6,
            6
        ],
        [
            7,
            7
        ],
        [
            8,
            8
        ],
        [
            9,
            9
        ],
        [
            10,
            10
        ],
        [
            11,
            11
        ],
        [
            12,
            12
        ],
        [
            13,
            13
        ],
        [
            14,
            14
        ],
        [
            15,
            15
        ]
    ],
    "similarity": 0.43
}