{
    "coords": [
        [
            44.48115315477985,
            38.019400150598315
        ],
        [
            18.486456029240976,
            39.38009936914663
        ],
        [
            21.330309113924198,
            74.54377988922198
        ],
        [
            33.96827991325347,
            39.98746193724533
        ],
        [
            77.13217740945595,
            35.95348509520277
        ],
        [
            74.50944225434756,
            58.95908367769596
        ],
        [
            89.49748578225775,
            48.315672753019165
        ],
        [
            29.08346200528931,
            68.83504830868486
        ],
        [
            19.005502689676288,
            46.130475422522835
        ],
        [
            43.96044926054185,
            66.47129475990168
        ],
        [
            28.689799847687507,
            37.4537615644094
        ],
        [
            69.83908700747408,
            30.094742368852753
        ],
        [
            19.67502037517024,
            56.54815577656758
        ],
        [
            34.18779840399987,
            54.34741614178846
        ],
        [
            25.0479951401507,
            34.61118354628862
        ],
        [
            61.15294651774462,
            72.02835136022652
        ],
        [
            30.133426046913524,
            64.8055111279151
        ],
        [
            43.48020208897046,
            33.46081244822186
        ],
        [
            19.708177713680914,
            31.185778466659492
        ],
        [
            69.44005114845703,
            63.8110715909381
        ],
        [
            46.113690640442876,
            38.83781893741521
        ],
        [
            29.29776060465052,
            76.26899370989655
        ],
        [
            44.65632367640609,
            18.781350701397017
        ],
        [
            19.874115730119826,
            65.46514908162278
        ],
        [
            59.556864989391975,
            66.37848155142004
        ],
        [
            45.440942865396956,
            68.6744085847727
        ],
        [
            63.38781578676521,
            70.76054686015746
        ],
        [
            70.38693681376833,
            48.287160388428596
        ],
        [
            46.13777071812735,
            29.447355543107168
        ]
    ],
    "edges": [
        [
            18,
            11
        ],
        [
            11,
            18
        ],
        [
            18,
            23
        ],
        [
            23,
            18
        ],
        [
            11,
            19
        ],
        [
            19,
            11
        ],
        [
            23,
            19
        ],
        [
            19,
            23
        ],
        [
            8,
            27
        ],
        [
            27,
            8
        ],
        [
            28,
            9
        ],
        [
            9,
            28
        ],
        [
            18,
            19
        ],
        [
            19,
            18
        ],
        [
            23,
            11
        ],
        [
            11,
            23
        ],
        [
            11,
            6
        ],
        [
            6,
            11
        ],
        [
            19,
            6
        ],
        [
            6,
            19
        ],
        [
            27,
            6
        ],
        [
            6,
            27
        ],
        [
            4,
            5
        ],
        [
            5,
            4
        ],
        [
            22,
            11
        ],
        [
            11,
            22
        ],
        [
            22,
            28
        ],
        [
            28,
            22
        ],
        [
            1,
            3
        ],
        [
            3,
            1
        ],
        [
            12,
            13
        ],
        [
            13,
            12
        ],
        [
            3,
            13
        ],
        [
            13,
            3
        ],
        [
            1,
            10
        ],
        [
            10,
            1
        ],
        [
            1,
            13
        ],
        [
            13,
            1
        ],
        [
            3,
            12
        ],
        [
            12,
            3
        ],
        [
            23,
            2
        ],
        [
            2,
            23
        ],
        [
            16,
            21
        ],
        [
            21,
            16
        ],
        [
            2,
            21
        ],
        [
            21,
            2
        ],
        [
            23,
            21
        ],
        [
            21,
            23
        ],
        [
            25,
            9
        ],
        [
            9,
            25
        ],
        [
            7,
            26
        ],
        [
            26,
            7
        ],
        [
            24,
            15
        ],
        [
            15,
            24
        ],
        [
            14,
            17
        ],
        [
            17,
            14
        ],
        [
            10,
            0
        ],
        [
            0,
            10
        ],
        [
            3,
            20
        ],
        [
            20,
            3
        ],
        [
            0,
            0
        ],
        [
            1,
            1
        ],
        [
            2,
            2
        ],
        [
            3,
            3
        ],
        [
            4,
            4
        ],
        [
            5,
            5
        ],
        [
            6,
            6
        ],
        [
            7,
            7
        ],
        [
            8,
            8
        ],
        [
            9,
            9
        ],
        [
            10,
            10
        ],
        [
            11,
            11
        ],
        [
            12,
            12
        ],
        [
            13,
            13
        ],
        [
            14,
            14
        ],
        [
            15,
            15
        ],
        [
            16,
            16
        ],
        [
            17,
            17
        ],
        [
            18,
            18
        ],
        [
            19,
            19
        ],
        [
            20,
            20
        ],
        [
            21,
            21
        ],
        [
            22,
            22
        ],
        [
            23,
            23
        ],
        [
            24,
            24
        ],
        [
            25,
            25
        ],
        [
            26,
            26
        ],
        [
            27,
            27
        ],
        [
            28,
            28
        ]
    ],
    "similarity": 0.66
}