{
    "coords": [
        [
            18.946686211778122,
            68.51608886943973
        ],
        [
            69.54293687003573,
            67.17867354421348
        ],
        [
            17.078122840134377,
            32.735293869766764
        ],
        [
            71.16499153318942,
            31.694136461959513
        ]
    ],
    "edges": [
        [
            2,
            3
        ],
        [
            3,
            2
        ],
        [
            2,
            0
        ],
        [
            0,
            2
        ],
        [
            3,
            1
        ],
        [
            1,
            3
        ],
        [
            0,
            1
        ],
        [
            1,
            0
        ],
        [
            0,
            0
        ],
        [
            1,
            1
        ],
        [
            2,
            2
        ],
        [
            3,
            3
        ]
    ],
    "similarity": 0.09
}