{
    "coords": [
        [
            20.224301563168975,
            38.573524281534134
        ],
        [
            21.926697423959954,
            74.74446965657735
        ],
        [
            74.53967546982662,
            36.985232653318015
        ],
        [
            77.05782176074115,
            60.446284453492545
        ],
        [
            89.05753830168416,
            47.27050512916388
        ],
        [
            20.236074446150806,
            48.423903203570575
        ],
        [
            46.24343890231975,
            67.2318052191018
        ],
        [
            68.50394550457584,
            31.128744466193723
        ],
        [
            21.243678020137423,
            55.94894021478123
        ],
        [
            34.32143137593616,
            57.67757761647307
        ],
        [
            30.995727710582553,
            37.15093241078203
        ],
        [
            31.474004511129863,
            64.85124859151951
        ],
        [
            21.23148608585565,
            29.761427241368615
        ],
        [
            68.20081684666215,
            62.816117856976675
        ],
        [
            30.812100539109775,
            74.28840989116046
        ],
        [
            44.276123981645135,
            22.196149361881872
        ],
        [
            21.603004951750414,
            64.16159459412887
        ],
        [
            71.09513865626222,
            48.31290810093425
        ],
        [
            45.214144913516485,
            27.97462502073239
        ]
    ],
    "edges": [
        [
            12,
            7
        ],
        [
            7,
            12
        ],
        [
            12,
            16
        ],
        [
            16,
            12
        ],
        [
            7,
            13
        ],
        [
            13,
            7
        ],
        [
            16,
            13
        ],
        [
            13,
            16
        ],
        [
            5,
            17
        ],
        [
            17,
            5
        ],
        [
            18,
            6
        ],
        [
            6,
            18
        ],
        [
            12,
            13
        ],
        [
            13,
            12
        ],
        [
            16,
            7
        ],
        [
            7,
            16
        ],
        [
            7,
            4
        ],
        [
            4,
            7
        ],
        [
            13,
            4
        ],
        [
            4,
            13
        ],
        [
            17,
            4
        ],
        [
            4,
            17
        ],
        [
            2,
            3
        ],
        [
            3,
            2
        ],
        [
            15,
            7
        ],
        [
            7,
            15
        ],
        [
            15,
            18
        ],
        [
            18,
            15
        ],
        [
            0,
            10
        ],
        [
            10,
            0
        ],
        [
            8,
            9
        ],
        [
            9,
            8
        ],
        [
            10,
            9
        ],
        [
            9,
            10
        ],
        [
            0,
            10
        ],
        [
            10,
            0
        ],
        [
            0,
            9
        ],
        [
            9,
            0
        ],
        [
            10,
            8
        ],
        [
            8,
            10
        ],
        [
            16,
            1
        ],
        [
            1,
            16
        ],
        [
            11,
            14
        ],
        [
            14,
            11
        ],
        [
            1,
            14
        ],
        [
            14,
            1
        ],
        [
            16,
            14
        ],
        [
            14,
            16
        ],
        [
            0,
            0
        ],
        [
            1,
            1
        ],
        [
            2,
            2
        ],
        [
            3,
            3
        ],
        [
            4,
            4
        ],
        [
            5,
            5
        ],
        [
            6,
            6
        ],
        [
            7,
            7
        ],
        [
            8,
            8
        ],
        [
            9,
            9
        ],
        [
            10,
            10
        ],
        [
            11,
            11
        ],
        [
            12,
            12
        ],
        [
            13,
            13
        ],
        [
            14,
            14
        ],
        [
            15,
            15
        ],
        [
            16,
            16
        ],
        [
            17,
            17
        ],
        [
            18,
            18
        ]
    ],
    "similarity": 0.55
}