{
    "coords": [
        [
            41.07014580845187,
            65.23241861020772
        ],
        [
            20.970877784432666,
            34.082382303807094
        ],
        [
            67.69155137259516,
            26.204469349071026
        ],
        [
            17.82223207306823,
            66.17921534295567
        ],
        [
            70.5336325526688,
            68.16637913113387
        ],
        [
            22.731024356704655,
            50.26901651988908
        ],
        [
            69.00108527622722,
            51.54579133368655
        ],
        [
            41.03460334852247,
            32.70681905452981
        ]
    ],
    "edges": [
        [
            1,
            2
        ],
        [
            2,
            1
        ],
        [
            1,
            3
        ],
        [
            3,
            1
        ],
        [
            2,
            4
        ],
        [
            4,
            2
        ],
        [
            3,
            4
        ],
        [
            4,
            3
        ],
        [
            5,
            6
        ],
        [
            6,
            5
        ],
        [
            7,
            0
        ],
        [
            0,
            7
        ],
        [
            1,
            4
        ],
        [
            4,
            1
        ],
        [
            3,
            2
        ],
        [
            2,
            3
        ],
        [
            0,
            0
        ],
        [
            1,
            1
        ],
        [
            2,
            2
        ],
        [
            3,
            3
        ],
        [
            4,
            4
        ],
        [
            5,
            5
        ],
        [
            6,
            6
        ],
        [
            7,
            7
        ]
    ],
    "similarity": 0.11
}