{
    "coords": [
        [
            21.15339281846952,
            74.93211171049131
        ],
        [
            75.75394092984313,
            34.107918864498025
        ],
        [
            74.69196360439459,
            59.43810825060202
        ],
        [
            89.78350989131665,
            46.49486029314874
        ],
        [
            18.965600805492514,
            46.19716998180334
        ],
        [
            45.36527591417447,
            66.21612098948336
        ],
        [
            31.36605159442102,
            37.565476369041974
        ],
        [
            68.71555460245409,
            31.36146827675705
        ],
        [
            29.41612179655218,
            58.02506477820777
        ],
        [
            30.52433443703798,
            63.91906056872153
        ],
        [
            21.295606288312353,
            30.52049257342681
        ],
        [
            70.78419788995907,
            64.27574953393385
        ],
        [
            19.88493548866581,
            37.97005232125657
        ],
        [
            30.903762790790793,
            73.98583692900655
        ],
        [
            18.80689370163776,
            58.03234078065438
        ],
        [
            45.153640425051336,
            20.615419821131074
        ],
        [
            20.553501848862084,
            63.975360476937844
        ],
        [
            69.22484636661815,
            48.172846745762754
        ],
        [
            44.869938482572366,
            30.299902777516788
        ]
    ],
    "edges": [
        [
            10,
            7
        ],
        [
            7,
            10
        ],
        [
            10,
            16
        ],
        [
            16,
            10
        ],
        [
            7,
            11
        ],
        [
            11,
            7
        ],
        [
            16,
            11
        ],
        [
            11,
            16
        ],
        [
            4,
            17
        ],
        [
            17,
            4
        ],
        [
            18,
            5
        ],
        [
            5,
            18
        ],
        [
            10,
            11
        ],
        [
            11,
            10
        ],
        [
            16,
            7
        ],
        [
            7,
            16
        ],
        [
            7,
            3
        ],
        [
            3,
            7
        ],
        [
            11,
            3
        ],
        [
            3,
            11
        ],
        [
            17,
            3
        ],
        [
            3,
            17
        ],
        [
            1,
            2
        ],
        [
            2,
            1
        ],
        [
            15,
            7
        ],
        [
            7,
            15
        ],
        [
            15,
            18
        ],
        [
            18,
            15
        ],
        [
            12,
            6
        ],
        [
            6,
            12
        ],
        [
            14,
            8
        ],
        [
            8,
            14
        ],
        [
            6,
            8
        ],
        [
            8,
            6
        ],
        [
            12,
            8
        ],
        [
            8,
            12
        ],
        [
            6,
            14
        ],
        [
            14,
            6
        ],
        [
            16,
            0
        ],
        [
            0,
            16
        ],
        [
            9,
            13
        ],
        [
            13,
            9
        ],
        [
            0,
            0
        ],
        [
            1,
            1
        ],
        [
            2,
            2
        ],
        [
            3,
            3
        ],
        [
            4,
            4
        ],
        [
            5,
            5
        ],
        [
            6,
            6
        ],
        [
            7,
            7
        ],
        [
            8,
            8
        ],
        [
            9,
            9
        ],
        [
            10,
            10
        ],
        [
            11,
            11
        ],
        [
            12,
            12
        ],
        [
            13,
            13
        ],
        [
            14,
            14
        ],
        [
            15,
            15
        ],
        [
            16,
            16
        ],
        [
            17,
            17
        ],
        [
            18,
            18
        ]
    ],
    "similarity": 0.72
}