{
    "coords": [
        [
            44.47208557532436,
            35.696959828724424
        ],
        [
            21.092713763848064,
            38.03463320200142
        ],
        [
            18.56679274811785,
            75.76031539771338
        ],
        [
            32.488324017920505,
            39.92281820281805
        ],
        [
            74.76892773838556,
            33.62695457932411
        ],
        [
            76.28980889143185,
            60.551639230728796
        ],
        [
            89.47615009220827,
            46.843543733569575
        ],
        [
            30.37626620156611,
            68.62865755361625
        ],
        [
            19.833701992618884,
            46.50074056543966
        ],
        [
            44.09935264692089,
            66.57614685774067
        ],
        [
            30.96259974275815,
            36.80761062744074
        ],
        [
            71.5542210210513,
            30.545209442145616
        ],
        [
            20.519454218624166,
            57.26461306455486
        ],
        [
            32.797035709055166,
            57.56817579317391
        ],
        [
            25.690915420092754,
            34.673396922044034
        ],
        [
            60.66902528552637,
            72.42134478663014
        ],
        [
            29.21424003454794,
            66.39485073699399
        ],
        [
            45.545315439397314,
            34.26371168577428
        ],
        [
            18.544390407470715,
            31.187388008253805
        ],
        [
            71.32278485354668,
            64.61594574042222
        ],
        [
            44.398440258660806,
            39.32610001583191
        ],
        [
            29.521820021699906,
            74.33071915270843
        ],
        [
            46.11775536066375,
            19.43073031424105
        ],
        [
            20.92389294372084,
            66.25495039053521
        ],
        [
            59.438486223700394,
            67.64294847975216
        ],
        [
            45.25086177577632,
            70.91340531654818
        ],
        [
            63.885472997379665,
            69.03774399324031
        ],
        [
            68.7945638518085,
            48.06253591854143
        ],
        [
            44.07824218464303,
            30.875617089252046
        ]
    ],
    "edges": [
        [
            18,
            11
        ],
        [
            11,
            18
        ],
        [
            18,
            23
        ],
        [
            23,
            18
        ],
        [
            11,
            19
        ],
        [
            19,
            11
        ],
        [
            23,
            19
        ],
        [
            19,
            23
        ],
        [
            8,
            27
        ],
        [
            27,
            8
        ],
        [
            28,
            9
        ],
        [
            9,
            28
        ],
        [
            18,
            19
        ],
        [
            19,
            18
        ],
        [
            23,
            11
        ],
        [
            11,
            23
        ],
        [
            11,
            6
        ],
        [
            6,
            11
        ],
        [
            19,
            6
        ],
        [
            6,
            19
        ],
        [
            27,
            6
        ],
        [
            6,
            27
        ],
        [
            4,
            5
        ],
        [
            5,
            4
        ],
        [
            22,
            11
        ],
        [
            11,
            22
        ],
        [
            22,
            28
        ],
        [
            28,
            22
        ],
        [
            1,
            3
        ],
        [
            3,
            1
        ],
        [
            12,
            13
        ],
        [
            13,
            12
        ],
        [
            3,
            13
        ],
        [
            13,
            3
        ],
        [
            1,
            10
        ],
        [
            10,
            1
        ],
        [
            1,
            13
        ],
        [
            13,
            1
        ],
        [
            3,
            12
        ],
        [
            12,
            3
        ],
        [
            23,
            2
        ],
        [
            2,
            23
        ],
        [
            16,
            21
        ],
        [
            21,
            16
        ],
        [
            2,
            21
        ],
        [
            21,
            2
        ],
        [
            23,
            21
        ],
        [
            21,
            23
        ],
        [
            25,
            9
        ],
        [
            9,
            25
        ],
        [
            7,
            26
        ],
        [
            26,
            7
        ],
        [
            24,
            15
        ],
        [
            15,
            24
        ],
        [
            14,
            17
        ],
        [
            17,
            14
        ],
        [
            10,
            0
        ],
        [
            0,
            10
        ],
        [
            3,
            20
        ],
        [
            20,
            3
        ],
        [
            0,
            0
        ],
        [
            1,
            1
        ],
        [
            2,
            2
        ],
        [
            3,
            3
        ],
        [
            4,
            4
        ],
        [
            5,
            5
        ],
        [
            6,
            6
        ],
        [
            7,
            7
        ],
        [
            8,
            8
        ],
        [
            9,
            9
        ],
        [
            10,
            10
        ],
        [
            11,
            11
        ],
        [
            12,
            12
        ],
        [
            13,
            13
        ],
        [
            14,
            14
        ],
        [
            15,
            15
        ],
        [
            16,
            16
        ],
        [
            17,
            17
        ],
        [
            18,
            18
        ],
        [
            19,
            19
        ],
        [
            20,
            20
        ],
        [
            21,
            21
        ],
        [
            22,
            22
        ],
        [
            23,
            23
        ],
        [
            24,
            24
        ],
        [
            25,
            25
        ],
        [
            26,
            26
        ],
        [
            27,
            27
        ],
        [
            28,
            28
        ]
    ],
    "similarity": 0.68
}