{
    "coords": [
        [
            19.010510827311837,
            36.63921658802851
        ],
        [
            20.27466480657845,
            76.37652453210185
        ],
        [
            77.07895486315795,
            34.385509414290716
        ],
        [
            76.62853379740957,
            58.785813034737714
        ],
        [
            89.10052058952529,
            46.10622969531026
        ],
        [
            28.472278800345325,
            68.15085301482605
        ],
        [
            19.104532835411984,
            46.571201862437384
        ],
        [
            46.02153262483996,
            66.44963611470288
        ],
        [
            69.38630220940044,
            29.952942762015628
        ],
        [
            19.32170741505562,
            57.76585197008998
        ],
        [
            34.1090575617105,
            56.7861554028893
        ],
        [
            30.704531773681964,
            37.419222947308576
        ],
        [
            23.813163147797827,
            35.374664528090264
        ],
        [
            59.058533046492315,
            71.01095681037434
        ],
        [
            28.690691872590186,
            64.07508925626043
        ],
        [
            43.02708278587559,
            34.69461051627098
        ],
        [
            21.826509264073437,
            28.659429724784673
        ],
        [
            69.94355952949016,
            64.82890291810648
        ],
        [
            31.718082925481994,
            76.28746367399276
        ],
        [
            45.69047733897462,
            21.863406112193243
        ],
        [
            19.4414260767554,
            65.69495947080807
        ],
        [
            61.92952656890577,
            66.1961467767365
        ],
        [
            45.33169770615819,
            68.34088330603593
        ],
        [
            63.39628428664474,
            71.3371872133433
        ],
        [
            70.07627277914042,
            49.062061418897926
        ],
        [
            44.94592202867999,
            28.44617740529495
        ]
    ],
    "edges": [
        [
            16,
            8
        ],
        [
            8,
            16
        ],
        [
            16,
            20
        ],
        [
            20,
            16
        ],
        [
            8,
            17
        ],
        [
            17,
            8
        ],
        [
            20,
            17
        ],
        [
            17,
            20
        ],
        [
            6,
            24
        ],
        [
            24,
            6
        ],
        [
            25,
            7
        ],
        [
            7,
            25
        ],
        [
            16,
            17
        ],
        [
            17,
            16
        ],
        [
            20,
            8
        ],
        [
            8,
            20
        ],
        [
            8,
            4
        ],
        [
            4,
            8
        ],
        [
            17,
            4
        ],
        [
            4,
            17
        ],
        [
            24,
            4
        ],
        [
            4,
            24
        ],
        [
            2,
            3
        ],
        [
            3,
            2
        ],
        [
            19,
            8
        ],
        [
            8,
            19
        ],
        [
            19,
            25
        ],
        [
            25,
            19
        ],
        [
            0,
            11
        ],
        [
            11,
            0
        ],
        [
            9,
            10
        ],
        [
            10,
            9
        ],
        [
            11,
            10
        ],
        [
            10,
            11
        ],
        [
            0,
            11
        ],
        [
            11,
            0
        ],
        [
            0,
            10
        ],
        [
            10,
            0
        ],
        [
            11,
            9
        ],
        [
            9,
            11
        ],
        [
            20,
            1
        ],
        [
            1,
            20
        ],
        [
            14,
            18
        ],
        [
            18,
            14
        ],
        [
            1,
            18
        ],
        [
            18,
            1
        ],
        [
            20,
            18
        ],
        [
            18,
            20
        ],
        [
            22,
            7
        ],
        [
            7,
            22
        ],
        [
            5,
            23
        ],
        [
            23,
            5
        ],
        [
            21,
            13
        ],
        [
            13,
            21
        ],
        [
            12,
            15
        ],
        [
            15,
            12
        ],
        [
            0,
            0
        ],
        [
            1,
            1
        ],
        [
            2,
            2
        ],
        [
            3,
            3
        ],
        [
            4,
            4
        ],
        [
            5,
            5
        ],
        [
            6,
            6
        ],
        [
            7,
            7
        ],
        [
            8,
            8
        ],
        [
            9,
            9
        ],
        [
            10,
            10
        ],
        [
            11,
            11
        ],
        [
            12,
            12
        ],
        [
            13,
            13
        ],
        [
            14,
            14
        ],
        [
            15,
            15
        ],
        [
            16,
            16
        ],
        [
            17,
            17
        ],
        [
            18,
            18
        ],
        [
            19,
            19
        ],
        [
            20,
            20
        ],
        [
            21,
            21
        ],
        [
            22,
            22
        ],
        [
            23,
            23
        ],
        [
            24,
            24
        ],
        [
            25,
            25
        ]
    ],
    "similarity": 0.58
}