{
    "coords": [
        [
            22.137162821524527,
            36.83104419285368
        ],
        [
            19.32618763824276,
            74.68496647136092
        ],
        [
            74.06321244855764,
            36.23837343293823
        ],
        [
            77.71519937923608,
            58.752382194865575
        ],
        [
            91.14594906541677,
            49.16750212421448
        ],
        [
            20.644810098167877,
            46.42191430871143
        ],
        [
            45.845727169501686,
            64.13483100047793
        ],
        [
            68.52364693191059,
            29.421488411981176
        ],
        [
            18.696483693724396,
            56.334402183820586
        ],
        [
            32.299735824984595,
            58.34598484121871
        ],
        [
            33.966473179404744,
            35.918660860260054
        ],
        [
            29.399110953878008,
            62.69476817372857
        ],
        [
            19.44858305893608,
            30.513463885797215
        ],
        [
            68.29008947507043,
            64.3475940686609
        ],
        [
            31.985139032120436,
            73.336966665481
        ],
        [
            46.228882723793774,
            21.568944885320466
        ],
        [
            21.451004881176416,
            62.91108729827025
        ],
        [
            68.54901509592042,
            45.34381754356206
        ],
        [
            45.52965525341895,
            30.500159921327352
        ]
    ],
    "edges": [
        [
            12,
            7
        ],
        [
            7,
            12
        ],
        [
            12,
            16
        ],
        [
            16,
            12
        ],
        [
            7,
            13
        ],
        [
            13,
            7
        ],
        [
            16,
            13
        ],
        [
            13,
            16
        ],
        [
            5,
            17
        ],
        [
            17,
            5
        ],
        [
            18,
            6
        ],
        [
            6,
            18
        ],
        [
            12,
            13
        ],
        [
            13,
            12
        ],
        [
            16,
            7
        ],
        [
            7,
            16
        ],
        [
            7,
            4
        ],
        [
            4,
            7
        ],
        [
            13,
            4
        ],
        [
            4,
            13
        ],
        [
            17,
            4
        ],
        [
            4,
            17
        ],
        [
            2,
            3
        ],
        [
            3,
            2
        ],
        [
            15,
            7
        ],
        [
            7,
            15
        ],
        [
            15,
            18
        ],
        [
            18,
            15
        ],
        [
            0,
            10
        ],
        [
            10,
            0
        ],
        [
            8,
            9
        ],
        [
            9,
            8
        ],
        [
            10,
            9
        ],
        [
            9,
            10
        ],
        [
            0,
            10
        ],
        [
            10,
            0
        ],
        [
            0,
            9
        ],
        [
            9,
            0
        ],
        [
            10,
            8
        ],
        [
            8,
            10
        ],
        [
            16,
            1
        ],
        [
            1,
            16
        ],
        [
            11,
            14
        ],
        [
            14,
            11
        ],
        [
            1,
            14
        ],
        [
            14,
            1
        ],
        [
            16,
            14
        ],
        [
            14,
            16
        ],
        [
            0,
            0
        ],
        [
            1,
            1
        ],
        [
            2,
            2
        ],
        [
            3,
            3
        ],
        [
            4,
            4
        ],
        [
            5,
            5
        ],
        [
            6,
            6
        ],
        [
            7,
            7
        ],
        [
            8,
            8
        ],
        [
            9,
            9
        ],
        [
            10,
            10
        ],
        [
            11,
            11
        ],
        [
            12,
            12
        ],
        [
            13,
            13
        ],
        [
            14,
            14
        ],
        [
            15,
            15
        ],
        [
            16,
            16
        ],
        [
            17,
            17
        ],
        [
            18,
            18
        ]
    ],
    "similarity": 0.53
}