{
    "coords": [
        [
            47.7212020453066,
            63.146619472900305
        ],
        [
            47.040013376966506,
            17.97096734451874
        ],
        [
            20.644359681503627,
            32.14448614025798
        ],
        [
            68.55404468415523,
            31.549458848251906
        ],
        [
            17.649589408758132,
            62.46740359546014
        ],
        [
            68.37824920753857,
            67.73099519230331
        ],
        [
            73.12415443935066,
            33.080163892689136
        ],
        [
            21.986402214711205,
            37.212026831965005
        ],
        [
            20.303706869988822,
            55.47558092229454
        ],
        [
            77.83603632221886,
            58.39257662388779
        ],
        [
            91.31581978088094,
            48.21753017386411
        ],
        [
            30.85341683027228,
            57.53640162458406
        ],
        [
            33.16559912029038,
            36.207191582620354
        ],
        [
            21.563137408355107,
            46.47199123074383
        ],
        [
            68.00029560417171,
            49.18251315138092
        ],
        [
            46.8794283810946,
            31.760667435817155
        ]
    ],
    "edges": [
        [
            2,
            3
        ],
        [
            3,
            2
        ],
        [
            2,
            4
        ],
        [
            4,
            2
        ],
        [
            3,
            5
        ],
        [
            5,
            3
        ],
        [
            4,
            5
        ],
        [
            5,
            4
        ],
        [
            13,
            14
        ],
        [
            14,
            13
        ],
        [
            15,
            0
        ],
        [
            0,
            15
        ],
        [
            2,
            5
        ],
        [
            5,
            2
        ],
        [
            4,
            3
        ],
        [
            3,
            4
        ],
        [
            3,
            10
        ],
        [
            10,
            3
        ],
        [
            5,
            10
        ],
        [
            10,
            5
        ],
        [
            14,
            10
        ],
        [
            10,
            14
        ],
        [
            6,
            9
        ],
        [
            9,
            6
        ],
        [
            1,
            3
        ],
        [
            3,
            1
        ],
        [
            1,
            15
        ],
        [
            15,
            1
        ],
        [
            7,
            12
        ],
        [
            12,
            7
        ],
        [
            8,
            11
        ],
        [
            11,
            8
        ],
        [
            12,
            11
        ],
        [
            11,
            12
        ],
        [
            7,
            12
        ],
        [
            12,
            7
        ],
        [
            7,
            11
        ],
        [
            11,
            7
        ],
        [
            12,
            8
        ],
        [
            8,
            12
        ],
        [
            0,
            0
        ],
        [
            1,
            1
        ],
        [
            2,
            2
        ],
        [
            3,
            3
        ],
        [
            4,
            4
        ],
        [
            5,
            5
        ],
        [
            6,
            6
        ],
        [
            7,
            7
        ],
        [
            8,
            8
        ],
        [
            9,
            9
        ],
        [
            10,
            10
        ],
        [
            11,
            11
        ],
        [
            12,
            12
        ],
        [
            13,
            13
        ],
        [
            14,
            14
        ],
        [
            15,
            15
        ]
    ],
    "similarity": 0.45
}