{
    "coords": [
        [
            42.68758858465622,
            66.92531001206537
        ],
        [
            43.430995806598396,
            21.893507418577812
        ],
        [
            19.729657899234088,
            29.600684469226735
        ],
        [
            70.17868987762003,
            27.703021261331177
        ],
        [
            19.70007410755623,
            63.273694330250024
        ],
        [
            68.23175696878403,
            65.38556923214905
        ],
        [
            75.11562613819062,
            37.138115479749395
        ],
        [
            23.063449742038298,
            38.170069246715975
        ],
        [
            18.462096527538723,
            56.65278049186731
        ],
        [
            75.09985016649168,
            59.92418019740021
        ],
        [
            90.18757363896195,
            49.29712569003636
        ],
        [
            32.50607416708448,
            56.96690390093454
        ],
        [
            31.94597423806406,
            36.319719681383546
        ],
        [
            18.530301079532414,
            46.45009502702213
        ],
        [
            68.05326492700715,
            50.2994388471143
        ],
        [
            47.75258026105135,
            29.044450710081456
        ]
    ],
    "edges": [
        [
            2,
            3
        ],
        [
            3,
            2
        ],
        [
            2,
            4
        ],
        [
            4,
            2
        ],
        [
            3,
            5
        ],
        [
            5,
            3
        ],
        [
            4,
            5
        ],
        [
            5,
            4
        ],
        [
            13,
            14
        ],
        [
            14,
            13
        ],
        [
            15,
            0
        ],
        [
            0,
            15
        ],
        [
            2,
            5
        ],
        [
            5,
            2
        ],
        [
            4,
            3
        ],
        [
            3,
            4
        ],
        [
            3,
            10
        ],
        [
            10,
            3
        ],
        [
            5,
            10
        ],
        [
            10,
            5
        ],
        [
            14,
            10
        ],
        [
            10,
            14
        ],
        [
            6,
            9
        ],
        [
            9,
            6
        ],
        [
            1,
            3
        ],
        [
            3,
            1
        ],
        [
            1,
            15
        ],
        [
            15,
            1
        ],
        [
            7,
            12
        ],
        [
            12,
            7
        ],
        [
            8,
            11
        ],
        [
            11,
            8
        ],
        [
            12,
            11
        ],
        [
            11,
            12
        ],
        [
            7,
            12
        ],
        [
            12,
            7
        ],
        [
            0,
            0
        ],
        [
            1,
            1
        ],
        [
            2,
            2
        ],
        [
            3,
            3
        ],
        [
            4,
            4
        ],
        [
            5,
            5
        ],
        [
            6,
            6
        ],
        [
            7,
            7
        ],
        [
            8,
            8
        ],
        [
            9,
            9
        ],
        [
            10,
            10
        ],
        [
            11,
            11
        ],
        [
            12,
            12
        ],
        [
            13,
            13
        ],
        [
            14,
            14
        ],
        [
            15,
            15
        ]
    ],
    "similarity": 0.38
}