{
    "coords": [
        [
            47.54722283729519,
            66.43921861415527
        ],
        [
            42.3167319243173,
            19.914951336771576
        ],
        [
            22.628921678330382,
            30.479100867667583
        ],
        [
            66.95304810478486,
            26.954459288595643
        ],
        [
            19.39196586668898,
            63.225110687110956
        ],
        [
            68.28693192131614,
            64.50393543678386
        ],
        [
            77.12392097967354,
            38.171856385513635
        ],
        [
            19.349757892123296,
            42.33894373337273
        ],
        [
            19.390239203421654,
            56.86187033464442
        ],
        [
            72.30038293514353,
            57.450160823879976
        ],
        [
            90.23931714715427,
            44.05386129593163
        ],
        [
            36.353609765737545,
            59.324552426235975
        ],
        [
            20.560707928367467,
            44.942257705514365
        ],
        [
            67.95510264556387,
            45.532332706896455
        ],
        [
            33.09004725586226,
            40.602814145700556
        ],
        [
            44.34347279864023,
            27.39445023879621
        ]
    ],
    "edges": [
        [
            2,
            3
        ],
        [
            3,
            2
        ],
        [
            2,
            4
        ],
        [
            4,
            2
        ],
        [
            3,
            5
        ],
        [
            5,
            3
        ],
        [
            4,
            5
        ],
        [
            5,
            4
        ],
        [
            12,
            13
        ],
        [
            13,
            12
        ],
        [
            15,
            0
        ],
        [
            0,
            15
        ],
        [
            2,
            5
        ],
        [
            5,
            2
        ],
        [
            4,
            3
        ],
        [
            3,
            4
        ],
        [
            3,
            10
        ],
        [
            10,
            3
        ],
        [
            5,
            10
        ],
        [
            10,
            5
        ],
        [
            13,
            10
        ],
        [
            10,
            13
        ],
        [
            6,
            9
        ],
        [
            9,
            6
        ],
        [
            1,
            3
        ],
        [
            3,
            1
        ],
        [
            1,
            15
        ],
        [
            15,
            1
        ],
        [
            7,
            14
        ],
        [
            14,
            7
        ],
        [
            8,
            11
        ],
        [
            11,
            8
        ],
        [
            0,
            0
        ],
        [
            1,
            1
        ],
        [
            2,
            2
        ],
        [
            3,
            3
        ],
        [
            4,
            4
        ],
        [
            5,
            5
        ],
        [
            6,
            6
        ],
        [
            7,
            7
        ],
        [
            8,
            8
        ],
        [
            9,
            9
        ],
        [
            10,
            10
        ],
        [
            11,
            11
        ],
        [
            12,
            12
        ],
        [
            13,
            13
        ],
        [
            14,
            14
        ],
        [
            15,
            15
        ]
    ],
    "similarity": 0.31
}