{
    "coords": [
        [
            21.74958570304125,
            39.055798529156796
        ],
        [
            19.146738764637185,
            76.18385765786172
        ],
        [
            75.8501755128569,
            35.59143911586062
        ],
        [
            75.59682331574659,
            59.40088439790186
        ],
        [
            91.66158108259575,
            47.577909374540425
        ],
        [
            31.151011522059335,
            68.20592148122236
        ],
        [
            20.83936790253864,
            45.87095355460762
        ],
        [
            44.25548222901189,
            65.81408737713525
        ],
        [
            69.40868293991991,
            30.679793747235653
        ],
        [
            19.815339959081097,
            57.42834133392717
        ],
        [
            32.87964966061968,
            54.75457397770604
        ],
        [
            30.26087125886292,
            38.18538501643749
        ],
        [
            26.682021378857634,
            35.19564331533483
        ],
        [
            59.75876603004775,
            72.13749553860939
        ],
        [
            29.296033791817617,
            63.9519353083904
        ],
        [
            44.5849612121972,
            34.646253026980936
        ],
        [
            21.179638816961415,
            30.916105300473905
        ],
        [
            68.82058942282379,
            65.02708454220536
        ],
        [
            30.676228303244805,
            74.72218025570577
        ],
        [
            46.34849587564615,
            20.412712174687506
        ],
        [
            20.979851816374538,
            64.25551496495105
        ],
        [
            59.22648977453392,
            66.51053106539882
        ],
        [
            44.14231489107763,
            70.91786634236574
        ],
        [
            65.91175018672044,
            69.64531334199496
        ],
        [
            68.46022516493112,
            48.71864636030787
        ],
        [
            43.73662941689075,
            28.249704687832708
        ]
    ],
    "edges": [
        [
            16,
            8
        ],
        [
            8,
            16
        ],
        [
            16,
            20
        ],
        [
            20,
            16
        ],
        [
            8,
            17
        ],
        [
            17,
            8
        ],
        [
            20,
            17
        ],
        [
            17,
            20
        ],
        [
            6,
            24
        ],
        [
            24,
            6
        ],
        [
            25,
            7
        ],
        [
            7,
            25
        ],
        [
            16,
            17
        ],
        [
            17,
            16
        ],
        [
            20,
            8
        ],
        [
            8,
            20
        ],
        [
            8,
            4
        ],
        [
            4,
            8
        ],
        [
            17,
            4
        ],
        [
            4,
            17
        ],
        [
            24,
            4
        ],
        [
            4,
            24
        ],
        [
            2,
            3
        ],
        [
            3,
            2
        ],
        [
            19,
            8
        ],
        [
            8,
            19
        ],
        [
            19,
            25
        ],
        [
            25,
            19
        ],
        [
            0,
            11
        ],
        [
            11,
            0
        ],
        [
            9,
            10
        ],
        [
            10,
            9
        ],
        [
            11,
            10
        ],
        [
            10,
            11
        ],
        [
            0,
            11
        ],
        [
            11,
            0
        ],
        [
            0,
            10
        ],
        [
            10,
            0
        ],
        [
            11,
            9
        ],
        [
            9,
            11
        ],
        [
            20,
            1
        ],
        [
            1,
            20
        ],
        [
            14,
            18
        ],
        [
            18,
            14
        ],
        [
            1,
            18
        ],
        [
            18,
            1
        ],
        [
            20,
            18
        ],
        [
            18,
            20
        ],
        [
            22,
            7
        ],
        [
            7,
            22
        ],
        [
            5,
            23
        ],
        [
            23,
            5
        ],
        [
            21,
            13
        ],
        [
            13,
            21
        ],
        [
            12,
            15
        ],
        [
            15,
            12
        ],
        [
            0,
            0
        ],
        [
            1,
            1
        ],
        [
            2,
            2
        ],
        [
            3,
            3
        ],
        [
            4,
            4
        ],
        [
            5,
            5
        ],
        [
            6,
            6
        ],
        [
            7,
            7
        ],
        [
            8,
            8
        ],
        [
            9,
            9
        ],
        [
            10,
            10
        ],
        [
            11,
            11
        ],
        [
            12,
            12
        ],
        [
            13,
            13
        ],
        [
            14,
            14
        ],
        [
            15,
            15
        ],
        [
            16,
            16
        ],
        [
            17,
            17
        ],
        [
            18,
            18
        ],
        [
            19,
            19
        ],
        [
            20,
            20
        ],
        [
            21,
            21
        ],
        [
            22,
            22
        ],
        [
            23,
            23
        ],
        [
            24,
            24
        ],
        [
            25,
            25
        ]
    ],
    "similarity": 0.63
}