{
    "coords": [
        [
            23.186964182428458,
            60.582731637253005
        ],
        [
            20.749974714442168,
            25.68320543506953
        ],
        [
            72.7142589025849,
            28.64839238844399
        ]
    ],
    "edges": [
        [
            1,
            2
        ],
        [
            2,
            1
        ],
        [
            1,
            0
        ],
        [
            0,
            1
        ],
        [
            0,
            0
        ],
        [
            1,
            1
        ],
        [
            2,
            2
        ]
    ],
    "similarity": 0.05
}