{
    "coords": [
        [
            20.71988842827646,
            39.14343045757156
        ],
        [
            17.810763808761305,
            75.81427068443115
        ],
        [
            74.36037651424247,
            33.289386121450946
        ],
        [
            75.58469769686923,
            61.7327860485708
        ],
        [
            88.08435624744922,
            45.531584735913114
        ],
        [
            20.705281632628868,
            45.85172430157947
        ],
        [
            46.38872390886477,
            65.53831373292631
        ],
        [
            68.73826081222013,
            27.799185411612086
        ],
        [
            22.32284386682099,
            55.513016489742
        ],
        [
            35.209752537545874,
            57.09803950253623
        ],
        [
            34.02910679675119,
            39.11714683771209
        ],
        [
            27.993926810064355,
            65.53746591634524
        ],
        [
            18.810678505667727,
            27.69180267127082
        ],
        [
            70.93488016430678,
            64.9424359509145
        ],
        [
            31.4283637527105,
            75.08475210257302
        ],
        [
            47.06202659100902,
            19.543513594852797
        ],
        [
            18.58345108743514,
            63.642779829159366
        ],
        [
            71.0269712262554,
            46.45331904859156
        ],
        [
            46.48752813260209,
            27.615193821509717
        ]
    ],
    "edges": [
        [
            12,
            7
        ],
        [
            7,
            12
        ],
        [
            12,
            16
        ],
        [
            16,
            12
        ],
        [
            7,
            13
        ],
        [
            13,
            7
        ],
        [
            16,
            13
        ],
        [
            13,
            16
        ],
        [
            5,
            17
        ],
        [
            17,
            5
        ],
        [
            18,
            6
        ],
        [
            6,
            18
        ],
        [
            12,
            13
        ],
        [
            13,
            12
        ],
        [
            16,
            7
        ],
        [
            7,
            16
        ],
        [
            7,
            4
        ],
        [
            4,
            7
        ],
        [
            13,
            4
        ],
        [
            4,
            13
        ],
        [
            17,
            4
        ],
        [
            4,
            17
        ],
        [
            2,
            3
        ],
        [
            3,
            2
        ],
        [
            15,
            7
        ],
        [
            7,
            15
        ],
        [
            15,
            18
        ],
        [
            18,
            15
        ],
        [
            0,
            10
        ],
        [
            10,
            0
        ],
        [
            8,
            9
        ],
        [
            9,
            8
        ],
        [
            10,
            9
        ],
        [
            9,
            10
        ],
        [
            0,
            10
        ],
        [
            10,
            0
        ],
        [
            0,
            9
        ],
        [
            9,
            0
        ],
        [
            10,
            8
        ],
        [
            8,
            10
        ],
        [
            16,
            1
        ],
        [
            1,
            16
        ],
        [
            11,
            14
        ],
        [
            14,
            11
        ],
        [
            1,
            14
        ],
        [
            14,
            1
        ],
        [
            16,
            14
        ],
        [
            14,
            16
        ],
        [
            0,
            0
        ],
        [
            1,
            1
        ],
        [
            2,
            2
        ],
        [
            3,
            3
        ],
        [
            4,
            4
        ],
        [
            5,
            5
        ],
        [
            6,
            6
        ],
        [
            7,
            7
        ],
        [
            8,
            8
        ],
        [
            9,
            9
        ],
        [
            10,
            10
        ],
        [
            11,
            11
        ],
        [
            12,
            12
        ],
        [
            13,
            13
        ],
        [
            14,
            14
        ],
        [
            15,
            15
        ],
        [
            16,
            16
        ],
        [
            17,
            17
        ],
        [
            18,
            18
        ]
    ],
    "similarity": 0.52
}