{
    "coords": [
        [
            47.55815003322137,
            65.2215228433368
        ],
        [
            22.4456810943486,
            30.433847798977208
        ],
        [
            70.23913094401968,
            32.178524070849114
        ],
        [
            17.707103619505347,
            64.82767248448532
        ],
        [
            72.64426992450058,
            65.76509577818179
        ],
        [
            72.67737392541773,
            34.84788740921305
        ],
        [
            72.68979881672773,
            58.47870630511721
        ],
        [
            91.57589052452981,
            45.6207513685025
        ],
        [
            20.646311418893333,
            47.58769772871856
        ],
        [
            70.72752984167555,
            46.5322015736804
        ],
        [
            46.64003121114802,
            27.245479893438848
        ]
    ],
    "edges": [
        [
            1,
            2
        ],
        [
            2,
            1
        ],
        [
            1,
            3
        ],
        [
            3,
            1
        ],
        [
            2,
            4
        ],
        [
            4,
            2
        ],
        [
            3,
            4
        ],
        [
            4,
            3
        ],
        [
            8,
            9
        ],
        [
            9,
            8
        ],
        [
            10,
            0
        ],
        [
            0,
            10
        ],
        [
            1,
            4
        ],
        [
            4,
            1
        ],
        [
            3,
            2
        ],
        [
            2,
            3
        ],
        [
            2,
            7
        ],
        [
            7,
            2
        ],
        [
            4,
            7
        ],
        [
            7,
            4
        ],
        [
            9,
            7
        ],
        [
            7,
            9
        ],
        [
            5,
            6
        ],
        [
            6,
            5
        ],
        [
            0,
            0
        ],
        [
            1,
            1
        ],
        [
            2,
            2
        ],
        [
            3,
            3
        ],
        [
            4,
            4
        ],
        [
            5,
            5
        ],
        [
            6,
            6
        ],
        [
            7,
            7
        ],
        [
            8,
            8
        ],
        [
            9,
            9
        ],
        [
            10,
            10
        ]
    ],
    "similarity": 0.25
}