{
    "coords": [
        [
            46.57277363096229,
            64.87095100142308
        ],
        [
            24.09906507299496,
            27.307923566806036
        ],
        [
            71.60036960417565,
            26.631938570384623
        ],
        [
            19.48268817800119,
            61.88664851329113
        ],
        [
            71.46731610770561,
            63.386473265963495
        ],
        [
            21.213636390456184,
            44.23107455987957
        ],
        [
            73.45672176180848,
            50.2439075434628
        ],
        [
            43.335479135648974,
            27.800656373039434
        ]
    ],
    "edges": [
        [
            1,
            2
        ],
        [
            2,
            1
        ],
        [
            1,
            3
        ],
        [
            3,
            1
        ],
        [
            2,
            4
        ],
        [
            4,
            2
        ],
        [
            3,
            4
        ],
        [
            4,
            3
        ],
        [
            5,
            6
        ],
        [
            6,
            5
        ],
        [
            7,
            0
        ],
        [
            0,
            7
        ],
        [
            1,
            4
        ],
        [
            4,
            1
        ],
        [
            3,
            2
        ],
        [
            2,
            3
        ],
        [
            0,
            0
        ],
        [
            1,
            1
        ],
        [
            2,
            2
        ],
        [
            3,
            3
        ],
        [
            4,
            4
        ],
        [
            5,
            5
        ],
        [
            6,
            6
        ],
        [
            7,
            7
        ]
    ],
    "similarity": 0.15
}