{
    "coords": [
        [
            15.76725771754985,
            67.7390204163316
        ],
        [
            18.27013646226125,
            25.72506494065032
        ],
        [
            68.93150112302183,
            32.97663804787993
        ]
    ],
    "edges": [
        [
            1,
            2
        ],
        [
            2,
            1
        ],
        [
            1,
            0
        ],
        [
            0,
            1
        ],
        [
            0,
            0
        ],
        [
            1,
            1
        ],
        [
            2,
            2
        ]
    ],
    "similarity": 0.03
}