{
    "coords": [
        [
            21.131757270446798,
            40.04581580954046
        ],
        [
            22.250085378962396,
            74.27916976049438
        ],
        [
            73.71871748576332,
            32.98271343774681
        ],
        [
            73.26949337184405,
            61.52001154811916
        ],
        [
            88.08705980800134,
            47.480503971327025
        ],
        [
            18.480294581910176,
            48.53657327583274
        ],
        [
            44.74884468779804,
            66.39367748620901
        ],
        [
            67.97178249940859,
            29.918155879480338
        ],
        [
            18.16292588159573,
            56.592932342143015
        ],
        [
            32.36171123764562,
            58.30543703273092
        ],
        [
            29.864955123613264,
            37.09829398721726
        ],
        [
            27.847047423189228,
            63.91074993372136
        ],
        [
            18.468609137434168,
            29.99839229753168
        ],
        [
            69.46652350405158,
            66.72597816985987
        ],
        [
            29.962884213147188,
            76.98597704528164
        ],
        [
            45.02101405361456,
            20.7055122250327
        ],
        [
            20.316819377914253,
            64.73786939911062
        ],
        [
            68.10626178468185,
            47.112427406840254
        ],
        [
            46.17382374311872,
            30.204490483611153
        ]
    ],
    "edges": [
        [
            12,
            7
        ],
        [
            7,
            12
        ],
        [
            12,
            16
        ],
        [
            16,
            12
        ],
        [
            7,
            13
        ],
        [
            13,
            7
        ],
        [
            16,
            13
        ],
        [
            13,
            16
        ],
        [
            5,
            17
        ],
        [
            17,
            5
        ],
        [
            18,
            6
        ],
        [
            6,
            18
        ],
        [
            12,
            13
        ],
        [
            13,
            12
        ],
        [
            16,
            7
        ],
        [
            7,
            16
        ],
        [
            7,
            4
        ],
        [
            4,
            7
        ],
        [
            13,
            4
        ],
        [
            4,
            13
        ],
        [
            17,
            4
        ],
        [
            4,
            17
        ],
        [
            2,
            3
        ],
        [
            3,
            2
        ],
        [
            15,
            7
        ],
        [
            7,
            15
        ],
        [
            15,
            18
        ],
        [
            18,
            15
        ],
        [
            0,
            10
        ],
        [
            10,
            0
        ],
        [
            8,
            9
        ],
        [
            9,
            8
        ],
        [
            10,
            9
        ],
        [
            9,
            10
        ],
        [
            0,
            10
        ],
        [
            10,
            0
        ],
        [
            0,
            9
        ],
        [
            9,
            0
        ],
        [
            10,
            8
        ],
        [
            8,
            10
        ],
        [
            16,
            1
        ],
        [
            1,
            16
        ],
        [
            11,
            14
        ],
        [
            14,
            11
        ],
        [
            1,
            14
        ],
        [
            14,
            1
        ],
        [
            16,
            14
        ],
        [
            14,
            16
        ],
        [
            0,
            0
        ],
        [
            1,
            1
        ],
        [
            2,
            2
        ],
        [
            3,
            3
        ],
        [
            4,
            4
        ],
        [
            5,
            5
        ],
        [
            6,
            6
        ],
        [
            7,
            7
        ],
        [
            8,
            8
        ],
        [
            9,
            9
        ],
        [
            10,
            10
        ],
        [
            11,
            11
        ],
        [
            12,
            12
        ],
        [
            13,
            13
        ],
        [
            14,
            14
        ],
        [
            15,
            15
        ],
        [
            16,
            16
        ],
        [
            17,
            17
        ],
        [
            18,
            18
        ]
    ],
    "similarity": 0.53
}