{
    "coords": [
        [
            43.98397824070442,
            66.01126355203998
        ],
        [
            46.331067954601195,
            20.578306133230683
        ],
        [
            28.698972369232834,
            36.46930663848171
        ],
        [
            17.96636995397334,
            29.188261049278086
        ],
        [
            69.87865016424136,
            28.174466838883873
        ],
        [
            20.1005643543428,
            64.08477578635443
        ],
        [
            70.50452911716626,
            63.08755690863055
        ],
        [
            73.37281545452628,
            32.860739594240094
        ],
        [
            19.95388971914357,
            38.38370250335635
        ],
        [
            74.00819635567638,
            61.53919143216464
        ],
        [
            89.83955063710923,
            47.58002550997442
        ],
        [
            31.17818081987047,
            56.18985370097318
        ],
        [
            20.242130707632068,
            46.71710428353117
        ],
        [
            69.46210358370351,
            46.8312868995066
        ],
        [
            20.303786707892527,
            57.80133262859664
        ],
        [
            46.785717163835606,
            30.910151451702973
        ]
    ],
    "edges": [
        [
            3,
            4
        ],
        [
            4,
            3
        ],
        [
            3,
            5
        ],
        [
            5,
            3
        ],
        [
            4,
            6
        ],
        [
            6,
            4
        ],
        [
            5,
            6
        ],
        [
            6,
            5
        ],
        [
            12,
            13
        ],
        [
            13,
            12
        ],
        [
            15,
            0
        ],
        [
            0,
            15
        ],
        [
            3,
            6
        ],
        [
            6,
            3
        ],
        [
            5,
            4
        ],
        [
            4,
            5
        ],
        [
            4,
            10
        ],
        [
            10,
            4
        ],
        [
            6,
            10
        ],
        [
            10,
            6
        ],
        [
            13,
            10
        ],
        [
            10,
            13
        ],
        [
            7,
            9
        ],
        [
            9,
            7
        ],
        [
            1,
            4
        ],
        [
            4,
            1
        ],
        [
            1,
            15
        ],
        [
            15,
            1
        ],
        [
            8,
            2
        ],
        [
            2,
            8
        ],
        [
            14,
            11
        ],
        [
            11,
            14
        ],
        [
            2,
            11
        ],
        [
            11,
            2
        ],
        [
            8,
            11
        ],
        [
            11,
            8
        ],
        [
            0,
            0
        ],
        [
            1,
            1
        ],
        [
            2,
            2
        ],
        [
            3,
            3
        ],
        [
            4,
            4
        ],
        [
            5,
            5
        ],
        [
            6,
            6
        ],
        [
            7,
            7
        ],
        [
            8,
            8
        ],
        [
            9,
            9
        ],
        [
            10,
            10
        ],
        [
            11,
            11
        ],
        [
            12,
            12
        ],
        [
            13,
            13
        ],
        [
            14,
            14
        ],
        [
            15,
            15
        ]
    ],
    "similarity": 0.57
}