{
    "coords": [
        [
            41.79946176898587,
            68.64550701702919
        ],
        [
            18.514279126093182,
            33.677454129443
        ],
        [
            67.96069896085417,
            31.85771844611627
        ],
        [
            19.35642181167477,
            65.17529759989971
        ],
        [
            68.6976775977141,
            64.4550885135151
        ],
        [
            17.122266961955,
            51.14678863609031
        ],
        [
            69.74698947855616,
            47.81609458389108
        ],
        [
            49.12187311089614,
            31.569560795096972
        ]
    ],
    "edges": [
        [
            1,
            2
        ],
        [
            2,
            1
        ],
        [
            1,
            3
        ],
        [
            3,
            1
        ],
        [
            2,
            4
        ],
        [
            4,
            2
        ],
        [
            3,
            4
        ],
        [
            4,
            3
        ],
        [
            5,
            6
        ],
        [
            6,
            5
        ],
        [
            7,
            0
        ],
        [
            0,
            7
        ],
        [
            1,
            4
        ],
        [
            4,
            1
        ],
        [
            3,
            2
        ],
        [
            2,
            3
        ],
        [
            0,
            0
        ],
        [
            1,
            1
        ],
        [
            2,
            2
        ],
        [
            3,
            3
        ],
        [
            4,
            4
        ],
        [
            5,
            5
        ],
        [
            6,
            6
        ],
        [
            7,
            7
        ]
    ],
    "similarity": 0.12
}