{
    "coords": [
        [
            18.59333255695939,
            38.68416403395609
        ],
        [
            20.133646072906718,
            75.24085767733
        ],
        [
            75.67779097961021,
            36.41502172257151
        ],
        [
            76.70060725123646,
            61.40998189209857
        ],
        [
            89.13463154125503,
            47.094596134038184
        ],
        [
            30.890679700901387,
            71.57377626033207
        ],
        [
            19.606931596051115,
            47.84895391095701
        ],
        [
            44.237313936659625,
            65.42237517184354
        ],
        [
            68.81834556751585,
            31.24425472292876
        ],
        [
            20.168197424252515,
            55.64336220706334
        ],
        [
            33.658181810197256,
            56.47238463498217
        ],
        [
            32.599183716229376,
            38.296767912496676
        ],
        [
            26.744720198645332,
            34.12192745007019
        ],
        [
            61.406603219284904,
            73.45333974234718
        ],
        [
            28.361730510595645,
            66.75115527940372
        ],
        [
            43.79903074920607,
            34.16002544015212
        ],
        [
            20.194388773429306,
            28.49883465565509
        ],
        [
            68.26244329370091,
            65.1698771052147
        ],
        [
            31.305488390755507,
            76.55265567678632
        ],
        [
            44.35581492535146,
            19.83650617222875
        ],
        [
            19.027049122906508,
            64.56580987180982
        ],
        [
            61.147737726213855,
            66.58968716900318
        ],
        [
            44.9607487212009,
            68.83073883653564
        ],
        [
            64.98827353012057,
            71.2030893880327
        ],
        [
            68.61770990062602,
            47.19283745485788
        ],
        [
            44.48308314135707,
            31.725082672014654
        ]
    ],
    "edges": [
        [
            16,
            8
        ],
        [
            8,
            16
        ],
        [
            16,
            20
        ],
        [
            20,
            16
        ],
        [
            8,
            17
        ],
        [
            17,
            8
        ],
        [
            20,
            17
        ],
        [
            17,
            20
        ],
        [
            6,
            24
        ],
        [
            24,
            6
        ],
        [
            25,
            7
        ],
        [
            7,
            25
        ],
        [
            16,
            17
        ],
        [
            17,
            16
        ],
        [
            20,
            8
        ],
        [
            8,
            20
        ],
        [
            8,
            4
        ],
        [
            4,
            8
        ],
        [
            17,
            4
        ],
        [
            4,
            17
        ],
        [
            24,
            4
        ],
        [
            4,
            24
        ],
        [
            2,
            3
        ],
        [
            3,
            2
        ],
        [
            19,
            8
        ],
        [
            8,
            19
        ],
        [
            19,
            25
        ],
        [
            25,
            19
        ],
        [
            0,
            11
        ],
        [
            11,
            0
        ],
        [
            9,
            10
        ],
        [
            10,
            9
        ],
        [
            11,
            10
        ],
        [
            10,
            11
        ],
        [
            0,
            11
        ],
        [
            11,
            0
        ],
        [
            0,
            10
        ],
        [
            10,
            0
        ],
        [
            11,
            9
        ],
        [
            9,
            11
        ],
        [
            20,
            1
        ],
        [
            1,
            20
        ],
        [
            14,
            18
        ],
        [
            18,
            14
        ],
        [
            1,
            18
        ],
        [
            18,
            1
        ],
        [
            20,
            18
        ],
        [
            18,
            20
        ],
        [
            22,
            7
        ],
        [
            7,
            22
        ],
        [
            5,
            23
        ],
        [
            23,
            5
        ],
        [
            21,
            13
        ],
        [
            13,
            21
        ],
        [
            12,
            15
        ],
        [
            15,
            12
        ],
        [
            0,
            0
        ],
        [
            1,
            1
        ],
        [
            2,
            2
        ],
        [
            3,
            3
        ],
        [
            4,
            4
        ],
        [
            5,
            5
        ],
        [
            6,
            6
        ],
        [
            7,
            7
        ],
        [
            8,
            8
        ],
        [
            9,
            9
        ],
        [
            10,
            10
        ],
        [
            11,
            11
        ],
        [
            12,
            12
        ],
        [
            13,
            13
        ],
        [
            14,
            14
        ],
        [
            15,
            15
        ],
        [
            16,
            16
        ],
        [
            17,
            17
        ],
        [
            18,
            18
        ],
        [
            19,
            19
        ],
        [
            20,
            20
        ],
        [
            21,
            21
        ],
        [
            22,
            22
        ],
        [
            23,
            23
        ],
        [
            24,
            24
        ],
        [
            25,
            25
        ]
    ],
    "similarity": 0.64
}