{
    "coords": [
        [
            21.79262509245095,
            36.93725977814434
        ],
        [
            19.498948241684666,
            74.9103404567698
        ],
        [
            74.00775945541058,
            35.37494571840006
        ],
        [
            75.0971128956116,
            60.139395168065626
        ],
        [
            88.6844134784359,
            48.86123304576008
        ],
        [
            19.822197450613157,
            48.50636107225918
        ],
        [
            43.00338120360158,
            64.69144443168202
        ],
        [
            67.82881265450578,
            28.84786217433969
        ],
        [
            18.329606477472037,
            55.0263400508364
        ],
        [
            34.98372977339706,
            54.39578119217097
        ],
        [
            30.61810326522683,
            39.784516591283285
        ],
        [
            29.477308787730863,
            63.32072736376281
        ],
        [
            18.95739602113676,
            28.80051628540094
        ],
        [
            68.59767076660918,
            66.52378525857813
        ],
        [
            29.980665204319102,
            75.11653299407065
        ],
        [
            43.95409037099778,
            21.761059737907562
        ],
        [
            18.65582661825674,
            65.64929966409669
        ],
        [
            71.86727872217136,
            49.24910607365989
        ],
        [
            45.537065443351786,
            30.08166867456247
        ]
    ],
    "edges": [
        [
            12,
            7
        ],
        [
            7,
            12
        ],
        [
            12,
            16
        ],
        [
            16,
            12
        ],
        [
            7,
            13
        ],
        [
            13,
            7
        ],
        [
            16,
            13
        ],
        [
            13,
            16
        ],
        [
            5,
            17
        ],
        [
            17,
            5
        ],
        [
            18,
            6
        ],
        [
            6,
            18
        ],
        [
            12,
            13
        ],
        [
            13,
            12
        ],
        [
            16,
            7
        ],
        [
            7,
            16
        ],
        [
            7,
            4
        ],
        [
            4,
            7
        ],
        [
            13,
            4
        ],
        [
            4,
            13
        ],
        [
            17,
            4
        ],
        [
            4,
            17
        ],
        [
            2,
            3
        ],
        [
            3,
            2
        ],
        [
            15,
            7
        ],
        [
            7,
            15
        ],
        [
            15,
            18
        ],
        [
            18,
            15
        ],
        [
            0,
            10
        ],
        [
            10,
            0
        ],
        [
            8,
            9
        ],
        [
            9,
            8
        ],
        [
            10,
            9
        ],
        [
            9,
            10
        ],
        [
            0,
            10
        ],
        [
            10,
            0
        ],
        [
            0,
            9
        ],
        [
            9,
            0
        ],
        [
            10,
            8
        ],
        [
            8,
            10
        ],
        [
            16,
            1
        ],
        [
            1,
            16
        ],
        [
            11,
            14
        ],
        [
            14,
            11
        ],
        [
            1,
            14
        ],
        [
            14,
            1
        ],
        [
            16,
            14
        ],
        [
            14,
            16
        ],
        [
            0,
            0
        ],
        [
            1,
            1
        ],
        [
            2,
            2
        ],
        [
            3,
            3
        ],
        [
            4,
            4
        ],
        [
            5,
            5
        ],
        [
            6,
            6
        ],
        [
            7,
            7
        ],
        [
            8,
            8
        ],
        [
            9,
            9
        ],
        [
            10,
            10
        ],
        [
            11,
            11
        ],
        [
            12,
            12
        ],
        [
            13,
            13
        ],
        [
            14,
            14
        ],
        [
            15,
            15
        ],
        [
            16,
            16
        ],
        [
            17,
            17
        ],
        [
            18,
            18
        ]
    ],
    "similarity": 0.54
}