{
    "coords": [
        [
            45.42443113022551,
            62.25017416021178
        ],
        [
            21.234494509599475,
            28.674820642827566
        ],
        [
            72.24910985866426,
            29.848824400432544
        ],
        [
            23.21486117546653,
            66.6447190797809
        ],
        [
            71.02784520881313,
            63.12001900901806
        ],
        [
            21.103770698213424,
            49.73535758601096
        ],
        [
            66.1927884288857,
            46.92844076714625
        ],
        [
            44.17855845719361,
            33.513704217235464
        ]
    ],
    "edges": [
        [
            1,
            2
        ],
        [
            2,
            1
        ],
        [
            1,
            3
        ],
        [
            3,
            1
        ],
        [
            2,
            4
        ],
        [
            4,
            2
        ],
        [
            3,
            4
        ],
        [
            4,
            3
        ],
        [
            5,
            6
        ],
        [
            6,
            5
        ],
        [
            7,
            0
        ],
        [
            0,
            7
        ],
        [
            1,
            4
        ],
        [
            4,
            1
        ],
        [
            3,
            2
        ],
        [
            2,
            3
        ],
        [
            0,
            0
        ],
        [
            1,
            1
        ],
        [
            2,
            2
        ],
        [
            3,
            3
        ],
        [
            4,
            4
        ],
        [
            5,
            5
        ],
        [
            6,
            6
        ],
        [
            7,
            7
        ]
    ],
    "similarity": 0.17
}