{
    "coords": [
        [
            16.282490911564917,
            66.04919283977992
        ],
        [
            66.21630847819137,
            61.525769197763935
        ],
        [
            23.50318168193464,
            31.393465018586202
        ],
        [
            65.94546135641784,
            31.1938933569307
        ]
    ],
    "edges": [
        [
            2,
            3
        ],
        [
            3,
            2
        ],
        [
            2,
            0
        ],
        [
            0,
            2
        ],
        [
            3,
            1
        ],
        [
            1,
            3
        ],
        [
            0,
            1
        ],
        [
            1,
            0
        ],
        [
            0,
            0
        ],
        [
            1,
            1
        ],
        [
            2,
            2
        ],
        [
            3,
            3
        ]
    ],
    "similarity": 0.05
}