{
    "coords": [
        [
            19.692070191869337,
            39.857021293092195
        ],
        [
            20.202539184846575,
            74.84275133395266
        ],
        [
            77.73025275353729,
            35.90923700190209
        ],
        [
            77.78134686363322,
            61.57619654765223
        ],
        [
            90.33760015734345,
            48.47298630719538
        ],
        [
            19.54813078245534,
            46.63301715582977
        ],
        [
            45.74885810668547,
            64.41421613341377
        ],
        [
            71.26733395519156,
            30.536749482101325
        ],
        [
            20.720119297729706,
            55.61640602063123
        ],
        [
            35.36716374623158,
            53.854412376618
        ],
        [
            30.570136220947994,
            36.11471770022057
        ],
        [
            29.450310001111273,
            66.17661744497093
        ],
        [
            21.722402282701278,
            27.739147703150614
        ],
        [
            68.64385506896768,
            63.13577819998338
        ],
        [
            27.84537564803829,
            73.04615383770287
        ],
        [
            44.77634368870786,
            19.822122471619803
        ],
        [
            19.423882419252934,
            66.43196675496984
        ],
        [
            68.34893610000616,
            45.42227940999311
        ],
        [
            45.39041847284463,
            31.053790910643876
        ]
    ],
    "edges": [
        [
            12,
            7
        ],
        [
            7,
            12
        ],
        [
            12,
            16
        ],
        [
            16,
            12
        ],
        [
            7,
            13
        ],
        [
            13,
            7
        ],
        [
            16,
            13
        ],
        [
            13,
            16
        ],
        [
            5,
            17
        ],
        [
            17,
            5
        ],
        [
            18,
            6
        ],
        [
            6,
            18
        ],
        [
            12,
            13
        ],
        [
            13,
            12
        ],
        [
            16,
            7
        ],
        [
            7,
            16
        ],
        [
            7,
            4
        ],
        [
            4,
            7
        ],
        [
            13,
            4
        ],
        [
            4,
            13
        ],
        [
            17,
            4
        ],
        [
            4,
            17
        ],
        [
            2,
            3
        ],
        [
            3,
            2
        ],
        [
            15,
            7
        ],
        [
            7,
            15
        ],
        [
            15,
            18
        ],
        [
            18,
            15
        ],
        [
            0,
            10
        ],
        [
            10,
            0
        ],
        [
            8,
            9
        ],
        [
            9,
            8
        ],
        [
            10,
            9
        ],
        [
            9,
            10
        ],
        [
            0,
            10
        ],
        [
            10,
            0
        ],
        [
            0,
            9
        ],
        [
            9,
            0
        ],
        [
            10,
            8
        ],
        [
            8,
            10
        ],
        [
            16,
            1
        ],
        [
            1,
            16
        ],
        [
            11,
            14
        ],
        [
            14,
            11
        ],
        [
            1,
            14
        ],
        [
            14,
            1
        ],
        [
            16,
            14
        ],
        [
            14,
            16
        ],
        [
            0,
            0
        ],
        [
            1,
            1
        ],
        [
            2,
            2
        ],
        [
            3,
            3
        ],
        [
            4,
            4
        ],
        [
            5,
            5
        ],
        [
            6,
            6
        ],
        [
            7,
            7
        ],
        [
            8,
            8
        ],
        [
            9,
            9
        ],
        [
            10,
            10
        ],
        [
            11,
            11
        ],
        [
            12,
            12
        ],
        [
            13,
            13
        ],
        [
            14,
            14
        ],
        [
            15,
            15
        ],
        [
            16,
            16
        ],
        [
            17,
            17
        ],
        [
            18,
            18
        ]
    ],
    "similarity": 0.52
}