{
    "coords": [
        [
            20.154762775156648,
            38.364017143662316
        ],
        [
            20.633083158922307,
            73.25798608978971
        ],
        [
            76.17385309385875,
            35.40013808275211
        ],
        [
            73.4845826312021,
            58.527746493928625
        ],
        [
            90.21712813197819,
            47.53784982997526
        ],
        [
            30.70045782753772,
            69.63387629518334
        ],
        [
            18.845603085282615,
            45.43927687300951
        ],
        [
            44.18438769702284,
            65.79538825711664
        ],
        [
            68.04072415819272,
            29.985923172873008
        ],
        [
            18.8824681465321,
            54.8008283772676
        ],
        [
            31.336550070930187,
            55.20257538695517
        ],
        [
            29.81879620769964,
            37.17893454997576
        ],
        [
            23.195960396106354,
            31.50413734468746
        ],
        [
            60.50352526098308,
            72.05422672387274
        ],
        [
            27.961612812550246,
            63.219148537243406
        ],
        [
            44.45331511829189,
            35.604510269619844
        ],
        [
            20.617311970967833,
            28.67296083437254
        ],
        [
            70.3945672888741,
            66.16366654921825
        ],
        [
            28.659108876095825,
            73.66769030317414
        ],
        [
            44.93922181576086,
            19.614063270998326
        ],
        [
            20.161085984476625,
            66.73700358159694
        ],
        [
            58.7323694408957,
            66.42804836720218
        ],
        [
            46.44169230144443,
            68.92964601341447
        ],
        [
            63.09219175100788,
            70.2980493817529
        ],
        [
            69.82110820442573,
            48.772888040787464
        ],
        [
            46.9429323401216,
            30.867770307053675
        ]
    ],
    "edges": [
        [
            16,
            8
        ],
        [
            8,
            16
        ],
        [
            16,
            20
        ],
        [
            20,
            16
        ],
        [
            8,
            17
        ],
        [
            17,
            8
        ],
        [
            20,
            17
        ],
        [
            17,
            20
        ],
        [
            6,
            24
        ],
        [
            24,
            6
        ],
        [
            25,
            7
        ],
        [
            7,
            25
        ],
        [
            16,
            17
        ],
        [
            17,
            16
        ],
        [
            20,
            8
        ],
        [
            8,
            20
        ],
        [
            8,
            4
        ],
        [
            4,
            8
        ],
        [
            17,
            4
        ],
        [
            4,
            17
        ],
        [
            24,
            4
        ],
        [
            4,
            24
        ],
        [
            2,
            3
        ],
        [
            3,
            2
        ],
        [
            19,
            8
        ],
        [
            8,
            19
        ],
        [
            19,
            25
        ],
        [
            25,
            19
        ],
        [
            0,
            11
        ],
        [
            11,
            0
        ],
        [
            9,
            10
        ],
        [
            10,
            9
        ],
        [
            11,
            10
        ],
        [
            10,
            11
        ],
        [
            0,
            11
        ],
        [
            11,
            0
        ],
        [
            0,
            10
        ],
        [
            10,
            0
        ],
        [
            11,
            9
        ],
        [
            9,
            11
        ],
        [
            20,
            1
        ],
        [
            1,
            20
        ],
        [
            14,
            18
        ],
        [
            18,
            14
        ],
        [
            1,
            18
        ],
        [
            18,
            1
        ],
        [
            20,
            18
        ],
        [
            18,
            20
        ],
        [
            22,
            7
        ],
        [
            7,
            22
        ],
        [
            5,
            23
        ],
        [
            23,
            5
        ],
        [
            21,
            13
        ],
        [
            13,
            21
        ],
        [
            12,
            15
        ],
        [
            15,
            12
        ],
        [
            0,
            0
        ],
        [
            1,
            1
        ],
        [
            2,
            2
        ],
        [
            3,
            3
        ],
        [
            4,
            4
        ],
        [
            5,
            5
        ],
        [
            6,
            6
        ],
        [
            7,
            7
        ],
        [
            8,
            8
        ],
        [
            9,
            9
        ],
        [
            10,
            10
        ],
        [
            11,
            11
        ],
        [
            12,
            12
        ],
        [
            13,
            13
        ],
        [
            14,
            14
        ],
        [
            15,
            15
        ],
        [
            16,
            16
        ],
        [
            17,
            17
        ],
        [
            18,
            18
        ],
        [
            19,
            19
        ],
        [
            20,
            20
        ],
        [
            21,
            21
        ],
        [
            22,
            22
        ],
        [
            23,
            23
        ],
        [
            24,
            24
        ],
        [
            25,
            25
        ]
    ],
    "similarity": 0.57
}