{
    "coords": [
        [
            23.426855002904244,
            64.49531134165775
        ],
        [
            20.110867215814142,
            34.25007948792432
        ],
        [
            68.72842127132866,
            25.454790550591497
        ]
    ],
    "edges": [
        [
            1,
            2
        ],
        [
            2,
            1
        ],
        [
            1,
            0
        ],
        [
            0,
            1
        ],
        [
            0,
            0
        ],
        [
            1,
            1
        ],
        [
            2,
            2
        ]
    ],
    "similarity": 0.05
}