{
    "coords": [
        [
            45.58402993601621,
            63.36351341754923
        ],
        [
            17.5640656329701,
            27.718997496471435
        ],
        [
            73.87118092700554,
            30.445634118796445
        ],
        [
            20.65154407819601,
            65.01971976253135
        ],
        [
            66.24399095105946,
            62.329094754897255
        ],
        [
            17.626477859944387,
            43.861152243775294
        ],
        [
            72.05921446315504,
            43.835799877780595
        ],
        [
            44.08244528498079,
            26.08362464628876
        ]
    ],
    "edges": [
        [
            1,
            2
        ],
        [
            2,
            1
        ],
        [
            1,
            3
        ],
        [
            3,
            1
        ],
        [
            2,
            4
        ],
        [
            4,
            2
        ],
        [
            3,
            4
        ],
        [
            4,
            3
        ],
        [
            5,
            6
        ],
        [
            6,
            5
        ],
        [
            7,
            0
        ],
        [
            0,
            7
        ],
        [
            1,
            4
        ],
        [
            4,
            1
        ],
        [
            3,
            2
        ],
        [
            2,
            3
        ],
        [
            0,
            0
        ],
        [
            1,
            1
        ],
        [
            2,
            2
        ],
        [
            3,
            3
        ],
        [
            4,
            4
        ],
        [
            5,
            5
        ],
        [
            6,
            6
        ],
        [
            7,
            7
        ]
    ],
    "similarity": 0.18
}