{
    "coords": [
        [
            21.85518113559488,
            37.52106790408856
        ],
        [
            21.926683630519875,
            74.07206561625115
        ],
        [
            74.65189850779974,
            37.003748022444135
        ],
        [
            73.93592247667925,
            59.28279392612726
        ],
        [
            90.10136388795357,
            48.17199372150845
        ],
        [
            30.515133615751758,
            69.26463620843661
        ],
        [
            21.94540425776976,
            48.95490649865541
        ],
        [
            44.10199964627231,
            65.66843575326634
        ],
        [
            71.60005668647013,
            28.024937385544945
        ],
        [
            22.116628280292087,
            55.06806836830624
        ],
        [
            31.77991549908135,
            58.07517294314552
        ],
        [
            32.90880345249345,
            36.698418812289496
        ],
        [
            28.68080369414112,
            66.44261781464203
        ],
        [
            18.048091500238208,
            31.7114998604347
        ],
        [
            68.26850823494168,
            65.16202526769442
        ],
        [
            28.651066014115393,
            76.36948673590636
        ],
        [
            44.32689190602517,
            18.866314164347042
        ],
        [
            21.855442109194936,
            64.59797496516796
        ],
        [
            45.57435464194089,
            71.60604628733549
        ],
        [
            66.7695442934661,
            71.4112593612712
        ],
        [
            71.28283338133498,
            49.063924681191686
        ],
        [
            46.18785186842274,
            28.75941876382843
        ]
    ],
    "edges": [
        [
            13,
            8
        ],
        [
            8,
            13
        ],
        [
            13,
            17
        ],
        [
            17,
            13
        ],
        [
            8,
            14
        ],
        [
            14,
            8
        ],
        [
            17,
            14
        ],
        [
            14,
            17
        ],
        [
            6,
            20
        ],
        [
            20,
            6
        ],
        [
            21,
            7
        ],
        [
            7,
            21
        ],
        [
            13,
            14
        ],
        [
            14,
            13
        ],
        [
            17,
            8
        ],
        [
            8,
            17
        ],
        [
            8,
            4
        ],
        [
            4,
            8
        ],
        [
            14,
            4
        ],
        [
            4,
            14
        ],
        [
            20,
            4
        ],
        [
            4,
            20
        ],
        [
            2,
            3
        ],
        [
            3,
            2
        ],
        [
            16,
            8
        ],
        [
            8,
            16
        ],
        [
            16,
            21
        ],
        [
            21,
            16
        ],
        [
            0,
            11
        ],
        [
            11,
            0
        ],
        [
            9,
            10
        ],
        [
            10,
            9
        ],
        [
            11,
            10
        ],
        [
            10,
            11
        ],
        [
            0,
            11
        ],
        [
            11,
            0
        ],
        [
            0,
            10
        ],
        [
            10,
            0
        ],
        [
            11,
            9
        ],
        [
            9,
            11
        ],
        [
            17,
            1
        ],
        [
            1,
            17
        ],
        [
            12,
            15
        ],
        [
            15,
            12
        ],
        [
            1,
            15
        ],
        [
            15,
            1
        ],
        [
            17,
            15
        ],
        [
            15,
            17
        ],
        [
            18,
            7
        ],
        [
            7,
            18
        ],
        [
            5,
            19
        ],
        [
            19,
            5
        ],
        [
            0,
            0
        ],
        [
            1,
            1
        ],
        [
            2,
            2
        ],
        [
            3,
            3
        ],
        [
            4,
            4
        ],
        [
            5,
            5
        ],
        [
            6,
            6
        ],
        [
            7,
            7
        ],
        [
            8,
            8
        ],
        [
            9,
            9
        ],
        [
            10,
            10
        ],
        [
            11,
            11
        ],
        [
            12,
            12
        ],
        [
            13,
            13
        ],
        [
            14,
            14
        ],
        [
            15,
            15
        ],
        [
            16,
            16
        ],
        [
            17,
            17
        ],
        [
            18,
            18
        ],
        [
            19,
            19
        ],
        [
            20,
            20
        ],
        [
            21,
            21
        ]
    ],
    "similarity": 0.56
}