{
    "coords": [
        [
            47.51132835185942,
            68.34751353864486
        ],
        [
            17.932973101658597,
            26.078812757536173
        ],
        [
            70.59407614372465,
            34.13903939830095
        ],
        [
            21.618619195422692,
            64.90850544044173
        ],
        [
            69.89129148272103,
            69.0547760402316
        ],
        [
            15.670557861029856,
            51.41649352865274
        ],
        [
            66.50578536182594,
            44.51243476180483
        ],
        [
            42.08288449393448,
            30.57756884981418
        ]
    ],
    "edges": [
        [
            1,
            2
        ],
        [
            2,
            1
        ],
        [
            1,
            3
        ],
        [
            3,
            1
        ],
        [
            2,
            4
        ],
        [
            4,
            2
        ],
        [
            3,
            4
        ],
        [
            4,
            3
        ],
        [
            5,
            6
        ],
        [
            6,
            5
        ],
        [
            7,
            0
        ],
        [
            0,
            7
        ],
        [
            0,
            0
        ],
        [
            1,
            1
        ],
        [
            2,
            2
        ],
        [
            3,
            3
        ],
        [
            4,
            4
        ],
        [
            5,
            5
        ],
        [
            6,
            6
        ],
        [
            7,
            7
        ]
    ],
    "similarity": 0.12
}