{
    "coords": [
        [
            20.22553400936188,
            75.46951686963654
        ],
        [
            74.45434316092131,
            33.78343227755905
        ],
        [
            74.78198093314616,
            61.06257396003517
        ],
        [
            88.80973284423632,
            48.09822480313016
        ],
        [
            21.21535009799652,
            48.061549135375586
        ],
        [
            44.96350897337666,
            65.72397163418243
        ],
        [
            30.357429803356776,
            36.26824636544674
        ],
        [
            71.10910700828146,
            29.347550083415197
        ],
        [
            29.194667326371373,
            58.43041552814944
        ],
        [
            30.1808338574829,
            64.85101030951296
        ],
        [
            20.0334198696182,
            29.13812941615915
        ],
        [
            69.68862782532794,
            65.90019289839557
        ],
        [
            19.641918965931065,
            37.2604851421548
        ],
        [
            29.35495251536939,
            75.42534367966867
        ],
        [
            19.28665537529715,
            58.851656936085256
        ],
        [
            45.3804357534668,
            20.557378858309146
        ],
        [
            20.840578490737258,
            64.23090047609368
        ],
        [
            68.85351125234806,
            48.2930386159469
        ],
        [
            45.3740693126381,
            30.261705331921203
        ]
    ],
    "edges": [
        [
            10,
            7
        ],
        [
            7,
            10
        ],
        [
            10,
            16
        ],
        [
            16,
            10
        ],
        [
            7,
            11
        ],
        [
            11,
            7
        ],
        [
            16,
            11
        ],
        [
            11,
            16
        ],
        [
            4,
            17
        ],
        [
            17,
            4
        ],
        [
            18,
            5
        ],
        [
            5,
            18
        ],
        [
            10,
            11
        ],
        [
            11,
            10
        ],
        [
            16,
            7
        ],
        [
            7,
            16
        ],
        [
            7,
            3
        ],
        [
            3,
            7
        ],
        [
            11,
            3
        ],
        [
            3,
            11
        ],
        [
            17,
            3
        ],
        [
            3,
            17
        ],
        [
            1,
            2
        ],
        [
            2,
            1
        ],
        [
            15,
            7
        ],
        [
            7,
            15
        ],
        [
            15,
            18
        ],
        [
            18,
            15
        ],
        [
            12,
            6
        ],
        [
            6,
            12
        ],
        [
            14,
            8
        ],
        [
            8,
            14
        ],
        [
            6,
            8
        ],
        [
            8,
            6
        ],
        [
            12,
            8
        ],
        [
            8,
            12
        ],
        [
            6,
            14
        ],
        [
            14,
            6
        ],
        [
            16,
            0
        ],
        [
            0,
            16
        ],
        [
            9,
            13
        ],
        [
            13,
            9
        ],
        [
            0,
            13
        ],
        [
            13,
            0
        ],
        [
            0,
            0
        ],
        [
            1,
            1
        ],
        [
            2,
            2
        ],
        [
            3,
            3
        ],
        [
            4,
            4
        ],
        [
            5,
            5
        ],
        [
            6,
            6
        ],
        [
            7,
            7
        ],
        [
            8,
            8
        ],
        [
            9,
            9
        ],
        [
            10,
            10
        ],
        [
            11,
            11
        ],
        [
            12,
            12
        ],
        [
            13,
            13
        ],
        [
            14,
            14
        ],
        [
            15,
            15
        ],
        [
            16,
            16
        ],
        [
            17,
            17
        ],
        [
            18,
            18
        ]
    ],
    "similarity": 0.75
}