{
    "coords": [
        [
            45.77839860220128,
            63.09325251694655
        ],
        [
            21.98149498903463,
            29.94354056117848
        ],
        [
            70.30067982094332,
            32.374719150020766
        ],
        [
            21.802999189442126,
            67.42214964578224
        ],
        [
            73.3406994269569,
            65.77917342377239
        ],
        [
            74.59111731585692,
            33.78218275870118
        ],
        [
            75.31826703748817,
            56.528310175919664
        ],
        [
            89.29235243221149,
            46.191651971452906
        ],
        [
            19.01462607967151,
            47.6743273551605
        ],
        [
            67.36530909148782,
            49.84458541203463
        ],
        [
            41.79866770658937,
            27.01789275689884
        ]
    ],
    "edges": [
        [
            1,
            2
        ],
        [
            2,
            1
        ],
        [
            1,
            3
        ],
        [
            3,
            1
        ],
        [
            2,
            4
        ],
        [
            4,
            2
        ],
        [
            3,
            4
        ],
        [
            4,
            3
        ],
        [
            8,
            9
        ],
        [
            9,
            8
        ],
        [
            10,
            0
        ],
        [
            0,
            10
        ],
        [
            1,
            4
        ],
        [
            4,
            1
        ],
        [
            3,
            2
        ],
        [
            2,
            3
        ],
        [
            2,
            7
        ],
        [
            7,
            2
        ],
        [
            4,
            7
        ],
        [
            7,
            4
        ],
        [
            9,
            7
        ],
        [
            7,
            9
        ],
        [
            5,
            6
        ],
        [
            6,
            5
        ],
        [
            0,
            0
        ],
        [
            1,
            1
        ],
        [
            2,
            2
        ],
        [
            3,
            3
        ],
        [
            4,
            4
        ],
        [
            5,
            5
        ],
        [
            6,
            6
        ],
        [
            7,
            7
        ],
        [
            8,
            8
        ],
        [
            9,
            9
        ],
        [
            10,
            10
        ]
    ],
    "similarity": 0.27
}