{
    "coords": [
        [
            46.41707817674173,
            67.7984268502401
        ],
        [
            47.73167272056301,
            23.178055683374726
        ],
        [
            20.399046983670985,
            27.273502337214964
        ],
        [
            70.07397492450474,
            30.118375680390198
        ],
        [
            17.66358574467663,
            67.73358482359976
        ],
        [
            67.15784113272245,
            63.99228321942016
        ],
        [
            76.35574064659663,
            34.05127408980705
        ],
        [
            16.867508184053673,
            40.408131696255495
        ],
        [
            23.342504281917623,
            58.18310397542583
        ],
        [
            74.50338501076355,
            57.37272595522966
        ],
        [
            87.56204241401666,
            45.65402476061553
        ],
        [
            32.379257160081934,
            56.5516567859928
        ],
        [
            17.651334094378182,
            45.16521422435951
        ],
        [
            73.36003652060398,
            44.52078063953407
        ],
        [
            31.912627007953965,
            39.15833519010392
        ],
        [
            45.561843165299436,
            30.94464264457325
        ]
    ],
    "edges": [
        [
            2,
            3
        ],
        [
            3,
            2
        ],
        [
            2,
            4
        ],
        [
            4,
            2
        ],
        [
            3,
            5
        ],
        [
            5,
            3
        ],
        [
            4,
            5
        ],
        [
            5,
            4
        ],
        [
            12,
            13
        ],
        [
            13,
            12
        ],
        [
            15,
            0
        ],
        [
            0,
            15
        ],
        [
            2,
            5
        ],
        [
            5,
            2
        ],
        [
            4,
            3
        ],
        [
            3,
            4
        ],
        [
            3,
            10
        ],
        [
            10,
            3
        ],
        [
            5,
            10
        ],
        [
            10,
            5
        ],
        [
            13,
            10
        ],
        [
            10,
            13
        ],
        [
            6,
            9
        ],
        [
            9,
            6
        ],
        [
            1,
            3
        ],
        [
            3,
            1
        ],
        [
            1,
            15
        ],
        [
            15,
            1
        ],
        [
            7,
            14
        ],
        [
            14,
            7
        ],
        [
            8,
            11
        ],
        [
            11,
            8
        ],
        [
            0,
            0
        ],
        [
            1,
            1
        ],
        [
            2,
            2
        ],
        [
            3,
            3
        ],
        [
            4,
            4
        ],
        [
            5,
            5
        ],
        [
            6,
            6
        ],
        [
            7,
            7
        ],
        [
            8,
            8
        ],
        [
            9,
            9
        ],
        [
            10,
            10
        ],
        [
            11,
            11
        ],
        [
            12,
            12
        ],
        [
            13,
            13
        ],
        [
            14,
            14
        ],
        [
            15,
            15
        ]
    ],
    "similarity": 0.3
}