{
    "coords": [
        [
            44.24898124235601,
            66.2471880129048
        ],
        [
            44.02641781094688,
            21.135709015379735
        ],
        [
            17.893061801115287,
            31.40965236141684
        ],
        [
            68.93883443932546,
            31.236211890315808
        ],
        [
            21.578571742845657,
            68.12973739011636
        ],
        [
            70.52853119204136,
            65.7994565640922
        ],
        [
            75.61317980824772,
            33.75136377356221
        ],
        [
            20.453183900279097,
            40.86438547226069
        ],
        [
            22.85539800400157,
            58.45852356026938
        ],
        [
            73.53037763468879,
            62.003689786403676
        ],
        [
            92.56210723545,
            47.88164104654994
        ],
        [
            35.298839820427155,
            55.69061762986035
        ],
        [
            20.808693968962267,
            47.73662806946515
        ],
        [
            68.45600634617308,
            46.398202223509486
        ],
        [
            36.1791071216811,
            40.64695963405791
        ],
        [
            46.270733698669936,
            32.90368315437636
        ]
    ],
    "edges": [
        [
            2,
            3
        ],
        [
            3,
            2
        ],
        [
            2,
            4
        ],
        [
            4,
            2
        ],
        [
            3,
            5
        ],
        [
            5,
            3
        ],
        [
            4,
            5
        ],
        [
            5,
            4
        ],
        [
            12,
            13
        ],
        [
            13,
            12
        ],
        [
            15,
            0
        ],
        [
            0,
            15
        ],
        [
            2,
            5
        ],
        [
            5,
            2
        ],
        [
            4,
            3
        ],
        [
            3,
            4
        ],
        [
            3,
            10
        ],
        [
            10,
            3
        ],
        [
            5,
            10
        ],
        [
            10,
            5
        ],
        [
            13,
            10
        ],
        [
            10,
            13
        ],
        [
            6,
            9
        ],
        [
            9,
            6
        ],
        [
            1,
            3
        ],
        [
            3,
            1
        ],
        [
            1,
            15
        ],
        [
            15,
            1
        ],
        [
            7,
            14
        ],
        [
            14,
            7
        ],
        [
            8,
            11
        ],
        [
            11,
            8
        ],
        [
            0,
            0
        ],
        [
            1,
            1
        ],
        [
            2,
            2
        ],
        [
            3,
            3
        ],
        [
            4,
            4
        ],
        [
            5,
            5
        ],
        [
            6,
            6
        ],
        [
            7,
            7
        ],
        [
            8,
            8
        ],
        [
            9,
            9
        ],
        [
            10,
            10
        ],
        [
            11,
            11
        ],
        [
            12,
            12
        ],
        [
            13,
            13
        ],
        [
            14,
            14
        ],
        [
            15,
            15
        ]
    ],
    "similarity": 0.34
}