{
    "coords": [
        [
            45.855913482002215,
            64.86534044901833
        ],
        [
            43.29681438208222,
            20.758216206201357
        ],
        [
            30.736389277962022,
            37.80561755598739
        ],
        [
            19.689708475789374,
            29.253317291358066
        ],
        [
            71.26304780949562,
            29.822213641658497
        ],
        [
            21.732607897131476,
            64.41726972376067
        ],
        [
            70.22909273364614,
            63.55151797264761
        ],
        [
            76.4585043924416,
            34.08637164079642
        ],
        [
            21.66308794779421,
            36.74560722164531
        ],
        [
            75.79858571784426,
            59.66992192293786
        ],
        [
            90.87860254009232,
            47.357290509262164
        ],
        [
            29.412913061441795,
            57.320380889596734
        ],
        [
            19.99554101380112,
            47.47029313023182
        ],
        [
            68.24672399608414,
            48.74703109634285
        ],
        [
            18.936694658424265,
            57.114278306406895
        ],
        [
            44.55021900728797,
            29.246103494707082
        ]
    ],
    "edges": [
        [
            3,
            4
        ],
        [
            4,
            3
        ],
        [
            3,
            5
        ],
        [
            5,
            3
        ],
        [
            4,
            6
        ],
        [
            6,
            4
        ],
        [
            5,
            6
        ],
        [
            6,
            5
        ],
        [
            12,
            13
        ],
        [
            13,
            12
        ],
        [
            15,
            0
        ],
        [
            0,
            15
        ],
        [
            3,
            6
        ],
        [
            6,
            3
        ],
        [
            5,
            4
        ],
        [
            4,
            5
        ],
        [
            4,
            10
        ],
        [
            10,
            4
        ],
        [
            6,
            10
        ],
        [
            10,
            6
        ],
        [
            13,
            10
        ],
        [
            10,
            13
        ],
        [
            7,
            9
        ],
        [
            9,
            7
        ],
        [
            1,
            4
        ],
        [
            4,
            1
        ],
        [
            1,
            15
        ],
        [
            15,
            1
        ],
        [
            8,
            2
        ],
        [
            2,
            8
        ],
        [
            14,
            11
        ],
        [
            11,
            14
        ],
        [
            2,
            11
        ],
        [
            11,
            2
        ],
        [
            8,
            11
        ],
        [
            11,
            8
        ],
        [
            2,
            14
        ],
        [
            14,
            2
        ],
        [
            0,
            0
        ],
        [
            1,
            1
        ],
        [
            2,
            2
        ],
        [
            3,
            3
        ],
        [
            4,
            4
        ],
        [
            5,
            5
        ],
        [
            6,
            6
        ],
        [
            7,
            7
        ],
        [
            8,
            8
        ],
        [
            9,
            9
        ],
        [
            10,
            10
        ],
        [
            11,
            11
        ],
        [
            12,
            12
        ],
        [
            13,
            13
        ],
        [
            14,
            14
        ],
        [
            15,
            15
        ]
    ],
    "similarity": 0.64
}