{
    "coords": [
        [
            48.246216417394685,
            63.90884028423912
        ],
        [
            43.138492680222676,
            23.26718906650548
        ],
        [
            18.062574815888762,
            32.33083717164565
        ],
        [
            70.29033805865858,
            28.64227962659483
        ],
        [
            23.223800129727504,
            62.42282119106898
        ],
        [
            72.9823087160617,
            61.73783089725439
        ],
        [
            75.2571048928168,
            38.405040304634014
        ],
        [
            23.35309546866988,
            41.007946875401075
        ],
        [
            23.211581423042368,
            53.620724390671015
        ],
        [
            73.9256890090557,
            61.985417546046996
        ],
        [
            91.53193115463368,
            48.64227753182255
        ],
        [
            30.211422366133526,
            55.84579020168394
        ],
        [
            22.838769626687736,
            45.45212244638213
        ],
        [
            69.27084316143035,
            48.02687721774523
        ],
        [
            31.38161951192033,
            38.39211314413798
        ],
        [
            48.4392993049411,
            29.54646385958723
        ]
    ],
    "edges": [
        [
            2,
            3
        ],
        [
            3,
            2
        ],
        [
            2,
            4
        ],
        [
            4,
            2
        ],
        [
            3,
            5
        ],
        [
            5,
            3
        ],
        [
            4,
            5
        ],
        [
            5,
            4
        ],
        [
            12,
            13
        ],
        [
            13,
            12
        ],
        [
            15,
            0
        ],
        [
            0,
            15
        ],
        [
            2,
            5
        ],
        [
            5,
            2
        ],
        [
            4,
            3
        ],
        [
            3,
            4
        ],
        [
            3,
            10
        ],
        [
            10,
            3
        ],
        [
            5,
            10
        ],
        [
            10,
            5
        ],
        [
            13,
            10
        ],
        [
            10,
            13
        ],
        [
            6,
            9
        ],
        [
            9,
            6
        ],
        [
            1,
            3
        ],
        [
            3,
            1
        ],
        [
            1,
            15
        ],
        [
            15,
            1
        ],
        [
            7,
            14
        ],
        [
            14,
            7
        ],
        [
            8,
            11
        ],
        [
            11,
            8
        ],
        [
            0,
            0
        ],
        [
            1,
            1
        ],
        [
            2,
            2
        ],
        [
            3,
            3
        ],
        [
            4,
            4
        ],
        [
            5,
            5
        ],
        [
            6,
            6
        ],
        [
            7,
            7
        ],
        [
            8,
            8
        ],
        [
            9,
            9
        ],
        [
            10,
            10
        ],
        [
            11,
            11
        ],
        [
            12,
            12
        ],
        [
            13,
            13
        ],
        [
            14,
            14
        ],
        [
            15,
            15
        ]
    ],
    "similarity": 0.31
}