{
    "coords": [
        [
            47.86992527701129,
            66.92527093671308
        ],
        [
            19.647537542359686,
            30.05235897221252
        ],
        [
            73.36945264249088,
            26.533368617498688
        ],
        [
            18.439212077995958,
            60.76239250091182
        ],
        [
            68.94678398625871,
            67.0096649909438
        ],
        [
            23.59137431070647,
            49.28571332318404
        ],
        [
            72.53737589520944,
            50.904219156325674
        ],
        [
            42.87809969072573,
            31.957307675295652
        ]
    ],
    "edges": [
        [
            1,
            2
        ],
        [
            2,
            1
        ],
        [
            1,
            3
        ],
        [
            3,
            1
        ],
        [
            2,
            4
        ],
        [
            4,
            2
        ],
        [
            3,
            4
        ],
        [
            4,
            3
        ],
        [
            5,
            6
        ],
        [
            6,
            5
        ],
        [
            7,
            0
        ],
        [
            0,
            7
        ],
        [
            0,
            0
        ],
        [
            1,
            1
        ],
        [
            2,
            2
        ],
        [
            3,
            3
        ],
        [
            4,
            4
        ],
        [
            5,
            5
        ],
        [
            6,
            6
        ],
        [
            7,
            7
        ]
    ],
    "similarity": 0.13
}