{
    "coords": [
        [
            21.025406302272685,
            36.310332049769414
        ],
        [
            18.446158421388184,
            74.74095169926063
        ],
        [
            75.3472814816569,
            34.3010192073872
        ],
        [
            75.80955752098284,
            61.49392274559186
        ],
        [
            89.66180378759235,
            49.22584741660474
        ],
        [
            29.619295822839348,
            71.15508724349958
        ],
        [
            19.395594157647444,
            49.33515948631357
        ],
        [
            45.779576355901106,
            63.91955097789898
        ],
        [
            69.72533823407935,
            31.432514567539606
        ],
        [
            19.9074090508406,
            55.71357709082651
        ],
        [
            34.856524112982925,
            55.17466435070499
        ],
        [
            31.54835151716458,
            38.67683309036155
        ],
        [
            24.986335261805497,
            31.984207325801208
        ],
        [
            58.996997875291186,
            71.23385260253782
        ],
        [
            28.173588967534023,
            65.18967440924446
        ],
        [
            44.50849425956928,
            33.62745290231722
        ],
        [
            20.590299421353997,
            30.241955386428465
        ],
        [
            69.16430738374214,
            64.36623050704031
        ],
        [
            31.92772436135471,
            75.10168080847556
        ],
        [
            44.88670997273135,
            19.691457434928928
        ],
        [
            19.379388807885157,
            64.90417590549539
        ],
        [
            60.37017711374751,
            67.27110451157237
        ],
        [
            43.56360628566972,
            69.27876903626172
        ],
        [
            66.169391286142,
            69.02571130485217
        ],
        [
            70.73426689163257,
            47.67334053763404
        ],
        [
            46.93608137050185,
            30.984573429961607
        ]
    ],
    "edges": [
        [
            16,
            8
        ],
        [
            8,
            16
        ],
        [
            16,
            20
        ],
        [
            20,
            16
        ],
        [
            8,
            17
        ],
        [
            17,
            8
        ],
        [
            20,
            17
        ],
        [
            17,
            20
        ],
        [
            6,
            24
        ],
        [
            24,
            6
        ],
        [
            25,
            7
        ],
        [
            7,
            25
        ],
        [
            16,
            17
        ],
        [
            17,
            16
        ],
        [
            20,
            8
        ],
        [
            8,
            20
        ],
        [
            8,
            4
        ],
        [
            4,
            8
        ],
        [
            17,
            4
        ],
        [
            4,
            17
        ],
        [
            24,
            4
        ],
        [
            4,
            24
        ],
        [
            2,
            3
        ],
        [
            3,
            2
        ],
        [
            19,
            8
        ],
        [
            8,
            19
        ],
        [
            19,
            25
        ],
        [
            25,
            19
        ],
        [
            0,
            11
        ],
        [
            11,
            0
        ],
        [
            9,
            10
        ],
        [
            10,
            9
        ],
        [
            11,
            10
        ],
        [
            10,
            11
        ],
        [
            0,
            11
        ],
        [
            11,
            0
        ],
        [
            0,
            10
        ],
        [
            10,
            0
        ],
        [
            11,
            9
        ],
        [
            9,
            11
        ],
        [
            20,
            1
        ],
        [
            1,
            20
        ],
        [
            14,
            18
        ],
        [
            18,
            14
        ],
        [
            1,
            18
        ],
        [
            18,
            1
        ],
        [
            20,
            18
        ],
        [
            18,
            20
        ],
        [
            22,
            7
        ],
        [
            7,
            22
        ],
        [
            5,
            23
        ],
        [
            23,
            5
        ],
        [
            21,
            13
        ],
        [
            13,
            21
        ],
        [
            12,
            15
        ],
        [
            15,
            12
        ],
        [
            0,
            0
        ],
        [
            1,
            1
        ],
        [
            2,
            2
        ],
        [
            3,
            3
        ],
        [
            4,
            4
        ],
        [
            5,
            5
        ],
        [
            6,
            6
        ],
        [
            7,
            7
        ],
        [
            8,
            8
        ],
        [
            9,
            9
        ],
        [
            10,
            10
        ],
        [
            11,
            11
        ],
        [
            12,
            12
        ],
        [
            13,
            13
        ],
        [
            14,
            14
        ],
        [
            15,
            15
        ],
        [
            16,
            16
        ],
        [
            17,
            17
        ],
        [
            18,
            18
        ],
        [
            19,
            19
        ],
        [
            20,
            20
        ],
        [
            21,
            21
        ],
        [
            22,
            22
        ],
        [
            23,
            23
        ],
        [
            24,
            24
        ],
        [
            25,
            25
        ]
    ],
    "similarity": 0.61
}