{
    "coords": [
        [
            47.39144360192715,
            64.4590334241087
        ],
        [
            42.41808123201928,
            20.545343176426197
        ],
        [
            29.07336814203665,
            35.7108872050297
        ],
        [
            19.36541637948815,
            30.581185397871998
        ],
        [
            69.29403846918278,
            30.993495078563225
        ],
        [
            19.676837575046378,
            63.700106430349386
        ],
        [
            71.94796429640651,
            65.23364079055
        ],
        [
            77.46997763243219,
            34.28173850306992
        ],
        [
            20.175971675462485,
            34.60747300079547
        ],
        [
            74.818891688127,
            58.1854199562361
        ],
        [
            89.63359159627849,
            49.74787911038551
        ],
        [
            19.51688799937438,
            47.832114527947596
        ],
        [
            67.94546514418987,
            44.693664298097424
        ],
        [
            43.70071338228831,
            29.477713855379687
        ]
    ],
    "edges": [
        [
            3,
            4
        ],
        [
            4,
            3
        ],
        [
            3,
            5
        ],
        [
            5,
            3
        ],
        [
            4,
            6
        ],
        [
            6,
            4
        ],
        [
            5,
            6
        ],
        [
            6,
            5
        ],
        [
            11,
            12
        ],
        [
            12,
            11
        ],
        [
            13,
            0
        ],
        [
            0,
            13
        ],
        [
            3,
            6
        ],
        [
            6,
            3
        ],
        [
            5,
            4
        ],
        [
            4,
            5
        ],
        [
            4,
            10
        ],
        [
            10,
            4
        ],
        [
            6,
            10
        ],
        [
            10,
            6
        ],
        [
            12,
            10
        ],
        [
            10,
            12
        ],
        [
            7,
            9
        ],
        [
            9,
            7
        ],
        [
            1,
            4
        ],
        [
            4,
            1
        ],
        [
            1,
            13
        ],
        [
            13,
            1
        ],
        [
            8,
            2
        ],
        [
            2,
            8
        ],
        [
            0,
            0
        ],
        [
            1,
            1
        ],
        [
            2,
            2
        ],
        [
            3,
            3
        ],
        [
            4,
            4
        ],
        [
            5,
            5
        ],
        [
            6,
            6
        ],
        [
            7,
            7
        ],
        [
            8,
            8
        ],
        [
            9,
            9
        ],
        [
            10,
            10
        ],
        [
            11,
            11
        ],
        [
            12,
            12
        ],
        [
            13,
            13
        ]
    ],
    "similarity": 0.42
}