{
    "coords": [
        [
            46.49561503673095,
            63.099270404994776
        ],
        [
            43.720084163490306,
            19.949457675544572
        ],
        [
            18.112711467120597,
            28.287730673493275
        ],
        [
            72.0896037301348,
            26.969736896418176
        ],
        [
            18.44883042917536,
            67.44929541766929
        ],
        [
            68.24049908270413,
            66.25151250502202
        ],
        [
            74.16794520641614,
            32.7579100001331
        ],
        [
            21.214030562126254,
            36.66012777484009
        ],
        [
            18.922625508027224,
            56.87037621413652
        ],
        [
            77.81383560872669,
            62.91597163740517
        ],
        [
            88.96736691855727,
            49.07343395717031
        ],
        [
            30.456065440436703,
            54.67030377375843
        ],
        [
            19.847453731844418,
            49.57061057953742
        ],
        [
            67.00108479665735,
            50.40844162091905
        ],
        [
            32.32175300220555,
            41.83140495324199
        ],
        [
            44.936848126938514,
            30.017181098574007
        ]
    ],
    "edges": [
        [
            2,
            3
        ],
        [
            3,
            2
        ],
        [
            2,
            4
        ],
        [
            4,
            2
        ],
        [
            3,
            5
        ],
        [
            5,
            3
        ],
        [
            4,
            5
        ],
        [
            5,
            4
        ],
        [
            12,
            13
        ],
        [
            13,
            12
        ],
        [
            15,
            0
        ],
        [
            0,
            15
        ],
        [
            2,
            5
        ],
        [
            5,
            2
        ],
        [
            4,
            3
        ],
        [
            3,
            4
        ],
        [
            3,
            10
        ],
        [
            10,
            3
        ],
        [
            5,
            10
        ],
        [
            10,
            5
        ],
        [
            13,
            10
        ],
        [
            10,
            13
        ],
        [
            6,
            9
        ],
        [
            9,
            6
        ],
        [
            1,
            3
        ],
        [
            3,
            1
        ],
        [
            1,
            15
        ],
        [
            15,
            1
        ],
        [
            7,
            14
        ],
        [
            14,
            7
        ],
        [
            8,
            11
        ],
        [
            11,
            8
        ],
        [
            0,
            0
        ],
        [
            1,
            1
        ],
        [
            2,
            2
        ],
        [
            3,
            3
        ],
        [
            4,
            4
        ],
        [
            5,
            5
        ],
        [
            6,
            6
        ],
        [
            7,
            7
        ],
        [
            8,
            8
        ],
        [
            9,
            9
        ],
        [
            10,
            10
        ],
        [
            11,
            11
        ],
        [
            12,
            12
        ],
        [
            13,
            13
        ],
        [
            14,
            14
        ],
        [
            15,
            15
        ]
    ],
    "similarity": 0.33
}