{
    "coords": [
        [
            20.084228769287318,
            38.050593920625474
        ],
        [
            20.101837525709666,
            75.35736534456345
        ],
        [
            76.31413100676077,
            33.79941391343803
        ],
        [
            76.73145536064597,
            59.930730119185206
        ],
        [
            91.4791333490316,
            46.83018927441597
        ],
        [
            22.007070146344347,
            49.64807101790928
        ],
        [
            45.40156700692422,
            63.49570794383478
        ],
        [
            69.26299817325662,
            31.73100864111968
        ],
        [
            21.132877930698815,
            54.053703676791976
        ],
        [
            33.472338946311766,
            55.27940843766673
        ],
        [
            32.51304469246153,
            36.52397778120637
        ],
        [
            31.399325369399726,
            64.30493274847517
        ],
        [
            22.295982885093547,
            29.76646789043779
        ],
        [
            71.46014438151774,
            66.87185094003411
        ],
        [
            28.404271883403005,
            77.23808914026264
        ],
        [
            46.20934143917618,
            19.84623659294693
        ],
        [
            19.979077541598844,
            66.12540681621407
        ],
        [
            71.55951107348852,
            45.835390950340766
        ],
        [
            44.001232937009114,
            28.078169394079374
        ]
    ],
    "edges": [
        [
            12,
            7
        ],
        [
            7,
            12
        ],
        [
            12,
            16
        ],
        [
            16,
            12
        ],
        [
            7,
            13
        ],
        [
            13,
            7
        ],
        [
            16,
            13
        ],
        [
            13,
            16
        ],
        [
            5,
            17
        ],
        [
            17,
            5
        ],
        [
            18,
            6
        ],
        [
            6,
            18
        ],
        [
            12,
            13
        ],
        [
            13,
            12
        ],
        [
            16,
            7
        ],
        [
            7,
            16
        ],
        [
            7,
            4
        ],
        [
            4,
            7
        ],
        [
            13,
            4
        ],
        [
            4,
            13
        ],
        [
            17,
            4
        ],
        [
            4,
            17
        ],
        [
            2,
            3
        ],
        [
            3,
            2
        ],
        [
            15,
            7
        ],
        [
            7,
            15
        ],
        [
            15,
            18
        ],
        [
            18,
            15
        ],
        [
            0,
            10
        ],
        [
            10,
            0
        ],
        [
            8,
            9
        ],
        [
            9,
            8
        ],
        [
            10,
            9
        ],
        [
            9,
            10
        ],
        [
            0,
            10
        ],
        [
            10,
            0
        ],
        [
            0,
            9
        ],
        [
            9,
            0
        ],
        [
            10,
            8
        ],
        [
            8,
            10
        ],
        [
            16,
            1
        ],
        [
            1,
            16
        ],
        [
            11,
            14
        ],
        [
            14,
            11
        ],
        [
            1,
            14
        ],
        [
            14,
            1
        ],
        [
            16,
            14
        ],
        [
            14,
            16
        ],
        [
            0,
            0
        ],
        [
            1,
            1
        ],
        [
            2,
            2
        ],
        [
            3,
            3
        ],
        [
            4,
            4
        ],
        [
            5,
            5
        ],
        [
            6,
            6
        ],
        [
            7,
            7
        ],
        [
            8,
            8
        ],
        [
            9,
            9
        ],
        [
            10,
            10
        ],
        [
            11,
            11
        ],
        [
            12,
            12
        ],
        [
            13,
            13
        ],
        [
            14,
            14
        ],
        [
            15,
            15
        ],
        [
            16,
            16
        ],
        [
            17,
            17
        ],
        [
            18,
            18
        ]
    ],
    "similarity": 0.53
}