{
    "coords": [
        [
            47.57888901215297,
            62.285588709205605
        ],
        [
            23.196288882705502,
            28.568388364979484
        ],
        [
            67.51342432098548,
            28.99787368527069
        ],
        [
            18.015336694137826,
            63.612519441902826
        ],
        [
            67.4124538316661,
            64.94278650418357
        ],
        [
            78.34192036977322,
            36.07634351265761
        ],
        [
            76.22482043391327,
            60.56085865190649
        ],
        [
            90.75474324662689,
            47.220131965702755
        ],
        [
            22.75059410349783,
            44.060501046385184
        ],
        [
            71.16297603458051,
            44.14700235655021
        ],
        [
            44.60655688827576,
            26.805612895174193
        ]
    ],
    "edges": [
        [
            1,
            2
        ],
        [
            2,
            1
        ],
        [
            1,
            3
        ],
        [
            3,
            1
        ],
        [
            2,
            4
        ],
        [
            4,
            2
        ],
        [
            3,
            4
        ],
        [
            4,
            3
        ],
        [
            8,
            9
        ],
        [
            9,
            8
        ],
        [
            10,
            0
        ],
        [
            0,
            10
        ],
        [
            1,
            4
        ],
        [
            4,
            1
        ],
        [
            3,
            2
        ],
        [
            2,
            3
        ],
        [
            2,
            7
        ],
        [
            7,
            2
        ],
        [
            4,
            7
        ],
        [
            7,
            4
        ],
        [
            9,
            7
        ],
        [
            7,
            9
        ],
        [
            5,
            6
        ],
        [
            6,
            5
        ],
        [
            0,
            0
        ],
        [
            1,
            1
        ],
        [
            2,
            2
        ],
        [
            3,
            3
        ],
        [
            4,
            4
        ],
        [
            5,
            5
        ],
        [
            6,
            6
        ],
        [
            7,
            7
        ],
        [
            8,
            8
        ],
        [
            9,
            9
        ],
        [
            10,
            10
        ]
    ],
    "similarity": 0.28
}