{
    "coords": [
        [
            20.543734359027177,
            68.09101254029204
        ],
        [
            19.7835929222708,
            26.986473779090282
        ],
        [
            67.26454167080016,
            25.903124574616
        ]
    ],
    "edges": [
        [
            1,
            2
        ],
        [
            2,
            1
        ],
        [
            1,
            0
        ],
        [
            0,
            1
        ],
        [
            0,
            0
        ],
        [
            1,
            1
        ],
        [
            2,
            2
        ]
    ],
    "similarity": 0.04
}