{
    "coords": [
        [
            43.60572713669196,
            67.71237779356066
        ],
        [
            46.26938996858935,
            20.24495507185013
        ],
        [
            17.622773921514394,
            31.90036170775674
        ],
        [
            67.50573788037107,
            32.03791124359996
        ],
        [
            22.424585526558484,
            67.6117961271592
        ],
        [
            71.17998145399066,
            66.9579819724449
        ],
        [
            73.27144092581543,
            32.8032126214778
        ],
        [
            20.25588172440103,
            40.800032319899124
        ],
        [
            17.511921526133637,
            54.17757151783346
        ],
        [
            75.50143842250203,
            61.40807492076212
        ],
        [
            87.33584043669114,
            47.648275364816385
        ],
        [
            34.772224100315334,
            53.800421286327946
        ],
        [
            29.05350698036,
            36.451605210088786
        ],
        [
            18.41682421216026,
            45.83277299080451
        ],
        [
            67.2374616703614,
            45.16104273684009
        ],
        [
            42.66408943516395,
            28.38981974710435
        ]
    ],
    "edges": [
        [
            2,
            3
        ],
        [
            3,
            2
        ],
        [
            2,
            4
        ],
        [
            4,
            2
        ],
        [
            3,
            5
        ],
        [
            5,
            3
        ],
        [
            4,
            5
        ],
        [
            5,
            4
        ],
        [
            13,
            14
        ],
        [
            14,
            13
        ],
        [
            15,
            0
        ],
        [
            0,
            15
        ],
        [
            2,
            5
        ],
        [
            5,
            2
        ],
        [
            4,
            3
        ],
        [
            3,
            4
        ],
        [
            3,
            10
        ],
        [
            10,
            3
        ],
        [
            5,
            10
        ],
        [
            10,
            5
        ],
        [
            14,
            10
        ],
        [
            10,
            14
        ],
        [
            6,
            9
        ],
        [
            9,
            6
        ],
        [
            1,
            3
        ],
        [
            3,
            1
        ],
        [
            1,
            15
        ],
        [
            15,
            1
        ],
        [
            7,
            12
        ],
        [
            12,
            7
        ],
        [
            8,
            11
        ],
        [
            11,
            8
        ],
        [
            12,
            11
        ],
        [
            11,
            12
        ],
        [
            7,
            12
        ],
        [
            12,
            7
        ],
        [
            7,
            11
        ],
        [
            11,
            7
        ],
        [
            12,
            8
        ],
        [
            8,
            12
        ],
        [
            0,
            0
        ],
        [
            1,
            1
        ],
        [
            2,
            2
        ],
        [
            3,
            3
        ],
        [
            4,
            4
        ],
        [
            5,
            5
        ],
        [
            6,
            6
        ],
        [
            7,
            7
        ],
        [
            8,
            8
        ],
        [
            9,
            9
        ],
        [
            10,
            10
        ],
        [
            11,
            11
        ],
        [
            12,
            12
        ],
        [
            13,
            13
        ],
        [
            14,
            14
        ],
        [
            15,
            15
        ]
    ],
    "similarity": 0.44
}