{
    "coords": [
        [
            21.034953010668602,
            39.51581393475563
        ],
        [
            19.05403521319478,
            73.68189629036524
        ],
        [
            75.07226722809725,
            35.25372418013532
        ],
        [
            75.21672972789075,
            59.53979397273631
        ],
        [
            89.49728145105644,
            47.04704940072351
        ],
        [
            29.853915245885737,
            70.20561738445613
        ],
        [
            19.419636862786486,
            46.254177733305056
        ],
        [
            44.814826228752764,
            66.8690868231344
        ],
        [
            70.41693217153093,
            31.98935895153816
        ],
        [
            21.084889188330163,
            55.760768977457886
        ],
        [
            31.406576881748148,
            54.588539110635175
        ],
        [
            33.26832731016675,
            36.550640882822854
        ],
        [
            24.16169322912462,
            34.95794867608444
        ],
        [
            60.07360228364622,
            72.01529869446908
        ],
        [
            31.671392182707685,
            65.90597264631815
        ],
        [
            43.39356030033753,
            33.39143682658098
        ],
        [
            18.368311842115858,
            31.071073319025892
        ],
        [
            72.03251850974067,
            66.218827892352
        ],
        [
            30.26760060491503,
            73.72894985659832
        ],
        [
            45.15161483523027,
            20.18817482656211
        ],
        [
            18.76814883611952,
            63.970956423225395
        ],
        [
            58.40463199900015,
            69.34585176991823
        ],
        [
            43.862395016256464,
            69.7929800319925
        ],
        [
            63.55872768262368,
            70.12229616769295
        ],
        [
            68.92160315322158,
            47.555589806208914
        ],
        [
            46.945431540059886,
            31.74792214895175
        ]
    ],
    "edges": [
        [
            16,
            8
        ],
        [
            8,
            16
        ],
        [
            16,
            20
        ],
        [
            20,
            16
        ],
        [
            8,
            17
        ],
        [
            17,
            8
        ],
        [
            20,
            17
        ],
        [
            17,
            20
        ],
        [
            6,
            24
        ],
        [
            24,
            6
        ],
        [
            25,
            7
        ],
        [
            7,
            25
        ],
        [
            16,
            17
        ],
        [
            17,
            16
        ],
        [
            20,
            8
        ],
        [
            8,
            20
        ],
        [
            8,
            4
        ],
        [
            4,
            8
        ],
        [
            17,
            4
        ],
        [
            4,
            17
        ],
        [
            24,
            4
        ],
        [
            4,
            24
        ],
        [
            2,
            3
        ],
        [
            3,
            2
        ],
        [
            19,
            8
        ],
        [
            8,
            19
        ],
        [
            19,
            25
        ],
        [
            25,
            19
        ],
        [
            0,
            11
        ],
        [
            11,
            0
        ],
        [
            9,
            10
        ],
        [
            10,
            9
        ],
        [
            11,
            10
        ],
        [
            10,
            11
        ],
        [
            0,
            11
        ],
        [
            11,
            0
        ],
        [
            0,
            10
        ],
        [
            10,
            0
        ],
        [
            11,
            9
        ],
        [
            9,
            11
        ],
        [
            20,
            1
        ],
        [
            1,
            20
        ],
        [
            14,
            18
        ],
        [
            18,
            14
        ],
        [
            1,
            18
        ],
        [
            18,
            1
        ],
        [
            20,
            18
        ],
        [
            18,
            20
        ],
        [
            22,
            7
        ],
        [
            7,
            22
        ],
        [
            5,
            23
        ],
        [
            23,
            5
        ],
        [
            21,
            13
        ],
        [
            13,
            21
        ],
        [
            12,
            15
        ],
        [
            15,
            12
        ],
        [
            0,
            0
        ],
        [
            1,
            1
        ],
        [
            2,
            2
        ],
        [
            3,
            3
        ],
        [
            4,
            4
        ],
        [
            5,
            5
        ],
        [
            6,
            6
        ],
        [
            7,
            7
        ],
        [
            8,
            8
        ],
        [
            9,
            9
        ],
        [
            10,
            10
        ],
        [
            11,
            11
        ],
        [
            12,
            12
        ],
        [
            13,
            13
        ],
        [
            14,
            14
        ],
        [
            15,
            15
        ],
        [
            16,
            16
        ],
        [
            17,
            17
        ],
        [
            18,
            18
        ],
        [
            19,
            19
        ],
        [
            20,
            20
        ],
        [
            21,
            21
        ],
        [
            22,
            22
        ],
        [
            23,
            23
        ],
        [
            24,
            24
        ],
        [
            25,
            25
        ]
    ],
    "similarity": 0.59
}