{
    "coords": [
        [
            44.86487608954484,
            64.40778254132212
        ],
        [
            20.776784544225766,
            26.788551524061624
        ],
        [
            70.22596626385375,
            33.58362457044625
        ],
        [
            20.100615768863783,
            65.69929113959522
        ],
        [
            69.85873143334054,
            69.2603974489721
        ],
        [
            21.847860535513483,
            44.246427791008685
        ],
        [
            71.11017567655219,
            48.20452717846911
        ],
        [
            44.98713994541622,
            32.35243696789767
        ]
    ],
    "edges": [
        [
            1,
            2
        ],
        [
            2,
            1
        ],
        [
            1,
            3
        ],
        [
            3,
            1
        ],
        [
            2,
            4
        ],
        [
            4,
            2
        ],
        [
            3,
            4
        ],
        [
            4,
            3
        ],
        [
            5,
            6
        ],
        [
            6,
            5
        ],
        [
            7,
            0
        ],
        [
            0,
            7
        ],
        [
            1,
            4
        ],
        [
            4,
            1
        ],
        [
            3,
            2
        ],
        [
            2,
            3
        ],
        [
            0,
            0
        ],
        [
            1,
            1
        ],
        [
            2,
            2
        ],
        [
            3,
            3
        ],
        [
            4,
            4
        ],
        [
            5,
            5
        ],
        [
            6,
            6
        ],
        [
            7,
            7
        ]
    ],
    "similarity": 0.13
}