{
    "coords": [
        [
            21.448507750265474,
            60.53690747193088
        ],
        [
            67.98870247414952,
            68.89833090078248
        ],
        [
            20.14837502766016,
            33.11945998529456
        ],
        [
            72.48583336211118,
            28.124306040074
        ]
    ],
    "edges": [
        [
            2,
            3
        ],
        [
            3,
            2
        ],
        [
            2,
            0
        ],
        [
            0,
            2
        ],
        [
            3,
            1
        ],
        [
            1,
            3
        ],
        [
            0,
            1
        ],
        [
            1,
            0
        ],
        [
            0,
            0
        ],
        [
            1,
            1
        ],
        [
            2,
            2
        ],
        [
            3,
            3
        ]
    ],
    "similarity": 0.08
}