{
    "coords": [
        [
            44.21869875586896,
            66.99476742276936
        ],
        [
            20.87163286175495,
            26.432752154672464
        ],
        [
            73.52863773156317,
            30.610743821116916
        ],
        [
            16.42545031395864,
            62.37538555252855
        ],
        [
            66.18945175845313,
            62.96996608477844
        ],
        [
            93.7858602309215,
            45.65934592269488
        ],
        [
            20.368404629165592,
            46.88386254929533
        ],
        [
            68.34806740465338,
            48.268520687730756
        ],
        [
            42.21877973294795,
            27.883292696614205
        ]
    ],
    "edges": [
        [
            1,
            2
        ],
        [
            2,
            1
        ],
        [
            1,
            3
        ],
        [
            3,
            1
        ],
        [
            2,
            4
        ],
        [
            4,
            2
        ],
        [
            3,
            4
        ],
        [
            4,
            3
        ],
        [
            6,
            7
        ],
        [
            7,
            6
        ],
        [
            8,
            0
        ],
        [
            0,
            8
        ],
        [
            1,
            4
        ],
        [
            4,
            1
        ],
        [
            3,
            2
        ],
        [
            2,
            3
        ],
        [
            2,
            5
        ],
        [
            5,
            2
        ],
        [
            4,
            5
        ],
        [
            5,
            4
        ],
        [
            0,
            0
        ],
        [
            1,
            1
        ],
        [
            2,
            2
        ],
        [
            3,
            3
        ],
        [
            4,
            4
        ],
        [
            5,
            5
        ],
        [
            6,
            6
        ],
        [
            7,
            7
        ],
        [
            8,
            8
        ]
    ],
    "similarity": 0.23
}