{
    "coords": [
        [
            42.967547412194904,
            68.15344395497556
        ],
        [
            45.10650917163757,
            20.136826690482973
        ],
        [
            21.243794914612362,
            27.818782855499954
        ],
        [
            72.71602869328682,
            26.95046546192658
        ],
        [
            18.07139127649467,
            66.61927130188394
        ],
        [
            67.6638040851628,
            62.09165403220434
        ],
        [
            72.60998661495671,
            35.300541742017835
        ],
        [
            20.832862260811766,
            36.006358803162705
        ],
        [
            19.07145403840304,
            53.554914357557784
        ],
        [
            77.92064188722357,
            61.65633177440064
        ],
        [
            87.55161083880998,
            45.58284123788469
        ],
        [
            35.897975539105914,
            54.85467249641997
        ],
        [
            22.55697276643979,
            44.38724484551791
        ],
        [
            67.56231911288425,
            48.18487786825414
        ],
        [
            32.307604584382396,
            38.674766942354836
        ],
        [
            42.75202081971412,
            26.81018750647552
        ]
    ],
    "edges": [
        [
            2,
            3
        ],
        [
            3,
            2
        ],
        [
            2,
            4
        ],
        [
            4,
            2
        ],
        [
            3,
            5
        ],
        [
            5,
            3
        ],
        [
            4,
            5
        ],
        [
            5,
            4
        ],
        [
            12,
            13
        ],
        [
            13,
            12
        ],
        [
            15,
            0
        ],
        [
            0,
            15
        ],
        [
            2,
            5
        ],
        [
            5,
            2
        ],
        [
            4,
            3
        ],
        [
            3,
            4
        ],
        [
            3,
            10
        ],
        [
            10,
            3
        ],
        [
            5,
            10
        ],
        [
            10,
            5
        ],
        [
            13,
            10
        ],
        [
            10,
            13
        ],
        [
            6,
            9
        ],
        [
            9,
            6
        ],
        [
            1,
            3
        ],
        [
            3,
            1
        ],
        [
            1,
            15
        ],
        [
            15,
            1
        ],
        [
            7,
            14
        ],
        [
            14,
            7
        ],
        [
            8,
            11
        ],
        [
            11,
            8
        ],
        [
            0,
            0
        ],
        [
            1,
            1
        ],
        [
            2,
            2
        ],
        [
            3,
            3
        ],
        [
            4,
            4
        ],
        [
            5,
            5
        ],
        [
            6,
            6
        ],
        [
            7,
            7
        ],
        [
            8,
            8
        ],
        [
            9,
            9
        ],
        [
            10,
            10
        ],
        [
            11,
            11
        ],
        [
            12,
            12
        ],
        [
            13,
            13
        ],
        [
            14,
            14
        ],
        [
            15,
            15
        ]
    ],
    "similarity": 0.33
}