{
    "coords": [
        [
            48.15626429571007,
            63.311785482577385
        ],
        [
            21.35505529609459,
            33.737495251198354
        ],
        [
            67.11513952935577,
            26.55646361471904
        ],
        [
            19.351379013410128,
            68.47274437794758
        ],
        [
            67.21284040819307,
            62.36054797829911
        ],
        [
            72.37198258036013,
            32.439798545671906
        ],
        [
            74.78437100084257,
            57.895615826988475
        ],
        [
            86.97941825891874,
            46.76132218558418
        ],
        [
            22.64465800215733,
            49.17358577436815
        ],
        [
            66.82362813633536,
            44.96269998678953
        ],
        [
            46.99342079147572,
            28.21476291698905
        ]
    ],
    "edges": [
        [
            1,
            2
        ],
        [
            2,
            1
        ],
        [
            1,
            3
        ],
        [
            3,
            1
        ],
        [
            2,
            4
        ],
        [
            4,
            2
        ],
        [
            3,
            4
        ],
        [
            4,
            3
        ],
        [
            8,
            9
        ],
        [
            9,
            8
        ],
        [
            10,
            0
        ],
        [
            0,
            10
        ],
        [
            1,
            4
        ],
        [
            4,
            1
        ],
        [
            3,
            2
        ],
        [
            2,
            3
        ],
        [
            2,
            7
        ],
        [
            7,
            2
        ],
        [
            4,
            7
        ],
        [
            7,
            4
        ],
        [
            9,
            7
        ],
        [
            7,
            9
        ],
        [
            5,
            6
        ],
        [
            6,
            5
        ],
        [
            0,
            0
        ],
        [
            1,
            1
        ],
        [
            2,
            2
        ],
        [
            3,
            3
        ],
        [
            4,
            4
        ],
        [
            5,
            5
        ],
        [
            6,
            6
        ],
        [
            7,
            7
        ],
        [
            8,
            8
        ],
        [
            9,
            9
        ],
        [
            10,
            10
        ]
    ],
    "similarity": 0.25
}