{
    "coords": [
        [
            43.60100431520171,
            64.90646158465422
        ],
        [
            43.33180030922839,
            21.852181930002445
        ],
        [
            31.185510381771106,
            36.98003381649024
        ],
        [
            17.921810124512252,
            29.334764559125027
        ],
        [
            69.0626342644738,
            30.270821987328386
        ],
        [
            18.36211605166156,
            64.6013826273332
        ],
        [
            69.30980772813996,
            64.98738437813624
        ],
        [
            75.86892377416372,
            36.85428612969672
        ],
        [
            18.61616894924088,
            36.2287618700186
        ],
        [
            73.47529818713734,
            58.21499692382884
        ],
        [
            88.69209695328786,
            49.41409932271003
        ],
        [
            31.83524239754474,
            58.32456264834988
        ],
        [
            18.15154583853273,
            47.068235457912216
        ],
        [
            68.50580928560943,
            49.39536316934552
        ],
        [
            19.243578963375054,
            57.25268941131584
        ],
        [
            42.92368518283075,
            30.75074027051898
        ]
    ],
    "edges": [
        [
            3,
            4
        ],
        [
            4,
            3
        ],
        [
            3,
            5
        ],
        [
            5,
            3
        ],
        [
            4,
            6
        ],
        [
            6,
            4
        ],
        [
            5,
            6
        ],
        [
            6,
            5
        ],
        [
            12,
            13
        ],
        [
            13,
            12
        ],
        [
            15,
            0
        ],
        [
            0,
            15
        ],
        [
            3,
            6
        ],
        [
            6,
            3
        ],
        [
            5,
            4
        ],
        [
            4,
            5
        ],
        [
            4,
            10
        ],
        [
            10,
            4
        ],
        [
            6,
            10
        ],
        [
            10,
            6
        ],
        [
            13,
            10
        ],
        [
            10,
            13
        ],
        [
            7,
            9
        ],
        [
            9,
            7
        ],
        [
            1,
            4
        ],
        [
            4,
            1
        ],
        [
            1,
            15
        ],
        [
            15,
            1
        ],
        [
            8,
            2
        ],
        [
            2,
            8
        ],
        [
            14,
            11
        ],
        [
            11,
            14
        ],
        [
            2,
            11
        ],
        [
            11,
            2
        ],
        [
            8,
            11
        ],
        [
            11,
            8
        ],
        [
            0,
            0
        ],
        [
            1,
            1
        ],
        [
            2,
            2
        ],
        [
            3,
            3
        ],
        [
            4,
            4
        ],
        [
            5,
            5
        ],
        [
            6,
            6
        ],
        [
            7,
            7
        ],
        [
            8,
            8
        ],
        [
            9,
            9
        ],
        [
            10,
            10
        ],
        [
            11,
            11
        ],
        [
            12,
            12
        ],
        [
            13,
            13
        ],
        [
            14,
            14
        ],
        [
            15,
            15
        ]
    ],
    "similarity": 0.58
}