{
    "coords": [
        [
            20.96525623493221,
            36.64435974283242
        ],
        [
            18.27984697984296,
            76.9476127752569
        ],
        [
            76.03661593696242,
            33.337099478048145
        ],
        [
            77.90333542212565,
            59.00833381341091
        ],
        [
            90.69490581760255,
            48.40585838253807
        ],
        [
            19.136232312804,
            48.1033306198151
        ],
        [
            43.32539034046788,
            63.363371022287424
        ],
        [
            71.80997567023131,
            29.721825961501743
        ],
        [
            18.408399824022624,
            55.00400957766474
        ],
        [
            30.87125312104058,
            53.97876645101983
        ],
        [
            31.151542225918615,
            37.58216596623534
        ],
        [
            30.10995532313752,
            64.46976953652901
        ],
        [
            20.649754044991138,
            28.121499149944285
        ],
        [
            67.84555722473166,
            64.74271414454667
        ],
        [
            28.3867915200387,
            72.85697932710475
        ],
        [
            43.859116216423004,
            19.74436828906924
        ],
        [
            18.47901339481256,
            63.172614384718564
        ],
        [
            68.27216437725359,
            47.04584934397858
        ],
        [
            46.56734864695983,
            28.624590683968233
        ]
    ],
    "edges": [
        [
            12,
            7
        ],
        [
            7,
            12
        ],
        [
            12,
            16
        ],
        [
            16,
            12
        ],
        [
            7,
            13
        ],
        [
            13,
            7
        ],
        [
            16,
            13
        ],
        [
            13,
            16
        ],
        [
            5,
            17
        ],
        [
            17,
            5
        ],
        [
            18,
            6
        ],
        [
            6,
            18
        ],
        [
            12,
            13
        ],
        [
            13,
            12
        ],
        [
            16,
            7
        ],
        [
            7,
            16
        ],
        [
            7,
            4
        ],
        [
            4,
            7
        ],
        [
            13,
            4
        ],
        [
            4,
            13
        ],
        [
            17,
            4
        ],
        [
            4,
            17
        ],
        [
            2,
            3
        ],
        [
            3,
            2
        ],
        [
            15,
            7
        ],
        [
            7,
            15
        ],
        [
            15,
            18
        ],
        [
            18,
            15
        ],
        [
            0,
            10
        ],
        [
            10,
            0
        ],
        [
            8,
            9
        ],
        [
            9,
            8
        ],
        [
            10,
            9
        ],
        [
            9,
            10
        ],
        [
            0,
            10
        ],
        [
            10,
            0
        ],
        [
            0,
            9
        ],
        [
            9,
            0
        ],
        [
            10,
            8
        ],
        [
            8,
            10
        ],
        [
            16,
            1
        ],
        [
            1,
            16
        ],
        [
            11,
            14
        ],
        [
            14,
            11
        ],
        [
            1,
            14
        ],
        [
            14,
            1
        ],
        [
            16,
            14
        ],
        [
            14,
            16
        ],
        [
            0,
            0
        ],
        [
            1,
            1
        ],
        [
            2,
            2
        ],
        [
            3,
            3
        ],
        [
            4,
            4
        ],
        [
            5,
            5
        ],
        [
            6,
            6
        ],
        [
            7,
            7
        ],
        [
            8,
            8
        ],
        [
            9,
            9
        ],
        [
            10,
            10
        ],
        [
            11,
            11
        ],
        [
            12,
            12
        ],
        [
            13,
            13
        ],
        [
            14,
            14
        ],
        [
            15,
            15
        ],
        [
            16,
            16
        ],
        [
            17,
            17
        ],
        [
            18,
            18
        ]
    ],
    "similarity": 0.51
}