{
    "coords": [
        [
            19.945328407802364,
            35.98749073062758
        ],
        [
            21.66505476113014,
            75.30028528087394
        ],
        [
            72.99941951156907,
            34.2847077822997
        ],
        [
            77.84853321662249,
            61.11869926374878
        ],
        [
            90.84340619346312,
            44.91790497545116
        ],
        [
            19.158702343161515,
            48.59052999055989
        ],
        [
            47.25715038599766,
            67.05670346451673
        ],
        [
            70.80729485065834,
            28.105912082421387
        ],
        [
            22.254895001711276,
            56.729044376366076
        ],
        [
            34.909824548327904,
            58.08421955766448
        ],
        [
            32.30793144009798,
            36.89836457437739
        ],
        [
            28.084144431608138,
            64.68458739095314
        ],
        [
            20.892086966500436,
            32.36259018687909
        ],
        [
            72.40703338639302,
            64.08699430083526
        ],
        [
            32.22481799238371,
            72.4430010085368
        ],
        [
            46.54640635949413,
            22.437534925952576
        ],
        [
            19.750497492277425,
            65.70545639180233
        ],
        [
            70.50010897711957,
            47.144597594735316
        ],
        [
            46.84644227665848,
            31.818080844531963
        ]
    ],
    "edges": [
        [
            12,
            7
        ],
        [
            7,
            12
        ],
        [
            12,
            16
        ],
        [
            16,
            12
        ],
        [
            7,
            13
        ],
        [
            13,
            7
        ],
        [
            16,
            13
        ],
        [
            13,
            16
        ],
        [
            5,
            17
        ],
        [
            17,
            5
        ],
        [
            18,
            6
        ],
        [
            6,
            18
        ],
        [
            12,
            13
        ],
        [
            13,
            12
        ],
        [
            16,
            7
        ],
        [
            7,
            16
        ],
        [
            7,
            4
        ],
        [
            4,
            7
        ],
        [
            13,
            4
        ],
        [
            4,
            13
        ],
        [
            17,
            4
        ],
        [
            4,
            17
        ],
        [
            2,
            3
        ],
        [
            3,
            2
        ],
        [
            15,
            7
        ],
        [
            7,
            15
        ],
        [
            15,
            18
        ],
        [
            18,
            15
        ],
        [
            0,
            10
        ],
        [
            10,
            0
        ],
        [
            8,
            9
        ],
        [
            9,
            8
        ],
        [
            10,
            9
        ],
        [
            9,
            10
        ],
        [
            0,
            10
        ],
        [
            10,
            0
        ],
        [
            0,
            9
        ],
        [
            9,
            0
        ],
        [
            10,
            8
        ],
        [
            8,
            10
        ],
        [
            16,
            1
        ],
        [
            1,
            16
        ],
        [
            11,
            14
        ],
        [
            14,
            11
        ],
        [
            0,
            0
        ],
        [
            1,
            1
        ],
        [
            2,
            2
        ],
        [
            3,
            3
        ],
        [
            4,
            4
        ],
        [
            5,
            5
        ],
        [
            6,
            6
        ],
        [
            7,
            7
        ],
        [
            8,
            8
        ],
        [
            9,
            9
        ],
        [
            10,
            10
        ],
        [
            11,
            11
        ],
        [
            12,
            12
        ],
        [
            13,
            13
        ],
        [
            14,
            14
        ],
        [
            15,
            15
        ],
        [
            16,
            16
        ],
        [
            17,
            17
        ],
        [
            18,
            18
        ]
    ],
    "similarity": 0.47
}