{
    "coords": [
        [
            45.14564643409442,
            64.6105897257117
        ],
        [
            47.227861803184844,
            21.11188032530716
        ],
        [
            18.31132368930981,
            29.114145117281385
        ],
        [
            68.06966588568088,
            29.089092504172253
        ],
        [
            17.60284558132664,
            64.09717531641544
        ],
        [
            68.16166369110509,
            64.80691548829367
        ],
        [
            75.89094590576079,
            36.64648954374787
        ],
        [
            21.72353261254761,
            38.76834956476179
        ],
        [
            18.39369483355283,
            53.83042075044518
        ],
        [
            72.86687259384179,
            60.19896239562317
        ],
        [
            90.04242177965942,
            47.29649471036106
        ],
        [
            30.6065560650895,
            58.12554812089506
        ],
        [
            32.99902448295013,
            35.70526971829785
        ],
        [
            22.036727200858824,
            50.16579898796291
        ],
        [
            71.61566319264429,
            49.67369980148021
        ],
        [
            47.28655842679463,
            30.62476756225508
        ]
    ],
    "edges": [
        [
            2,
            3
        ],
        [
            3,
            2
        ],
        [
            2,
            4
        ],
        [
            4,
            2
        ],
        [
            3,
            5
        ],
        [
            5,
            3
        ],
        [
            4,
            5
        ],
        [
            5,
            4
        ],
        [
            13,
            14
        ],
        [
            14,
            13
        ],
        [
            15,
            0
        ],
        [
            0,
            15
        ],
        [
            2,
            5
        ],
        [
            5,
            2
        ],
        [
            4,
            3
        ],
        [
            3,
            4
        ],
        [
            3,
            10
        ],
        [
            10,
            3
        ],
        [
            5,
            10
        ],
        [
            10,
            5
        ],
        [
            14,
            10
        ],
        [
            10,
            14
        ],
        [
            6,
            9
        ],
        [
            9,
            6
        ],
        [
            1,
            3
        ],
        [
            3,
            1
        ],
        [
            1,
            15
        ],
        [
            15,
            1
        ],
        [
            7,
            12
        ],
        [
            12,
            7
        ],
        [
            8,
            11
        ],
        [
            11,
            8
        ],
        [
            12,
            11
        ],
        [
            11,
            12
        ],
        [
            7,
            12
        ],
        [
            12,
            7
        ],
        [
            7,
            11
        ],
        [
            11,
            7
        ],
        [
            12,
            8
        ],
        [
            8,
            12
        ],
        [
            0,
            0
        ],
        [
            1,
            1
        ],
        [
            2,
            2
        ],
        [
            3,
            3
        ],
        [
            4,
            4
        ],
        [
            5,
            5
        ],
        [
            6,
            6
        ],
        [
            7,
            7
        ],
        [
            8,
            8
        ],
        [
            9,
            9
        ],
        [
            10,
            10
        ],
        [
            11,
            11
        ],
        [
            12,
            12
        ],
        [
            13,
            13
        ],
        [
            14,
            14
        ],
        [
            15,
            15
        ]
    ],
    "similarity": 0.44
}