{
    "coords": [
        [
            20.98841919822656,
            64.46809677284159
        ],
        [
            65.83071662243141,
            66.48756108499582
        ],
        [
            16.453209925868535,
            28.699202825489586
        ],
        [
            69.92912532180195,
            32.851647466605115
        ]
    ],
    "edges": [
        [
            2,
            3
        ],
        [
            3,
            2
        ],
        [
            2,
            0
        ],
        [
            0,
            2
        ],
        [
            3,
            1
        ],
        [
            1,
            3
        ],
        [
            0,
            1
        ],
        [
            1,
            0
        ],
        [
            0,
            0
        ],
        [
            1,
            1
        ],
        [
            2,
            2
        ],
        [
            3,
            3
        ]
    ],
    "similarity": 0.09
}