{
    "coords": [
        [
            47.151885108604006,
            68.05665020441454
        ],
        [
            21.486121147410536,
            33.758272549846076
        ],
        [
            71.7226392091074,
            30.79936093878851
        ],
        [
            20.629797387133095,
            63.31439751012754
        ],
        [
            68.4156887852641,
            62.57263099591073
        ],
        [
            21.575449538844282,
            43.21664555282473
        ],
        [
            69.75634281313182,
            45.468169662081735
        ],
        [
            43.41707937397015,
            29.048710191390395
        ]
    ],
    "edges": [
        [
            1,
            2
        ],
        [
            2,
            1
        ],
        [
            1,
            3
        ],
        [
            3,
            1
        ],
        [
            2,
            4
        ],
        [
            4,
            2
        ],
        [
            3,
            4
        ],
        [
            4,
            3
        ],
        [
            5,
            6
        ],
        [
            6,
            5
        ],
        [
            7,
            0
        ],
        [
            0,
            7
        ],
        [
            1,
            4
        ],
        [
            4,
            1
        ],
        [
            3,
            2
        ],
        [
            2,
            3
        ],
        [
            0,
            0
        ],
        [
            1,
            1
        ],
        [
            2,
            2
        ],
        [
            3,
            3
        ],
        [
            4,
            4
        ],
        [
            5,
            5
        ],
        [
            6,
            6
        ],
        [
            7,
            7
        ]
    ],
    "similarity": 0.14
}