{
    "coords": [
        [
            45.71232882943688,
            69.18621925842693
        ],
        [
            20.467218677105983,
            27.085523758606538
        ],
        [
            69.84083798333695,
            28.43205001263331
        ],
        [
            17.858618280516097,
            66.70832953935694
        ],
        [
            70.60266493308903,
            61.019922493456704
        ],
        [
            17.64559980688849,
            46.07797069235591
        ],
        [
            66.68362246961387,
            45.14412415852441
        ],
        [
            48.730849331026704,
            28.10749183294874
        ]
    ],
    "edges": [
        [
            1,
            2
        ],
        [
            2,
            1
        ],
        [
            1,
            3
        ],
        [
            3,
            1
        ],
        [
            2,
            4
        ],
        [
            4,
            2
        ],
        [
            3,
            4
        ],
        [
            4,
            3
        ],
        [
            5,
            6
        ],
        [
            6,
            5
        ],
        [
            7,
            0
        ],
        [
            0,
            7
        ],
        [
            1,
            4
        ],
        [
            4,
            1
        ],
        [
            3,
            2
        ],
        [
            2,
            3
        ],
        [
            0,
            0
        ],
        [
            1,
            1
        ],
        [
            2,
            2
        ],
        [
            3,
            3
        ],
        [
            4,
            4
        ],
        [
            5,
            5
        ],
        [
            6,
            6
        ],
        [
            7,
            7
        ]
    ],
    "similarity": 0.14
}