{
    "coords": [
        [
            18.991070043445497,
            39.33207788164708
        ],
        [
            18.34616320624731,
            76.38275635893245
        ],
        [
            75.06559372917881,
            34.52141537010624
        ],
        [
            77.57629888110745,
            57.98930901542708
        ],
        [
            90.02446009677698,
            46.43829455448562
        ],
        [
            28.58192001363945,
            67.79982139395393
        ],
        [
            18.33908515322912,
            48.65665684630875
        ],
        [
            44.171064762888044,
            63.27782362421512
        ],
        [
            71.57019655552642,
            28.51748584723761
        ],
        [
            21.742301385350007,
            54.86411414260891
        ],
        [
            31.657363541077974,
            54.27337037656806
        ],
        [
            33.36888683468655,
            39.721594272699555
        ],
        [
            30.782477595116767,
            62.89160830482818
        ],
        [
            21.45162200563999,
            31.642887220854266
        ],
        [
            67.79114413107317,
            63.30298605928708
        ],
        [
            28.60175041917878,
            73.86029773487247
        ],
        [
            45.315639706296814,
            19.332981341147924
        ],
        [
            21.654865262197845,
            63.31283881136255
        ],
        [
            44.795708064614125,
            70.73348614830252
        ],
        [
            66.51772255527462,
            67.98447217544368
        ],
        [
            72.21046170706728,
            49.26723757694863
        ],
        [
            42.87953986600382,
            27.781593580203673
        ]
    ],
    "edges": [
        [
            13,
            8
        ],
        [
            8,
            13
        ],
        [
            13,
            17
        ],
        [
            17,
            13
        ],
        [
            8,
            14
        ],
        [
            14,
            8
        ],
        [
            17,
            14
        ],
        [
            14,
            17
        ],
        [
            6,
            20
        ],
        [
            20,
            6
        ],
        [
            21,
            7
        ],
        [
            7,
            21
        ],
        [
            13,
            14
        ],
        [
            14,
            13
        ],
        [
            17,
            8
        ],
        [
            8,
            17
        ],
        [
            8,
            4
        ],
        [
            4,
            8
        ],
        [
            14,
            4
        ],
        [
            4,
            14
        ],
        [
            20,
            4
        ],
        [
            4,
            20
        ],
        [
            2,
            3
        ],
        [
            3,
            2
        ],
        [
            16,
            8
        ],
        [
            8,
            16
        ],
        [
            16,
            21
        ],
        [
            21,
            16
        ],
        [
            0,
            11
        ],
        [
            11,
            0
        ],
        [
            9,
            10
        ],
        [
            10,
            9
        ],
        [
            11,
            10
        ],
        [
            10,
            11
        ],
        [
            0,
            11
        ],
        [
            11,
            0
        ],
        [
            0,
            10
        ],
        [
            10,
            0
        ],
        [
            11,
            9
        ],
        [
            9,
            11
        ],
        [
            17,
            1
        ],
        [
            1,
            17
        ],
        [
            12,
            15
        ],
        [
            15,
            12
        ],
        [
            1,
            15
        ],
        [
            15,
            1
        ],
        [
            17,
            15
        ],
        [
            15,
            17
        ],
        [
            18,
            7
        ],
        [
            7,
            18
        ],
        [
            5,
            19
        ],
        [
            19,
            5
        ],
        [
            0,
            0
        ],
        [
            1,
            1
        ],
        [
            2,
            2
        ],
        [
            3,
            3
        ],
        [
            4,
            4
        ],
        [
            5,
            5
        ],
        [
            6,
            6
        ],
        [
            7,
            7
        ],
        [
            8,
            8
        ],
        [
            9,
            9
        ],
        [
            10,
            10
        ],
        [
            11,
            11
        ],
        [
            12,
            12
        ],
        [
            13,
            13
        ],
        [
            14,
            14
        ],
        [
            15,
            15
        ],
        [
            16,
            16
        ],
        [
            17,
            17
        ],
        [
            18,
            18
        ],
        [
            19,
            19
        ],
        [
            20,
            20
        ],
        [
            21,
            21
        ]
    ],
    "similarity": 0.55
}