{
    "coords": [
        [
            15.495690121365044,
            67.29680805831889
        ],
        [
            68.20518199304107,
            60.51081761000089
        ],
        [
            16.767436411186175,
            33.97650621953229
        ],
        [
            67.86839565467847,
            29.98755845992236
        ]
    ],
    "edges": [
        [
            2,
            3
        ],
        [
            3,
            2
        ],
        [
            2,
            0
        ],
        [
            0,
            2
        ],
        [
            3,
            1
        ],
        [
            1,
            3
        ],
        [
            0,
            1
        ],
        [
            1,
            0
        ],
        [
            0,
            0
        ],
        [
            1,
            1
        ],
        [
            2,
            2
        ],
        [
            3,
            3
        ]
    ],
    "similarity": 0.09
}