{
    "coords": [
        [
            45.60778450770634,
            66.27907745021291
        ],
        [
            45.226326598924906,
            17.6914078135574
        ],
        [
            18.38946941338375,
            30.710412768131178
        ],
        [
            67.76773857225737,
            28.254576665400627
        ],
        [
            22.148003846731505,
            64.89135629896266
        ],
        [
            71.71776579805088,
            64.34796521943737
        ],
        [
            74.81072872265615,
            32.0646024556666
        ],
        [
            20.134083013220053,
            37.59593198717484
        ],
        [
            22.565268755060952,
            56.541641990733154
        ],
        [
            78.42169799551228,
            59.68700282583885
        ],
        [
            92.25109082195645,
            48.805345170788776
        ],
        [
            31.610943661461132,
            55.81815886108028
        ],
        [
            29.638791039436985,
            40.17424877412334
        ],
        [
            21.404017282385208,
            49.59118380435848
        ],
        [
            71.06456843358963,
            47.428533873461724
        ],
        [
            42.57895857874209,
            30.825953981698124
        ]
    ],
    "edges": [
        [
            2,
            3
        ],
        [
            3,
            2
        ],
        [
            2,
            4
        ],
        [
            4,
            2
        ],
        [
            3,
            5
        ],
        [
            5,
            3
        ],
        [
            4,
            5
        ],
        [
            5,
            4
        ],
        [
            13,
            14
        ],
        [
            14,
            13
        ],
        [
            15,
            0
        ],
        [
            0,
            15
        ],
        [
            2,
            5
        ],
        [
            5,
            2
        ],
        [
            4,
            3
        ],
        [
            3,
            4
        ],
        [
            3,
            10
        ],
        [
            10,
            3
        ],
        [
            5,
            10
        ],
        [
            10,
            5
        ],
        [
            14,
            10
        ],
        [
            10,
            14
        ],
        [
            6,
            9
        ],
        [
            9,
            6
        ],
        [
            1,
            3
        ],
        [
            3,
            1
        ],
        [
            1,
            15
        ],
        [
            15,
            1
        ],
        [
            7,
            12
        ],
        [
            12,
            7
        ],
        [
            8,
            11
        ],
        [
            11,
            8
        ],
        [
            12,
            11
        ],
        [
            11,
            12
        ],
        [
            7,
            12
        ],
        [
            12,
            7
        ],
        [
            0,
            0
        ],
        [
            1,
            1
        ],
        [
            2,
            2
        ],
        [
            3,
            3
        ],
        [
            4,
            4
        ],
        [
            5,
            5
        ],
        [
            6,
            6
        ],
        [
            7,
            7
        ],
        [
            8,
            8
        ],
        [
            9,
            9
        ],
        [
            10,
            10
        ],
        [
            11,
            11
        ],
        [
            12,
            12
        ],
        [
            13,
            13
        ],
        [
            14,
            14
        ],
        [
            15,
            15
        ]
    ],
    "similarity": 0.38
}