{
    "coords": [
        [
            19.903184194767604,
            37.299993083960786
        ],
        [
            21.287116345559536,
            76.26288687082801
        ],
        [
            77.3107375718746,
            34.27749443298423
        ],
        [
            76.88350811398938,
            58.47219672670138
        ],
        [
            88.81478300766588,
            45.366289935743225
        ],
        [
            19.689872898493554,
            46.29323411077401
        ],
        [
            45.281316277441384,
            65.60979523901183
        ],
        [
            71.91072178741375,
            31.71566200679426
        ],
        [
            20.25838221841637,
            53.74513311511646
        ],
        [
            30.918012579081143,
            57.76629458838247
        ],
        [
            31.71250655893917,
            36.030915475132076
        ],
        [
            30.5884300277299,
            66.8715370857296
        ],
        [
            20.323286810002102,
            31.07527884514757
        ],
        [
            71.62018356622538,
            63.069348681360694
        ],
        [
            29.569936175426317,
            74.54529796948192
        ],
        [
            42.93545421256798,
            18.665145788655966
        ],
        [
            18.571363305314907,
            64.7581957081207
        ],
        [
            71.14123523654861,
            48.16963002414658
        ],
        [
            47.33041368453593,
            28.158794158746428
        ]
    ],
    "edges": [
        [
            12,
            7
        ],
        [
            7,
            12
        ],
        [
            12,
            16
        ],
        [
            16,
            12
        ],
        [
            7,
            13
        ],
        [
            13,
            7
        ],
        [
            16,
            13
        ],
        [
            13,
            16
        ],
        [
            5,
            17
        ],
        [
            17,
            5
        ],
        [
            18,
            6
        ],
        [
            6,
            18
        ],
        [
            12,
            13
        ],
        [
            13,
            12
        ],
        [
            16,
            7
        ],
        [
            7,
            16
        ],
        [
            7,
            4
        ],
        [
            4,
            7
        ],
        [
            13,
            4
        ],
        [
            4,
            13
        ],
        [
            17,
            4
        ],
        [
            4,
            17
        ],
        [
            2,
            3
        ],
        [
            3,
            2
        ],
        [
            15,
            7
        ],
        [
            7,
            15
        ],
        [
            15,
            18
        ],
        [
            18,
            15
        ],
        [
            0,
            10
        ],
        [
            10,
            0
        ],
        [
            8,
            9
        ],
        [
            9,
            8
        ],
        [
            10,
            9
        ],
        [
            9,
            10
        ],
        [
            0,
            10
        ],
        [
            10,
            0
        ],
        [
            0,
            9
        ],
        [
            9,
            0
        ],
        [
            10,
            8
        ],
        [
            8,
            10
        ],
        [
            16,
            1
        ],
        [
            1,
            16
        ],
        [
            11,
            14
        ],
        [
            14,
            11
        ],
        [
            0,
            0
        ],
        [
            1,
            1
        ],
        [
            2,
            2
        ],
        [
            3,
            3
        ],
        [
            4,
            4
        ],
        [
            5,
            5
        ],
        [
            6,
            6
        ],
        [
            7,
            7
        ],
        [
            8,
            8
        ],
        [
            9,
            9
        ],
        [
            10,
            10
        ],
        [
            11,
            11
        ],
        [
            12,
            12
        ],
        [
            13,
            13
        ],
        [
            14,
            14
        ],
        [
            15,
            15
        ],
        [
            16,
            16
        ],
        [
            17,
            17
        ],
        [
            18,
            18
        ]
    ],
    "similarity": 0.49
}