{
    "coords": [
        [
            18.335653826112928,
            40.281408592425485
        ],
        [
            19.700451634385104,
            75.86214371687791
        ],
        [
            75.3922522769827,
            37.169045885502165
        ],
        [
            76.7544237660622,
            60.52389164124393
        ],
        [
            87.95955544510272,
            48.97563429558694
        ],
        [
            18.020571947772137,
            49.530202149943655
        ],
        [
            46.345173665752995,
            63.10103536830671
        ],
        [
            70.09447926241627,
            29.89531951885372
        ],
        [
            20.776298931154557,
            55.8734802627852
        ],
        [
            33.52009104339931,
            55.009230188047496
        ],
        [
            31.44908153694366,
            38.612095367249474
        ],
        [
            27.818927052848366,
            62.81379767211795
        ],
        [
            19.921339042591207,
            31.85586161015847
        ],
        [
            70.52876559301266,
            62.90884049814996
        ],
        [
            31.938167305230884,
            72.77030951575775
        ],
        [
            45.47993283974685,
            17.9690307288246
        ],
        [
            18.024195638660036,
            63.6920462987997
        ],
        [
            68.90181755886061,
            49.10030308307587
        ],
        [
            47.03897728462346,
            30.242406077157185
        ]
    ],
    "edges": [
        [
            12,
            7
        ],
        [
            7,
            12
        ],
        [
            12,
            16
        ],
        [
            16,
            12
        ],
        [
            7,
            13
        ],
        [
            13,
            7
        ],
        [
            16,
            13
        ],
        [
            13,
            16
        ],
        [
            5,
            17
        ],
        [
            17,
            5
        ],
        [
            18,
            6
        ],
        [
            6,
            18
        ],
        [
            12,
            13
        ],
        [
            13,
            12
        ],
        [
            16,
            7
        ],
        [
            7,
            16
        ],
        [
            7,
            4
        ],
        [
            4,
            7
        ],
        [
            13,
            4
        ],
        [
            4,
            13
        ],
        [
            17,
            4
        ],
        [
            4,
            17
        ],
        [
            2,
            3
        ],
        [
            3,
            2
        ],
        [
            15,
            7
        ],
        [
            7,
            15
        ],
        [
            15,
            18
        ],
        [
            18,
            15
        ],
        [
            0,
            10
        ],
        [
            10,
            0
        ],
        [
            8,
            9
        ],
        [
            9,
            8
        ],
        [
            10,
            9
        ],
        [
            9,
            10
        ],
        [
            0,
            10
        ],
        [
            10,
            0
        ],
        [
            0,
            9
        ],
        [
            9,
            0
        ],
        [
            10,
            8
        ],
        [
            8,
            10
        ],
        [
            16,
            1
        ],
        [
            1,
            16
        ],
        [
            11,
            14
        ],
        [
            14,
            11
        ],
        [
            1,
            14
        ],
        [
            14,
            1
        ],
        [
            16,
            14
        ],
        [
            14,
            16
        ],
        [
            0,
            0
        ],
        [
            1,
            1
        ],
        [
            2,
            2
        ],
        [
            3,
            3
        ],
        [
            4,
            4
        ],
        [
            5,
            5
        ],
        [
            6,
            6
        ],
        [
            7,
            7
        ],
        [
            8,
            8
        ],
        [
            9,
            9
        ],
        [
            10,
            10
        ],
        [
            11,
            11
        ],
        [
            12,
            12
        ],
        [
            13,
            13
        ],
        [
            14,
            14
        ],
        [
            15,
            15
        ],
        [
            16,
            16
        ],
        [
            17,
            17
        ],
        [
            18,
            18
        ]
    ],
    "similarity": 0.54
}