{
    "coords": [
        [
            44.02999534876008,
            63.24819545363824
        ],
        [
            22.25619786888991,
            31.27355965761355
        ],
        [
            67.57010679533691,
            26.384134178181306
        ],
        [
            21.57472574359909,
            68.53366187500086
        ],
        [
            72.83944776342287,
            67.30462363746015
        ],
        [
            93.73511272075342,
            48.187845921798335
        ],
        [
            16.488875976299674,
            49.32599885729603
        ],
        [
            69.60248187483526,
            47.8734546999726
        ],
        [
            41.00610883160277,
            28.663277577248092
        ]
    ],
    "edges": [
        [
            1,
            2
        ],
        [
            2,
            1
        ],
        [
            1,
            3
        ],
        [
            3,
            1
        ],
        [
            2,
            4
        ],
        [
            4,
            2
        ],
        [
            3,
            4
        ],
        [
            4,
            3
        ],
        [
            6,
            7
        ],
        [
            7,
            6
        ],
        [
            8,
            0
        ],
        [
            0,
            8
        ],
        [
            1,
            4
        ],
        [
            4,
            1
        ],
        [
            3,
            2
        ],
        [
            2,
            3
        ],
        [
            2,
            5
        ],
        [
            5,
            2
        ],
        [
            4,
            5
        ],
        [
            5,
            4
        ],
        [
            0,
            0
        ],
        [
            1,
            1
        ],
        [
            2,
            2
        ],
        [
            3,
            3
        ],
        [
            4,
            4
        ],
        [
            5,
            5
        ],
        [
            6,
            6
        ],
        [
            7,
            7
        ],
        [
            8,
            8
        ]
    ],
    "similarity": 0.2
}