{
    "coords": [
        [
            18.570787794843238,
            36.7737812247084
        ],
        [
            21.42315370601763,
            74.28773224410189
        ],
        [
            75.42634955838355,
            35.81872038263759
        ],
        [
            74.76479294339423,
            60.879399599465934
        ],
        [
            91.93030105521296,
            48.63540842682754
        ],
        [
            30.593656474117815,
            70.97330165810011
        ],
        [
            19.350789644539507,
            49.02110477716654
        ],
        [
            46.439614182338545,
            65.8548623726178
        ],
        [
            69.4718940669499,
            31.2270389956825
        ],
        [
            18.579086391228593,
            54.24619560258971
        ],
        [
            32.829023301048,
            54.15484707795797
        ],
        [
            33.79685091443417,
            36.65479122717045
        ],
        [
            23.123546517813956,
            32.18931054216941
        ],
        [
            58.810390948678815,
            74.18835315875047
        ],
        [
            30.219907238540735,
            65.7249309739428
        ],
        [
            45.60140902328986,
            34.53590619504444
        ],
        [
            21.18017362510197,
            28.599393969426043
        ],
        [
            68.26187163657816,
            65.05873410486265
        ],
        [
            29.182318195540184,
            75.35626615100023
        ],
        [
            44.1894884077812,
            19.308377312668686
        ],
        [
            18.160309092961917,
            66.91335606236382
        ],
        [
            58.23844419842727,
            66.26130695560643
        ],
        [
            45.449732865937285,
            68.20677593259664
        ],
        [
            66.45515386358409,
            70.83257120349269
        ],
        [
            68.40857217060353,
            46.23655339395336
        ],
        [
            43.474645494944504,
            28.894507749405097
        ]
    ],
    "edges": [
        [
            16,
            8
        ],
        [
            8,
            16
        ],
        [
            16,
            20
        ],
        [
            20,
            16
        ],
        [
            8,
            17
        ],
        [
            17,
            8
        ],
        [
            20,
            17
        ],
        [
            17,
            20
        ],
        [
            6,
            24
        ],
        [
            24,
            6
        ],
        [
            25,
            7
        ],
        [
            7,
            25
        ],
        [
            16,
            17
        ],
        [
            17,
            16
        ],
        [
            20,
            8
        ],
        [
            8,
            20
        ],
        [
            8,
            4
        ],
        [
            4,
            8
        ],
        [
            17,
            4
        ],
        [
            4,
            17
        ],
        [
            24,
            4
        ],
        [
            4,
            24
        ],
        [
            2,
            3
        ],
        [
            3,
            2
        ],
        [
            19,
            8
        ],
        [
            8,
            19
        ],
        [
            19,
            25
        ],
        [
            25,
            19
        ],
        [
            0,
            11
        ],
        [
            11,
            0
        ],
        [
            9,
            10
        ],
        [
            10,
            9
        ],
        [
            11,
            10
        ],
        [
            10,
            11
        ],
        [
            0,
            11
        ],
        [
            11,
            0
        ],
        [
            0,
            10
        ],
        [
            10,
            0
        ],
        [
            11,
            9
        ],
        [
            9,
            11
        ],
        [
            20,
            1
        ],
        [
            1,
            20
        ],
        [
            14,
            18
        ],
        [
            18,
            14
        ],
        [
            1,
            18
        ],
        [
            18,
            1
        ],
        [
            20,
            18
        ],
        [
            18,
            20
        ],
        [
            22,
            7
        ],
        [
            7,
            22
        ],
        [
            5,
            23
        ],
        [
            23,
            5
        ],
        [
            21,
            13
        ],
        [
            13,
            21
        ],
        [
            12,
            15
        ],
        [
            15,
            12
        ],
        [
            0,
            0
        ],
        [
            1,
            1
        ],
        [
            2,
            2
        ],
        [
            3,
            3
        ],
        [
            4,
            4
        ],
        [
            5,
            5
        ],
        [
            6,
            6
        ],
        [
            7,
            7
        ],
        [
            8,
            8
        ],
        [
            9,
            9
        ],
        [
            10,
            10
        ],
        [
            11,
            11
        ],
        [
            12,
            12
        ],
        [
            13,
            13
        ],
        [
            14,
            14
        ],
        [
            15,
            15
        ],
        [
            16,
            16
        ],
        [
            17,
            17
        ],
        [
            18,
            18
        ],
        [
            19,
            19
        ],
        [
            20,
            20
        ],
        [
            21,
            21
        ],
        [
            22,
            22
        ],
        [
            23,
            23
        ],
        [
            24,
            24
        ],
        [
            25,
            25
        ]
    ],
    "similarity": 0.61
}