{
    "coords": [
        [
            43.08928552923637,
            66.88265320486417
        ],
        [
            45.837158212118176,
            18.690907625206727
        ],
        [
            30.126171257310027,
            37.12334456852802
        ],
        [
            19.555388693825392,
            30.497146974397644
        ],
        [
            69.82827449643706,
            29.385045749775255
        ],
        [
            21.100728097139154,
            65.19681141244992
        ],
        [
            71.16729569099282,
            65.0068972756443
        ],
        [
            77.80573929303795,
            35.585626051459215
        ],
        [
            19.09500718054514,
            39.47511261405716
        ],
        [
            73.07979794961243,
            59.20759117845266
        ],
        [
            89.01120611160007,
            45.03570400088714
        ],
        [
            32.279645073077624,
            58.00224337683007
        ],
        [
            20.841474612202887,
            49.17669392070591
        ],
        [
            71.34385589885161,
            48.89732853325767
        ],
        [
            18.684827658231544,
            57.2979102892157
        ],
        [
            44.83387840209603,
            27.911928681733944
        ]
    ],
    "edges": [
        [
            3,
            4
        ],
        [
            4,
            3
        ],
        [
            3,
            5
        ],
        [
            5,
            3
        ],
        [
            4,
            6
        ],
        [
            6,
            4
        ],
        [
            5,
            6
        ],
        [
            6,
            5
        ],
        [
            12,
            13
        ],
        [
            13,
            12
        ],
        [
            15,
            0
        ],
        [
            0,
            15
        ],
        [
            3,
            6
        ],
        [
            6,
            3
        ],
        [
            5,
            4
        ],
        [
            4,
            5
        ],
        [
            4,
            10
        ],
        [
            10,
            4
        ],
        [
            6,
            10
        ],
        [
            10,
            6
        ],
        [
            13,
            10
        ],
        [
            10,
            13
        ],
        [
            7,
            9
        ],
        [
            9,
            7
        ],
        [
            1,
            4
        ],
        [
            4,
            1
        ],
        [
            1,
            15
        ],
        [
            15,
            1
        ],
        [
            8,
            2
        ],
        [
            2,
            8
        ],
        [
            14,
            11
        ],
        [
            11,
            14
        ],
        [
            0,
            0
        ],
        [
            1,
            1
        ],
        [
            2,
            2
        ],
        [
            3,
            3
        ],
        [
            4,
            4
        ],
        [
            5,
            5
        ],
        [
            6,
            6
        ],
        [
            7,
            7
        ],
        [
            8,
            8
        ],
        [
            9,
            9
        ],
        [
            10,
            10
        ],
        [
            11,
            11
        ],
        [
            12,
            12
        ],
        [
            13,
            13
        ],
        [
            14,
            14
        ],
        [
            15,
            15
        ]
    ],
    "similarity": 0.47
}