{
    "coords": [
        [
            47.937166037989186,
            64.16460748135506
        ],
        [
            43.78216131777164,
            21.664570750431025
        ],
        [
            19.384086084540925,
            28.147295813978076
        ],
        [
            66.73915180972004,
            32.57001275963894
        ],
        [
            22.20181009842517,
            64.64307913010387
        ],
        [
            68.09275193895125,
            65.140539742366
        ],
        [
            77.93547315191755,
            37.11916658301213
        ],
        [
            72.43680663898479,
            58.062983266611326
        ],
        [
            87.8119839267476,
            46.20384653655277
        ],
        [
            23.057864160504742,
            48.610016330994895
        ],
        [
            70.08302411077844,
            45.6893166523705
        ],
        [
            45.33135395836334,
            29.3740260147047
        ]
    ],
    "edges": [
        [
            2,
            3
        ],
        [
            3,
            2
        ],
        [
            2,
            4
        ],
        [
            4,
            2
        ],
        [
            3,
            5
        ],
        [
            5,
            3
        ],
        [
            4,
            5
        ],
        [
            5,
            4
        ],
        [
            9,
            10
        ],
        [
            10,
            9
        ],
        [
            11,
            0
        ],
        [
            0,
            11
        ],
        [
            2,
            5
        ],
        [
            5,
            2
        ],
        [
            4,
            3
        ],
        [
            3,
            4
        ],
        [
            3,
            8
        ],
        [
            8,
            3
        ],
        [
            5,
            8
        ],
        [
            8,
            5
        ],
        [
            10,
            8
        ],
        [
            8,
            10
        ],
        [
            6,
            7
        ],
        [
            7,
            6
        ],
        [
            1,
            3
        ],
        [
            3,
            1
        ],
        [
            1,
            11
        ],
        [
            11,
            1
        ],
        [
            0,
            0
        ],
        [
            1,
            1
        ],
        [
            2,
            2
        ],
        [
            3,
            3
        ],
        [
            4,
            4
        ],
        [
            5,
            5
        ],
        [
            6,
            6
        ],
        [
            7,
            7
        ],
        [
            8,
            8
        ],
        [
            9,
            9
        ],
        [
            10,
            10
        ],
        [
            11,
            11
        ]
    ],
    "similarity": 0.31
}