{
    "coords": [
        [
            20.14783297413255,
            36.13874339248868
        ],
        [
            20.057382380038266,
            75.01845157024346
        ],
        [
            76.70158379130257,
            36.62392382158027
        ],
        [
            77.4494087263682,
            60.146770887762365
        ],
        [
            91.55001712701868,
            48.140718580564275
        ],
        [
            28.185676714159733,
            71.90426964212966
        ],
        [
            19.965573856281377,
            45.96138265060083
        ],
        [
            46.2755258675888,
            62.87950127611688
        ],
        [
            69.33392532977894,
            29.449899385650863
        ],
        [
            20.842802009796603,
            57.888688393377734
        ],
        [
            30.994214432680394,
            58.05494198042724
        ],
        [
            30.32887110440838,
            38.30278714494364
        ],
        [
            26.451136569096644,
            31.882962437497333
        ],
        [
            58.13170008875176,
            71.42400995704583
        ],
        [
            28.240815814491775,
            65.87881439504274
        ],
        [
            43.794018390789276,
            35.353710835183946
        ],
        [
            21.278972675117785,
            28.658418233317676
        ],
        [
            68.83669440027853,
            66.64127624708402
        ],
        [
            28.521692381919866,
            75.85311219901315
        ],
        [
            45.617679932286855,
            18.198311294837016
        ],
        [
            19.416902580296117,
            66.68712926486182
        ],
        [
            60.00422798619064,
            69.3446731031939
        ],
        [
            46.7172039537207,
            70.62403587313455
        ],
        [
            66.01500942775519,
            69.82028564592949
        ],
        [
            71.48690248068304,
            47.666205469277784
        ],
        [
            47.10246377108171,
            29.23701233760381
        ]
    ],
    "edges": [
        [
            16,
            8
        ],
        [
            8,
            16
        ],
        [
            16,
            20
        ],
        [
            20,
            16
        ],
        [
            8,
            17
        ],
        [
            17,
            8
        ],
        [
            20,
            17
        ],
        [
            17,
            20
        ],
        [
            6,
            24
        ],
        [
            24,
            6
        ],
        [
            25,
            7
        ],
        [
            7,
            25
        ],
        [
            16,
            17
        ],
        [
            17,
            16
        ],
        [
            20,
            8
        ],
        [
            8,
            20
        ],
        [
            8,
            4
        ],
        [
            4,
            8
        ],
        [
            17,
            4
        ],
        [
            4,
            17
        ],
        [
            24,
            4
        ],
        [
            4,
            24
        ],
        [
            2,
            3
        ],
        [
            3,
            2
        ],
        [
            19,
            8
        ],
        [
            8,
            19
        ],
        [
            19,
            25
        ],
        [
            25,
            19
        ],
        [
            0,
            11
        ],
        [
            11,
            0
        ],
        [
            9,
            10
        ],
        [
            10,
            9
        ],
        [
            11,
            10
        ],
        [
            10,
            11
        ],
        [
            0,
            11
        ],
        [
            11,
            0
        ],
        [
            0,
            10
        ],
        [
            10,
            0
        ],
        [
            11,
            9
        ],
        [
            9,
            11
        ],
        [
            20,
            1
        ],
        [
            1,
            20
        ],
        [
            14,
            18
        ],
        [
            18,
            14
        ],
        [
            1,
            18
        ],
        [
            18,
            1
        ],
        [
            20,
            18
        ],
        [
            18,
            20
        ],
        [
            22,
            7
        ],
        [
            7,
            22
        ],
        [
            5,
            23
        ],
        [
            23,
            5
        ],
        [
            21,
            13
        ],
        [
            13,
            21
        ],
        [
            12,
            15
        ],
        [
            15,
            12
        ],
        [
            0,
            0
        ],
        [
            1,
            1
        ],
        [
            2,
            2
        ],
        [
            3,
            3
        ],
        [
            4,
            4
        ],
        [
            5,
            5
        ],
        [
            6,
            6
        ],
        [
            7,
            7
        ],
        [
            8,
            8
        ],
        [
            9,
            9
        ],
        [
            10,
            10
        ],
        [
            11,
            11
        ],
        [
            12,
            12
        ],
        [
            13,
            13
        ],
        [
            14,
            14
        ],
        [
            15,
            15
        ],
        [
            16,
            16
        ],
        [
            17,
            17
        ],
        [
            18,
            18
        ],
        [
            19,
            19
        ],
        [
            20,
            20
        ],
        [
            21,
            21
        ],
        [
            22,
            22
        ],
        [
            23,
            23
        ],
        [
            24,
            24
        ],
        [
            25,
            25
        ]
    ],
    "similarity": 0.57
}