{
    "coords": [
        [
            20.682042495348572,
            38.91210518194566
        ],
        [
            20.195167595161152,
            76.26126540261106
        ],
        [
            76.28487156453477,
            36.580136767091325
        ],
        [
            76.6941413131603,
            58.19347874318901
        ],
        [
            90.03041749936183,
            48.84951260628213
        ],
        [
            21.45363759470158,
            50.00217999613675
        ],
        [
            45.10035807451458,
            66.96200415749841
        ],
        [
            70.23113199053795,
            32.32288477006649
        ],
        [
            17.89211499064406,
            53.96105831273021
        ],
        [
            34.78681722674081,
            54.68244664366942
        ],
        [
            30.20274015932739,
            35.684483587699845
        ],
        [
            31.234802475516155,
            64.0225226118975
        ],
        [
            21.85499199836112,
            31.355005211384302
        ],
        [
            69.99795754214948,
            67.0377118486044
        ],
        [
            28.62431020489661,
            77.30812858936534
        ],
        [
            46.2883374420165,
            18.945799077219107
        ],
        [
            21.992269279416778,
            67.18712608879254
        ],
        [
            71.12163510726424,
            46.79535334085538
        ],
        [
            44.99002511313312,
            32.159400621781266
        ]
    ],
    "edges": [
        [
            12,
            7
        ],
        [
            7,
            12
        ],
        [
            12,
            16
        ],
        [
            16,
            12
        ],
        [
            7,
            13
        ],
        [
            13,
            7
        ],
        [
            16,
            13
        ],
        [
            13,
            16
        ],
        [
            5,
            17
        ],
        [
            17,
            5
        ],
        [
            18,
            6
        ],
        [
            6,
            18
        ],
        [
            12,
            13
        ],
        [
            13,
            12
        ],
        [
            16,
            7
        ],
        [
            7,
            16
        ],
        [
            7,
            4
        ],
        [
            4,
            7
        ],
        [
            13,
            4
        ],
        [
            4,
            13
        ],
        [
            17,
            4
        ],
        [
            4,
            17
        ],
        [
            2,
            3
        ],
        [
            3,
            2
        ],
        [
            15,
            7
        ],
        [
            7,
            15
        ],
        [
            15,
            18
        ],
        [
            18,
            15
        ],
        [
            0,
            10
        ],
        [
            10,
            0
        ],
        [
            8,
            9
        ],
        [
            9,
            8
        ],
        [
            10,
            9
        ],
        [
            9,
            10
        ],
        [
            0,
            10
        ],
        [
            10,
            0
        ],
        [
            0,
            9
        ],
        [
            9,
            0
        ],
        [
            10,
            8
        ],
        [
            8,
            10
        ],
        [
            16,
            1
        ],
        [
            1,
            16
        ],
        [
            11,
            14
        ],
        [
            14,
            11
        ],
        [
            0,
            0
        ],
        [
            1,
            1
        ],
        [
            2,
            2
        ],
        [
            3,
            3
        ],
        [
            4,
            4
        ],
        [
            5,
            5
        ],
        [
            6,
            6
        ],
        [
            7,
            7
        ],
        [
            8,
            8
        ],
        [
            9,
            9
        ],
        [
            10,
            10
        ],
        [
            11,
            11
        ],
        [
            12,
            12
        ],
        [
            13,
            13
        ],
        [
            14,
            14
        ],
        [
            15,
            15
        ],
        [
            16,
            16
        ],
        [
            17,
            17
        ],
        [
            18,
            18
        ]
    ],
    "similarity": 0.48
}