{
    "coords": [
        [
            15.365178812187114,
            62.31055157886965
        ],
        [
            20.470877438363964,
            30.966257589874438
        ],
        [
            74.38266165031341,
            33.93178363555039
        ]
    ],
    "edges": [
        [
            1,
            2
        ],
        [
            2,
            1
        ],
        [
            1,
            0
        ],
        [
            0,
            1
        ],
        [
            0,
            0
        ],
        [
            1,
            1
        ],
        [
            2,
            2
        ]
    ],
    "similarity": 0.04
}