{
    "coords": [
        [
            19.402336326542194,
            39.825516656973285
        ],
        [
            21.881493868462297,
            76.4467865108921
        ],
        [
            76.68016537011349,
            33.82798984775971
        ],
        [
            75.11437207635525,
            58.832064827225054
        ],
        [
            90.78413080394017,
            45.6336192998863
        ],
        [
            31.720281901186816,
            71.53563841499995
        ],
        [
            21.120206755903794,
            46.6299741102617
        ],
        [
            45.948767191394126,
            63.22352608688395
        ],
        [
            69.73687059324567,
            28.350971780317604
        ],
        [
            21.053359274878222,
            56.76424550520913
        ],
        [
            31.24751309332118,
            56.84846860798834
        ],
        [
            33.42384939143008,
            40.00334675827328
        ],
        [
            26.838796255715298,
            33.51734190446124
        ],
        [
            58.65662473793547,
            70.69933270998621
        ],
        [
            28.59709008294305,
            63.52898182187283
        ],
        [
            43.63756131882464,
            32.099520286926015
        ],
        [
            18.005750194510757,
            31.29670560579901
        ],
        [
            68.70207197420433,
            64.85526998041281
        ],
        [
            30.923961353353953,
            76.97639381702366
        ],
        [
            45.354927328156045,
            21.983641556881903
        ],
        [
            21.935823230698904,
            63.95940399832415
        ],
        [
            58.05348993227872,
            68.14702373057209
        ],
        [
            43.05496574708667,
            70.90671923344048
        ],
        [
            63.92654645840153,
            70.27390852463672
        ],
        [
            68.57309944621535,
            48.97207778823804
        ],
        [
            45.12189745773235,
            28.522149026081667
        ]
    ],
    "edges": [
        [
            16,
            8
        ],
        [
            8,
            16
        ],
        [
            16,
            20
        ],
        [
            20,
            16
        ],
        [
            8,
            17
        ],
        [
            17,
            8
        ],
        [
            20,
            17
        ],
        [
            17,
            20
        ],
        [
            6,
            24
        ],
        [
            24,
            6
        ],
        [
            25,
            7
        ],
        [
            7,
            25
        ],
        [
            16,
            17
        ],
        [
            17,
            16
        ],
        [
            20,
            8
        ],
        [
            8,
            20
        ],
        [
            8,
            4
        ],
        [
            4,
            8
        ],
        [
            17,
            4
        ],
        [
            4,
            17
        ],
        [
            24,
            4
        ],
        [
            4,
            24
        ],
        [
            2,
            3
        ],
        [
            3,
            2
        ],
        [
            19,
            8
        ],
        [
            8,
            19
        ],
        [
            19,
            25
        ],
        [
            25,
            19
        ],
        [
            0,
            11
        ],
        [
            11,
            0
        ],
        [
            9,
            10
        ],
        [
            10,
            9
        ],
        [
            11,
            10
        ],
        [
            10,
            11
        ],
        [
            0,
            11
        ],
        [
            11,
            0
        ],
        [
            0,
            10
        ],
        [
            10,
            0
        ],
        [
            11,
            9
        ],
        [
            9,
            11
        ],
        [
            20,
            1
        ],
        [
            1,
            20
        ],
        [
            14,
            18
        ],
        [
            18,
            14
        ],
        [
            1,
            18
        ],
        [
            18,
            1
        ],
        [
            20,
            18
        ],
        [
            18,
            20
        ],
        [
            22,
            7
        ],
        [
            7,
            22
        ],
        [
            5,
            23
        ],
        [
            23,
            5
        ],
        [
            21,
            13
        ],
        [
            13,
            21
        ],
        [
            12,
            15
        ],
        [
            15,
            12
        ],
        [
            0,
            0
        ],
        [
            1,
            1
        ],
        [
            2,
            2
        ],
        [
            3,
            3
        ],
        [
            4,
            4
        ],
        [
            5,
            5
        ],
        [
            6,
            6
        ],
        [
            7,
            7
        ],
        [
            8,
            8
        ],
        [
            9,
            9
        ],
        [
            10,
            10
        ],
        [
            11,
            11
        ],
        [
            12,
            12
        ],
        [
            13,
            13
        ],
        [
            14,
            14
        ],
        [
            15,
            15
        ],
        [
            16,
            16
        ],
        [
            17,
            17
        ],
        [
            18,
            18
        ],
        [
            19,
            19
        ],
        [
            20,
            20
        ],
        [
            21,
            21
        ],
        [
            22,
            22
        ],
        [
            23,
            23
        ],
        [
            24,
            24
        ],
        [
            25,
            25
        ]
    ],
    "similarity": 0.6
}