{
    "coords": [
        [
            45.68706691121742,
            66.07680231094605
        ],
        [
            17.271122731993344,
            33.109295192590054
        ],
        [
            67.369084916053,
            30.324419526197836
        ],
        [
            20.529828123023083,
            65.996498185157
        ],
        [
            68.28254091042704,
            68.21654818885087
        ],
        [
            17.582761540384187,
            46.564653343408224
        ],
        [
            68.08618946022797,
            44.88651218326859
        ],
        [
            45.628124606456325,
            34.327948064082534
        ]
    ],
    "edges": [
        [
            1,
            2
        ],
        [
            2,
            1
        ],
        [
            1,
            3
        ],
        [
            3,
            1
        ],
        [
            2,
            4
        ],
        [
            4,
            2
        ],
        [
            3,
            4
        ],
        [
            4,
            3
        ],
        [
            5,
            6
        ],
        [
            6,
            5
        ],
        [
            7,
            0
        ],
        [
            0,
            7
        ],
        [
            0,
            0
        ],
        [
            1,
            1
        ],
        [
            2,
            2
        ],
        [
            3,
            3
        ],
        [
            4,
            4
        ],
        [
            5,
            5
        ],
        [
            6,
            6
        ],
        [
            7,
            7
        ]
    ],
    "similarity": 0.11
}