{
    "coords": [
        [
            24.211782348836834,
            63.21092428322214
        ],
        [
            24.10862084108278,
            31.43788974122622
        ],
        [
            69.57521166328893,
            28.024565151498237
        ]
    ],
    "edges": [
        [
            1,
            2
        ],
        [
            2,
            1
        ],
        [
            1,
            0
        ],
        [
            0,
            1
        ],
        [
            0,
            0
        ],
        [
            1,
            1
        ],
        [
            2,
            2
        ]
    ],
    "similarity": 0.04
}