{
    "coords": [
        [
            18.93107073732167,
            69.11955616640593
        ],
        [
            22.440165932817646,
            32.76285739151237
        ],
        [
            70.06511962932537,
            28.453447093347947
        ]
    ],
    "edges": [
        [
            1,
            2
        ],
        [
            2,
            1
        ],
        [
            1,
            0
        ],
        [
            0,
            1
        ],
        [
            0,
            0
        ],
        [
            1,
            1
        ],
        [
            2,
            2
        ]
    ],
    "similarity": 0.05
}