{
    "coords": [
        [
            48.32482549217191,
            61.165333384064674
        ],
        [
            23.923226740860272,
            29.460476237354033
        ],
        [
            67.12206722093957,
            29.00935581779946
        ],
        [
            21.006108066763087,
            66.5757041931733
        ],
        [
            70.53370726628066,
            64.0957273987784
        ],
        [
            91.39283145972313,
            47.25023606854349
        ],
        [
            22.52761585717592,
            48.78439284089707
        ],
        [
            71.08131412794765,
            50.88518848043513
        ],
        [
            47.001533415661015,
            26.90061836745427
        ]
    ],
    "edges": [
        [
            1,
            2
        ],
        [
            2,
            1
        ],
        [
            1,
            3
        ],
        [
            3,
            1
        ],
        [
            2,
            4
        ],
        [
            4,
            2
        ],
        [
            3,
            4
        ],
        [
            4,
            3
        ],
        [
            6,
            7
        ],
        [
            7,
            6
        ],
        [
            8,
            0
        ],
        [
            0,
            8
        ],
        [
            1,
            4
        ],
        [
            4,
            1
        ],
        [
            3,
            2
        ],
        [
            2,
            3
        ],
        [
            2,
            5
        ],
        [
            5,
            2
        ],
        [
            4,
            5
        ],
        [
            5,
            4
        ],
        [
            0,
            0
        ],
        [
            1,
            1
        ],
        [
            2,
            2
        ],
        [
            3,
            3
        ],
        [
            4,
            4
        ],
        [
            5,
            5
        ],
        [
            6,
            6
        ],
        [
            7,
            7
        ],
        [
            8,
            8
        ]
    ],
    "similarity": 0.21
}