{
    "coords": [
        [
            43.05786902603532,
            65.9573252688995
        ],
        [
            44.662588882111635,
            20.965925174950648
        ],
        [
            20.80714871885627,
            32.849942439887045
        ],
        [
            70.19689370292465,
            27.067138104881295
        ],
        [
            18.51572513397474,
            67.98505355200815
        ],
        [
            72.3981263251183,
            68.22580965824403
        ],
        [
            78.18542484321824,
            34.01466282888755
        ],
        [
            72.54469945088752,
            62.41650072298944
        ],
        [
            90.79526341043783,
            49.23601135086333
        ],
        [
            17.190975684353745,
            49.30842893514745
        ],
        [
            73.20632118372531,
            44.34579513916847
        ],
        [
            42.65953538804594,
            32.70964780320724
        ]
    ],
    "edges": [
        [
            2,
            3
        ],
        [
            3,
            2
        ],
        [
            2,
            4
        ],
        [
            4,
            2
        ],
        [
            3,
            5
        ],
        [
            5,
            3
        ],
        [
            4,
            5
        ],
        [
            5,
            4
        ],
        [
            9,
            10
        ],
        [
            10,
            9
        ],
        [
            11,
            0
        ],
        [
            0,
            11
        ],
        [
            2,
            5
        ],
        [
            5,
            2
        ],
        [
            4,
            3
        ],
        [
            3,
            4
        ],
        [
            3,
            8
        ],
        [
            8,
            3
        ],
        [
            5,
            8
        ],
        [
            8,
            5
        ],
        [
            10,
            8
        ],
        [
            8,
            10
        ],
        [
            6,
            7
        ],
        [
            7,
            6
        ],
        [
            1,
            3
        ],
        [
            3,
            1
        ],
        [
            1,
            11
        ],
        [
            11,
            1
        ],
        [
            0,
            0
        ],
        [
            1,
            1
        ],
        [
            2,
            2
        ],
        [
            3,
            3
        ],
        [
            4,
            4
        ],
        [
            5,
            5
        ],
        [
            6,
            6
        ],
        [
            7,
            7
        ],
        [
            8,
            8
        ],
        [
            9,
            9
        ],
        [
            10,
            10
        ],
        [
            11,
            11
        ]
    ],
    "similarity": 0.32
}