{
    "coords": [
        [
            18.59016677548798,
            37.882912205099586
        ],
        [
            21.806535746580828,
            73.50656619338687
        ],
        [
            74.50415534067785,
            35.55045274756401
        ],
        [
            76.8221488117231,
            59.09323170112406
        ],
        [
            88.31180572498262,
            49.58984686551759
        ],
        [
            18.640638219936026,
            49.95988657120725
        ],
        [
            43.887891519233,
            67.22039440502621
        ],
        [
            72.44285936454372,
            30.408716636634146
        ],
        [
            20.498753227734824,
            58.21026996822083
        ],
        [
            34.40709637822634,
            53.81994258003326
        ],
        [
            31.2831920448965,
            35.9548801631009
        ],
        [
            30.62945794414924,
            65.78430783022179
        ],
        [
            20.694055059569305,
            31.558416287095742
        ],
        [
            72.0958992467505,
            67.52696033350276
        ],
        [
            28.296353021249857,
            75.07417028233688
        ],
        [
            46.10012686294884,
            19.35742574410854
        ],
        [
            21.661123072573286,
            62.458665368271845
        ],
        [
            68.60564802484011,
            46.169582316226965
        ],
        [
            47.21105661702683,
            30.534494681999682
        ]
    ],
    "edges": [
        [
            12,
            7
        ],
        [
            7,
            12
        ],
        [
            12,
            16
        ],
        [
            16,
            12
        ],
        [
            7,
            13
        ],
        [
            13,
            7
        ],
        [
            16,
            13
        ],
        [
            13,
            16
        ],
        [
            5,
            17
        ],
        [
            17,
            5
        ],
        [
            18,
            6
        ],
        [
            6,
            18
        ],
        [
            12,
            13
        ],
        [
            13,
            12
        ],
        [
            16,
            7
        ],
        [
            7,
            16
        ],
        [
            7,
            4
        ],
        [
            4,
            7
        ],
        [
            13,
            4
        ],
        [
            4,
            13
        ],
        [
            17,
            4
        ],
        [
            4,
            17
        ],
        [
            2,
            3
        ],
        [
            3,
            2
        ],
        [
            15,
            7
        ],
        [
            7,
            15
        ],
        [
            15,
            18
        ],
        [
            18,
            15
        ],
        [
            0,
            10
        ],
        [
            10,
            0
        ],
        [
            8,
            9
        ],
        [
            9,
            8
        ],
        [
            10,
            9
        ],
        [
            9,
            10
        ],
        [
            0,
            10
        ],
        [
            10,
            0
        ],
        [
            0,
            9
        ],
        [
            9,
            0
        ],
        [
            10,
            8
        ],
        [
            8,
            10
        ],
        [
            16,
            1
        ],
        [
            1,
            16
        ],
        [
            11,
            14
        ],
        [
            14,
            11
        ],
        [
            0,
            0
        ],
        [
            1,
            1
        ],
        [
            2,
            2
        ],
        [
            3,
            3
        ],
        [
            4,
            4
        ],
        [
            5,
            5
        ],
        [
            6,
            6
        ],
        [
            7,
            7
        ],
        [
            8,
            8
        ],
        [
            9,
            9
        ],
        [
            10,
            10
        ],
        [
            11,
            11
        ],
        [
            12,
            12
        ],
        [
            13,
            13
        ],
        [
            14,
            14
        ],
        [
            15,
            15
        ],
        [
            16,
            16
        ],
        [
            17,
            17
        ],
        [
            18,
            18
        ]
    ],
    "similarity": 0.49
}