{
    "coords": [
        [
            47.242687523920914,
            62.11300062305203
        ],
        [
            43.396323656737856,
            21.31930549995873
        ],
        [
            22.761234203636203,
            31.652407406398375
        ],
        [
            68.04730862459796,
            29.23853118550954
        ],
        [
            20.188089284557215,
            63.45157920521177
        ],
        [
            72.35107246019213,
            63.43080190438092
        ],
        [
            77.37599769484602,
            32.28130252387988
        ],
        [
            18.572932475822967,
            38.69717155399657
        ],
        [
            18.109556330005844,
            56.53810897827693
        ],
        [
            75.75643205348801,
            57.17367641570698
        ],
        [
            90.54396576766885,
            45.472558365948885
        ],
        [
            35.28164812141677,
            55.47409016207778
        ],
        [
            31.92189491906671,
            38.12115504921077
        ],
        [
            21.469254913458446,
            48.77795625531188
        ],
        [
            69.55773599168725,
            45.16278417043455
        ],
        [
            44.10263831610828,
            27.16109612056808
        ]
    ],
    "edges": [
        [
            2,
            3
        ],
        [
            3,
            2
        ],
        [
            2,
            4
        ],
        [
            4,
            2
        ],
        [
            3,
            5
        ],
        [
            5,
            3
        ],
        [
            4,
            5
        ],
        [
            5,
            4
        ],
        [
            13,
            14
        ],
        [
            14,
            13
        ],
        [
            15,
            0
        ],
        [
            0,
            15
        ],
        [
            2,
            5
        ],
        [
            5,
            2
        ],
        [
            4,
            3
        ],
        [
            3,
            4
        ],
        [
            3,
            10
        ],
        [
            10,
            3
        ],
        [
            5,
            10
        ],
        [
            10,
            5
        ],
        [
            14,
            10
        ],
        [
            10,
            14
        ],
        [
            6,
            9
        ],
        [
            9,
            6
        ],
        [
            1,
            3
        ],
        [
            3,
            1
        ],
        [
            1,
            15
        ],
        [
            15,
            1
        ],
        [
            7,
            12
        ],
        [
            12,
            7
        ],
        [
            8,
            11
        ],
        [
            11,
            8
        ],
        [
            12,
            11
        ],
        [
            11,
            12
        ],
        [
            7,
            12
        ],
        [
            12,
            7
        ],
        [
            0,
            0
        ],
        [
            1,
            1
        ],
        [
            2,
            2
        ],
        [
            3,
            3
        ],
        [
            4,
            4
        ],
        [
            5,
            5
        ],
        [
            6,
            6
        ],
        [
            7,
            7
        ],
        [
            8,
            8
        ],
        [
            9,
            9
        ],
        [
            10,
            10
        ],
        [
            11,
            11
        ],
        [
            12,
            12
        ],
        [
            13,
            13
        ],
        [
            14,
            14
        ],
        [
            15,
            15
        ]
    ],
    "similarity": 0.41
}