{
    "coords": [
        [
            19.642898287613583,
            38.61117915511949
        ],
        [
            20.59172457621433,
            73.62161818776183
        ],
        [
            74.18271552447331,
            36.15834735603478
        ],
        [
            74.04670041970175,
            59.828350083317645
        ],
        [
            89.37976478565824,
            48.56791251404819
        ],
        [
            19.59697277456769,
            49.184964592116195
        ],
        [
            44.938847315702986,
            67.3700880904448
        ],
        [
            67.71857711009937,
            31.369517658913736
        ],
        [
            21.008964545951507,
            57.0028642500352
        ],
        [
            33.20940185349249,
            57.89688665919563
        ],
        [
            32.739414617224135,
            37.67158056960257
        ],
        [
            29.942179994691458,
            64.64052897621382
        ],
        [
            18.179230913612777,
            29.15787631743131
        ],
        [
            69.9672927034647,
            66.76996720777699
        ],
        [
            31.163612154466097,
            73.9527984442487
        ],
        [
            43.97571200324252,
            19.867609666272227
        ],
        [
            19.027892420907975,
            62.957795233561356
        ],
        [
            71.25134966941928,
            48.8336667321864
        ],
        [
            43.67126910925631,
            29.672798362509162
        ]
    ],
    "edges": [
        [
            12,
            7
        ],
        [
            7,
            12
        ],
        [
            12,
            16
        ],
        [
            16,
            12
        ],
        [
            7,
            13
        ],
        [
            13,
            7
        ],
        [
            16,
            13
        ],
        [
            13,
            16
        ],
        [
            5,
            17
        ],
        [
            17,
            5
        ],
        [
            18,
            6
        ],
        [
            6,
            18
        ],
        [
            12,
            13
        ],
        [
            13,
            12
        ],
        [
            16,
            7
        ],
        [
            7,
            16
        ],
        [
            7,
            4
        ],
        [
            4,
            7
        ],
        [
            13,
            4
        ],
        [
            4,
            13
        ],
        [
            17,
            4
        ],
        [
            4,
            17
        ],
        [
            2,
            3
        ],
        [
            3,
            2
        ],
        [
            15,
            7
        ],
        [
            7,
            15
        ],
        [
            15,
            18
        ],
        [
            18,
            15
        ],
        [
            0,
            10
        ],
        [
            10,
            0
        ],
        [
            8,
            9
        ],
        [
            9,
            8
        ],
        [
            10,
            9
        ],
        [
            9,
            10
        ],
        [
            0,
            10
        ],
        [
            10,
            0
        ],
        [
            0,
            9
        ],
        [
            9,
            0
        ],
        [
            10,
            8
        ],
        [
            8,
            10
        ],
        [
            16,
            1
        ],
        [
            1,
            16
        ],
        [
            11,
            14
        ],
        [
            14,
            11
        ],
        [
            1,
            14
        ],
        [
            14,
            1
        ],
        [
            16,
            14
        ],
        [
            14,
            16
        ],
        [
            0,
            0
        ],
        [
            1,
            1
        ],
        [
            2,
            2
        ],
        [
            3,
            3
        ],
        [
            4,
            4
        ],
        [
            5,
            5
        ],
        [
            6,
            6
        ],
        [
            7,
            7
        ],
        [
            8,
            8
        ],
        [
            9,
            9
        ],
        [
            10,
            10
        ],
        [
            11,
            11
        ],
        [
            12,
            12
        ],
        [
            13,
            13
        ],
        [
            14,
            14
        ],
        [
            15,
            15
        ],
        [
            16,
            16
        ],
        [
            17,
            17
        ],
        [
            18,
            18
        ]
    ],
    "similarity": 0.52
}