{
    "coords": [
        [
            44.7511406355982,
            68.03586513662403
        ],
        [
            21.791387099053914,
            30.566622966941967
        ],
        [
            69.10707016952023,
            29.75870695177499
        ],
        [
            22.422928008703376,
            62.99127294152106
        ],
        [
            72.09466564034862,
            65.12945621976498
        ],
        [
            86.79353826652101,
            45.01344922544114
        ],
        [
            16.565753515668018,
            48.68723020435223
        ],
        [
            73.59853860268743,
            45.8789388067712
        ],
        [
            46.45602362715129,
            28.159424336645863
        ]
    ],
    "edges": [
        [
            1,
            2
        ],
        [
            2,
            1
        ],
        [
            1,
            3
        ],
        [
            3,
            1
        ],
        [
            2,
            4
        ],
        [
            4,
            2
        ],
        [
            3,
            4
        ],
        [
            4,
            3
        ],
        [
            6,
            7
        ],
        [
            7,
            6
        ],
        [
            8,
            0
        ],
        [
            0,
            8
        ],
        [
            1,
            4
        ],
        [
            4,
            1
        ],
        [
            3,
            2
        ],
        [
            2,
            3
        ],
        [
            2,
            5
        ],
        [
            5,
            2
        ],
        [
            4,
            5
        ],
        [
            5,
            4
        ],
        [
            0,
            0
        ],
        [
            1,
            1
        ],
        [
            2,
            2
        ],
        [
            3,
            3
        ],
        [
            4,
            4
        ],
        [
            5,
            5
        ],
        [
            6,
            6
        ],
        [
            7,
            7
        ],
        [
            8,
            8
        ]
    ],
    "similarity": 0.21
}