{
    "coords": [
        [
            20.31807099053244,
            74.89583186211829
        ],
        [
            75.90414837628805,
            34.81537862031224
        ],
        [
            75.06499235711692,
            60.19822910867385
        ],
        [
            90.33655473543392,
            47.43867625291308
        ],
        [
            30.204306128855354,
            70.39323088493795
        ],
        [
            19.87603586577221,
            47.25653541918819
        ],
        [
            44.58735171403608,
            64.67640364120031
        ],
        [
            29.933828648139094,
            37.01134290610999
        ],
        [
            70.0196042551929,
            29.861316617660037
        ],
        [
            30.367430842866998,
            57.96200603946254
        ],
        [
            29.655824406722083,
            65.33288107412372
        ],
        [
            20.051119539348573,
            30.202481612860197
        ],
        [
            70.0467500211542,
            64.99042748180169
        ],
        [
            20.359971784136647,
            36.55919151714682
        ],
        [
            29.577962599212555,
            74.8470323443743
        ],
        [
            19.941422988632887,
            58.085514842315284
        ],
        [
            44.71757488782452,
            19.84501322518444
        ],
        [
            19.577531129952316,
            64.84778378432571
        ],
        [
            44.94535775699229,
            69.6042482674824
        ],
        [
            64.76619633875144,
            70.19203346732765
        ],
        [
            69.73246118352024,
            47.87707702543258
        ],
        [
            44.679997026308094,
            29.808445518785874
        ]
    ],
    "edges": [
        [
            11,
            8
        ],
        [
            8,
            11
        ],
        [
            11,
            17
        ],
        [
            17,
            11
        ],
        [
            8,
            12
        ],
        [
            12,
            8
        ],
        [
            17,
            12
        ],
        [
            12,
            17
        ],
        [
            5,
            20
        ],
        [
            20,
            5
        ],
        [
            21,
            6
        ],
        [
            6,
            21
        ],
        [
            11,
            12
        ],
        [
            12,
            11
        ],
        [
            17,
            8
        ],
        [
            8,
            17
        ],
        [
            8,
            3
        ],
        [
            3,
            8
        ],
        [
            12,
            3
        ],
        [
            3,
            12
        ],
        [
            20,
            3
        ],
        [
            3,
            20
        ],
        [
            1,
            2
        ],
        [
            2,
            1
        ],
        [
            16,
            8
        ],
        [
            8,
            16
        ],
        [
            16,
            21
        ],
        [
            21,
            16
        ],
        [
            13,
            7
        ],
        [
            7,
            13
        ],
        [
            15,
            9
        ],
        [
            9,
            15
        ],
        [
            7,
            9
        ],
        [
            9,
            7
        ],
        [
            13,
            9
        ],
        [
            9,
            13
        ],
        [
            7,
            15
        ],
        [
            15,
            7
        ],
        [
            17,
            0
        ],
        [
            0,
            17
        ],
        [
            10,
            14
        ],
        [
            14,
            10
        ],
        [
            0,
            14
        ],
        [
            14,
            0
        ],
        [
            17,
            14
        ],
        [
            14,
            17
        ],
        [
            18,
            6
        ],
        [
            6,
            18
        ],
        [
            4,
            19
        ],
        [
            19,
            4
        ],
        [
            0,
            0
        ],
        [
            1,
            1
        ],
        [
            2,
            2
        ],
        [
            3,
            3
        ],
        [
            4,
            4
        ],
        [
            5,
            5
        ],
        [
            6,
            6
        ],
        [
            7,
            7
        ],
        [
            8,
            8
        ],
        [
            9,
            9
        ],
        [
            10,
            10
        ],
        [
            11,
            11
        ],
        [
            12,
            12
        ],
        [
            13,
            13
        ],
        [
            14,
            14
        ],
        [
            15,
            15
        ],
        [
            16,
            16
        ],
        [
            17,
            17
        ],
        [
            18,
            18
        ],
        [
            19,
            19
        ],
        [
            20,
            20
        ],
        [
            21,
            21
        ]
    ],
    "similarity": 0.91
}