{
    "coords": [
        [
            19.19612850887546,
            40.78830511512517
        ],
        [
            19.71017092220196,
            75.57373894318275
        ],
        [
            74.71686668645927,
            32.533561857190406
        ],
        [
            75.79336290113591,
            59.35798581107702
        ],
        [
            88.86950045778046,
            46.743348173955695
        ],
        [
            21.422749597775386,
            49.21406328630037
        ],
        [
            47.12333943045211,
            64.62486806192516
        ],
        [
            68.48497795835509,
            30.9922850727874
        ],
        [
            20.643012297565967,
            53.40456333857965
        ],
        [
            31.394111254120816,
            58.2796110063644
        ],
        [
            32.53547578915522,
            39.91211515370678
        ],
        [
            29.357115960717696,
            67.04239697678338
        ],
        [
            19.612550493158533,
            30.393491972062204
        ],
        [
            69.98591023434767,
            62.675282263572385
        ],
        [
            31.270028547297578,
            74.60256851723284
        ],
        [
            43.672039435453016,
            19.80437382814609
        ],
        [
            22.150063920207767,
            63.52737714325639
        ],
        [
            71.33163440904254,
            45.306886375396694
        ],
        [
            42.99833957958861,
            29.54623273858252
        ]
    ],
    "edges": [
        [
            12,
            7
        ],
        [
            7,
            12
        ],
        [
            12,
            16
        ],
        [
            16,
            12
        ],
        [
            7,
            13
        ],
        [
            13,
            7
        ],
        [
            16,
            13
        ],
        [
            13,
            16
        ],
        [
            5,
            17
        ],
        [
            17,
            5
        ],
        [
            18,
            6
        ],
        [
            6,
            18
        ],
        [
            12,
            13
        ],
        [
            13,
            12
        ],
        [
            16,
            7
        ],
        [
            7,
            16
        ],
        [
            7,
            4
        ],
        [
            4,
            7
        ],
        [
            13,
            4
        ],
        [
            4,
            13
        ],
        [
            17,
            4
        ],
        [
            4,
            17
        ],
        [
            2,
            3
        ],
        [
            3,
            2
        ],
        [
            15,
            7
        ],
        [
            7,
            15
        ],
        [
            15,
            18
        ],
        [
            18,
            15
        ],
        [
            0,
            10
        ],
        [
            10,
            0
        ],
        [
            8,
            9
        ],
        [
            9,
            8
        ],
        [
            10,
            9
        ],
        [
            9,
            10
        ],
        [
            0,
            10
        ],
        [
            10,
            0
        ],
        [
            0,
            9
        ],
        [
            9,
            0
        ],
        [
            10,
            8
        ],
        [
            8,
            10
        ],
        [
            16,
            1
        ],
        [
            1,
            16
        ],
        [
            11,
            14
        ],
        [
            14,
            11
        ],
        [
            0,
            0
        ],
        [
            1,
            1
        ],
        [
            2,
            2
        ],
        [
            3,
            3
        ],
        [
            4,
            4
        ],
        [
            5,
            5
        ],
        [
            6,
            6
        ],
        [
            7,
            7
        ],
        [
            8,
            8
        ],
        [
            9,
            9
        ],
        [
            10,
            10
        ],
        [
            11,
            11
        ],
        [
            12,
            12
        ],
        [
            13,
            13
        ],
        [
            14,
            14
        ],
        [
            15,
            15
        ],
        [
            16,
            16
        ],
        [
            17,
            17
        ],
        [
            18,
            18
        ]
    ],
    "similarity": 0.46
}