{
    "coords": [
        [
            46.62067905945842,
            67.85517956610666
        ],
        [
            42.9619972097307,
            17.254691609757796
        ],
        [
            17.505204385653023,
            30.306455878073574
        ],
        [
            72.04966324483787,
            29.636596282099948
        ],
        [
            19.53465791071963,
            65.03503503146918
        ],
        [
            67.24640389467996,
            62.82904481782964
        ],
        [
            74.2409767417708,
            32.253632806853034
        ],
        [
            18.98511177754442,
            41.18650233730315
        ],
        [
            20.16843342826224,
            54.88565969491659
        ],
        [
            73.72096454738907,
            62.00097743634473
        ],
        [
            88.33139878968355,
            46.92619421407614
        ],
        [
            33.06347690137606,
            58.389672699746484
        ],
        [
            34.255283687625976,
            39.571900378562596
        ],
        [
            21.43999670129988,
            47.16613783299457
        ],
        [
            69.21730507877932,
            50.076262849970135
        ],
        [
            46.43577381978658,
            28.970377766267603
        ]
    ],
    "edges": [
        [
            2,
            3
        ],
        [
            3,
            2
        ],
        [
            2,
            4
        ],
        [
            4,
            2
        ],
        [
            3,
            5
        ],
        [
            5,
            3
        ],
        [
            4,
            5
        ],
        [
            5,
            4
        ],
        [
            13,
            14
        ],
        [
            14,
            13
        ],
        [
            15,
            0
        ],
        [
            0,
            15
        ],
        [
            2,
            5
        ],
        [
            5,
            2
        ],
        [
            4,
            3
        ],
        [
            3,
            4
        ],
        [
            3,
            10
        ],
        [
            10,
            3
        ],
        [
            5,
            10
        ],
        [
            10,
            5
        ],
        [
            14,
            10
        ],
        [
            10,
            14
        ],
        [
            6,
            9
        ],
        [
            9,
            6
        ],
        [
            1,
            3
        ],
        [
            3,
            1
        ],
        [
            1,
            15
        ],
        [
            15,
            1
        ],
        [
            7,
            12
        ],
        [
            12,
            7
        ],
        [
            8,
            11
        ],
        [
            11,
            8
        ],
        [
            12,
            11
        ],
        [
            11,
            12
        ],
        [
            7,
            12
        ],
        [
            12,
            7
        ],
        [
            7,
            11
        ],
        [
            11,
            7
        ],
        [
            12,
            8
        ],
        [
            8,
            12
        ],
        [
            0,
            0
        ],
        [
            1,
            1
        ],
        [
            2,
            2
        ],
        [
            3,
            3
        ],
        [
            4,
            4
        ],
        [
            5,
            5
        ],
        [
            6,
            6
        ],
        [
            7,
            7
        ],
        [
            8,
            8
        ],
        [
            9,
            9
        ],
        [
            10,
            10
        ],
        [
            11,
            11
        ],
        [
            12,
            12
        ],
        [
            13,
            13
        ],
        [
            14,
            14
        ],
        [
            15,
            15
        ]
    ],
    "similarity": 0.38
}