{
    "coords": [
        [
            41.887529629158124,
            66.44138317296655
        ],
        [
            48.47635825456292,
            23.096413824543596
        ],
        [
            23.44230622587701,
            27.881418876814656
        ],
        [
            67.09821761007109,
            31.20375515050024
        ],
        [
            19.46874924395943,
            67.04786559374621
        ],
        [
            70.63543560032538,
            65.99669990361264
        ],
        [
            78.85026567945596,
            38.37487939024345
        ],
        [
            20.278671470467295,
            37.03318666752962
        ],
        [
            22.57300785394333,
            54.34751618469942
        ],
        [
            76.7112563884386,
            62.20966842805419
        ],
        [
            87.55059078641524,
            48.02037475825269
        ],
        [
            36.081217701753566,
            57.16270855715507
        ],
        [
            17.640186231732343,
            50.64790018344261
        ],
        [
            67.66272096994125,
            49.83007881761357
        ],
        [
            35.66765244951946,
            39.796186624956306
        ],
        [
            43.98866547986515,
            29.706226472485675
        ]
    ],
    "edges": [
        [
            2,
            3
        ],
        [
            3,
            2
        ],
        [
            2,
            4
        ],
        [
            4,
            2
        ],
        [
            3,
            5
        ],
        [
            5,
            3
        ],
        [
            4,
            5
        ],
        [
            5,
            4
        ],
        [
            12,
            13
        ],
        [
            13,
            12
        ],
        [
            15,
            0
        ],
        [
            0,
            15
        ],
        [
            2,
            5
        ],
        [
            5,
            2
        ],
        [
            4,
            3
        ],
        [
            3,
            4
        ],
        [
            3,
            10
        ],
        [
            10,
            3
        ],
        [
            5,
            10
        ],
        [
            10,
            5
        ],
        [
            13,
            10
        ],
        [
            10,
            13
        ],
        [
            6,
            9
        ],
        [
            9,
            6
        ],
        [
            1,
            3
        ],
        [
            3,
            1
        ],
        [
            1,
            15
        ],
        [
            15,
            1
        ],
        [
            7,
            14
        ],
        [
            14,
            7
        ],
        [
            8,
            11
        ],
        [
            11,
            8
        ],
        [
            0,
            0
        ],
        [
            1,
            1
        ],
        [
            2,
            2
        ],
        [
            3,
            3
        ],
        [
            4,
            4
        ],
        [
            5,
            5
        ],
        [
            6,
            6
        ],
        [
            7,
            7
        ],
        [
            8,
            8
        ],
        [
            9,
            9
        ],
        [
            10,
            10
        ],
        [
            11,
            11
        ],
        [
            12,
            12
        ],
        [
            13,
            13
        ],
        [
            14,
            14
        ],
        [
            15,
            15
        ]
    ],
    "similarity": 0.29
}