{
    "coords": [
        [
            18.278729806078843,
            66.55955946231997
        ],
        [
            72.38446576874874,
            67.03665062102313
        ],
        [
            21.281079549141438,
            28.232691807818668
        ],
        [
            65.58429880771452,
            29.548293376902983
        ]
    ],
    "edges": [
        [
            2,
            3
        ],
        [
            3,
            2
        ],
        [
            2,
            0
        ],
        [
            0,
            2
        ],
        [
            3,
            1
        ],
        [
            1,
            3
        ],
        [
            0,
            1
        ],
        [
            1,
            0
        ],
        [
            0,
            0
        ],
        [
            1,
            1
        ],
        [
            2,
            2
        ],
        [
            3,
            3
        ]
    ],
    "similarity": 0.06
}