{
    "coords": [
        [
            43.766894016491335,
            62.28153034156714
        ],
        [
            20.97740351362736,
            29.38605287736916
        ],
        [
            68.5079089317555,
            28.78693618957744
        ],
        [
            16.855955850566062,
            68.08190700893458
        ],
        [
            70.99965692903397,
            62.1398954194821
        ],
        [
            89.5543157234641,
            46.36687194993304
        ],
        [
            22.939187025141333,
            49.08215968952213
        ],
        [
            71.64740201974395,
            50.649012413107585
        ],
        [
            48.518015490122835,
            30.08282619412477
        ]
    ],
    "edges": [
        [
            1,
            2
        ],
        [
            2,
            1
        ],
        [
            1,
            3
        ],
        [
            3,
            1
        ],
        [
            2,
            4
        ],
        [
            4,
            2
        ],
        [
            3,
            4
        ],
        [
            4,
            3
        ],
        [
            6,
            7
        ],
        [
            7,
            6
        ],
        [
            8,
            0
        ],
        [
            0,
            8
        ],
        [
            1,
            4
        ],
        [
            4,
            1
        ],
        [
            3,
            2
        ],
        [
            2,
            3
        ],
        [
            2,
            5
        ],
        [
            5,
            2
        ],
        [
            4,
            5
        ],
        [
            5,
            4
        ],
        [
            0,
            0
        ],
        [
            1,
            1
        ],
        [
            2,
            2
        ],
        [
            3,
            3
        ],
        [
            4,
            4
        ],
        [
            5,
            5
        ],
        [
            6,
            6
        ],
        [
            7,
            7
        ],
        [
            8,
            8
        ]
    ],
    "similarity": 0.23
}