{
    "coords": [
        [
            43.17674938454742,
            64.42778726128685
        ],
        [
            43.61799277919371,
            18.902145791613645
        ],
        [
            18.504871279839524,
            32.64833185419482
        ],
        [
            71.55641637904984,
            29.975765435760614
        ],
        [
            19.538214106191674,
            63.721553382387015
        ],
        [
            71.29200301205044,
            66.26214087467991
        ],
        [
            72.51251278494989,
            32.66956099493926
        ],
        [
            22.834054170065606,
            40.92930047181326
        ],
        [
            21.249378280364645,
            52.91312623282623
        ],
        [
            77.66091270911788,
            57.96199908887068
        ],
        [
            87.43508635527934,
            45.5248460221574
        ],
        [
            30.074348582835974,
            54.86476446255455
        ],
        [
            22.952952489118744,
            45.59431746389569
        ],
        [
            71.25082096778773,
            50.65117020048952
        ],
        [
            35.803009148636704,
            36.16204691990657
        ],
        [
            46.43413740819129,
            32.8234556289596
        ]
    ],
    "edges": [
        [
            2,
            3
        ],
        [
            3,
            2
        ],
        [
            2,
            4
        ],
        [
            4,
            2
        ],
        [
            3,
            5
        ],
        [
            5,
            3
        ],
        [
            4,
            5
        ],
        [
            5,
            4
        ],
        [
            12,
            13
        ],
        [
            13,
            12
        ],
        [
            15,
            0
        ],
        [
            0,
            15
        ],
        [
            2,
            5
        ],
        [
            5,
            2
        ],
        [
            4,
            3
        ],
        [
            3,
            4
        ],
        [
            3,
            10
        ],
        [
            10,
            3
        ],
        [
            5,
            10
        ],
        [
            10,
            5
        ],
        [
            13,
            10
        ],
        [
            10,
            13
        ],
        [
            6,
            9
        ],
        [
            9,
            6
        ],
        [
            1,
            3
        ],
        [
            3,
            1
        ],
        [
            1,
            15
        ],
        [
            15,
            1
        ],
        [
            7,
            14
        ],
        [
            14,
            7
        ],
        [
            8,
            11
        ],
        [
            11,
            8
        ],
        [
            0,
            0
        ],
        [
            1,
            1
        ],
        [
            2,
            2
        ],
        [
            3,
            3
        ],
        [
            4,
            4
        ],
        [
            5,
            5
        ],
        [
            6,
            6
        ],
        [
            7,
            7
        ],
        [
            8,
            8
        ],
        [
            9,
            9
        ],
        [
            10,
            10
        ],
        [
            11,
            11
        ],
        [
            12,
            12
        ],
        [
            13,
            13
        ],
        [
            14,
            14
        ],
        [
            15,
            15
        ]
    ],
    "similarity": 0.36
}