{
    "coords": [
        [
            46.95568339076812,
            67.34853219860155
        ],
        [
            42.919341933897776,
            17.34238211423328
        ],
        [
            32.35286439402069,
            37.911538679984545
        ],
        [
            18.141426216851894,
            28.8999257126239
        ],
        [
            72.09901372722229,
            27.644374798791674
        ],
        [
            18.68237686893481,
            64.98826247017648
        ],
        [
            71.77470967463498,
            67.46676776855848
        ],
        [
            76.97558830082382,
            37.65420127509111
        ],
        [
            17.95506646060854,
            36.20532782816054
        ],
        [
            77.78745170430304,
            59.36051608729743
        ],
        [
            89.7264332436355,
            46.707788187239316
        ],
        [
            19.854702621340273,
            44.935928243706286
        ],
        [
            68.73233121955438,
            46.35686497820125
        ],
        [
            42.337729079684976,
            28.588443775704896
        ]
    ],
    "edges": [
        [
            3,
            4
        ],
        [
            4,
            3
        ],
        [
            3,
            5
        ],
        [
            5,
            3
        ],
        [
            4,
            6
        ],
        [
            6,
            4
        ],
        [
            5,
            6
        ],
        [
            6,
            5
        ],
        [
            11,
            12
        ],
        [
            12,
            11
        ],
        [
            13,
            0
        ],
        [
            0,
            13
        ],
        [
            3,
            6
        ],
        [
            6,
            3
        ],
        [
            5,
            4
        ],
        [
            4,
            5
        ],
        [
            4,
            10
        ],
        [
            10,
            4
        ],
        [
            6,
            10
        ],
        [
            10,
            6
        ],
        [
            12,
            10
        ],
        [
            10,
            12
        ],
        [
            7,
            9
        ],
        [
            9,
            7
        ],
        [
            1,
            4
        ],
        [
            4,
            1
        ],
        [
            1,
            13
        ],
        [
            13,
            1
        ],
        [
            8,
            2
        ],
        [
            2,
            8
        ],
        [
            0,
            0
        ],
        [
            1,
            1
        ],
        [
            2,
            2
        ],
        [
            3,
            3
        ],
        [
            4,
            4
        ],
        [
            5,
            5
        ],
        [
            6,
            6
        ],
        [
            7,
            7
        ],
        [
            8,
            8
        ],
        [
            9,
            9
        ],
        [
            10,
            10
        ],
        [
            11,
            11
        ],
        [
            12,
            12
        ],
        [
            13,
            13
        ]
    ],
    "similarity": 0.44
}