{
    "coords": [
        [
            16.604839372697082,
            62.38790642096984
        ],
        [
            72.39830281230196,
            67.74139941482802
        ],
        [
            16.554487064959584,
            30.031240919074428
        ],
        [
            70.82142966522841,
            29.202059561119377
        ]
    ],
    "edges": [
        [
            2,
            3
        ],
        [
            3,
            2
        ],
        [
            2,
            0
        ],
        [
            0,
            2
        ],
        [
            3,
            1
        ],
        [
            1,
            3
        ],
        [
            0,
            1
        ],
        [
            1,
            0
        ],
        [
            0,
            0
        ],
        [
            1,
            1
        ],
        [
            2,
            2
        ],
        [
            3,
            3
        ]
    ],
    "similarity": 0.07
}