{
    "coords": [
        [
            21.55366423898751,
            38.84361541667837
        ],
        [
            19.914190108591704,
            72.79066567210839
        ],
        [
            73.27599504380025,
            37.435100940251495
        ],
        [
            76.77139534208646,
            60.53493846482142
        ],
        [
            89.88903341670617,
            48.664945185389286
        ],
        [
            21.047924533163783,
            48.98634268932165
        ],
        [
            42.94716341425772,
            65.22686900653736
        ],
        [
            68.28619199932918,
            29.64300256281421
        ],
        [
            22.476249557958052,
            56.60333756887059
        ],
        [
            35.100752712048454,
            54.273325279139534
        ],
        [
            32.203337221471685,
            38.95404416860724
        ],
        [
            32.32641969945366,
            64.43175493148304
        ],
        [
            22.191969117679122,
            27.804578710173033
        ],
        [
            67.69089697344982,
            65.30939527809038
        ],
        [
            29.5016117764197,
            75.07386573949168
        ],
        [
            44.03268404086609,
            22.443375741010613
        ],
        [
            19.166235148192772,
            65.47152845183825
        ],
        [
            67.52827922516227,
            46.53435866441189
        ],
        [
            44.20548036315005,
            31.750501777570328
        ]
    ],
    "edges": [
        [
            12,
            7
        ],
        [
            7,
            12
        ],
        [
            12,
            16
        ],
        [
            16,
            12
        ],
        [
            7,
            13
        ],
        [
            13,
            7
        ],
        [
            16,
            13
        ],
        [
            13,
            16
        ],
        [
            5,
            17
        ],
        [
            17,
            5
        ],
        [
            18,
            6
        ],
        [
            6,
            18
        ],
        [
            12,
            13
        ],
        [
            13,
            12
        ],
        [
            16,
            7
        ],
        [
            7,
            16
        ],
        [
            7,
            4
        ],
        [
            4,
            7
        ],
        [
            13,
            4
        ],
        [
            4,
            13
        ],
        [
            17,
            4
        ],
        [
            4,
            17
        ],
        [
            2,
            3
        ],
        [
            3,
            2
        ],
        [
            15,
            7
        ],
        [
            7,
            15
        ],
        [
            15,
            18
        ],
        [
            18,
            15
        ],
        [
            0,
            10
        ],
        [
            10,
            0
        ],
        [
            8,
            9
        ],
        [
            9,
            8
        ],
        [
            10,
            9
        ],
        [
            9,
            10
        ],
        [
            0,
            10
        ],
        [
            10,
            0
        ],
        [
            0,
            9
        ],
        [
            9,
            0
        ],
        [
            10,
            8
        ],
        [
            8,
            10
        ],
        [
            16,
            1
        ],
        [
            1,
            16
        ],
        [
            11,
            14
        ],
        [
            14,
            11
        ],
        [
            0,
            0
        ],
        [
            1,
            1
        ],
        [
            2,
            2
        ],
        [
            3,
            3
        ],
        [
            4,
            4
        ],
        [
            5,
            5
        ],
        [
            6,
            6
        ],
        [
            7,
            7
        ],
        [
            8,
            8
        ],
        [
            9,
            9
        ],
        [
            10,
            10
        ],
        [
            11,
            11
        ],
        [
            12,
            12
        ],
        [
            13,
            13
        ],
        [
            14,
            14
        ],
        [
            15,
            15
        ],
        [
            16,
            16
        ],
        [
            17,
            17
        ],
        [
            18,
            18
        ]
    ],
    "similarity": 0.49
}