{
    "coords": [
        [
            45.96441212537109,
            65.78567966004957
        ],
        [
            42.34423261021022,
            21.84045475073869
        ],
        [
            18.053462849958354,
            31.961259506990935
        ],
        [
            69.22049605756231,
            32.2351724099974
        ],
        [
            17.34878300334258,
            66.07916282891648
        ],
        [
            69.62008232947035,
            67.999020902822
        ],
        [
            78.27269090513391,
            33.222415494272745
        ],
        [
            17.49684794000018,
            39.16853192765244
        ],
        [
            21.224026635741616,
            53.84282339182637
        ],
        [
            76.38573290568219,
            61.25525129815974
        ],
        [
            93.12383484301681,
            44.881176444116726
        ],
        [
            33.418277124254956,
            55.36148412513231
        ],
        [
            19.58073904949744,
            48.813915029220304
        ],
        [
            73.15303527579634,
            46.31950300223396
        ],
        [
            33.7546716596032,
            42.28120673781816
        ],
        [
            45.88080454594701,
            29.809401013070936
        ]
    ],
    "edges": [
        [
            2,
            3
        ],
        [
            3,
            2
        ],
        [
            2,
            4
        ],
        [
            4,
            2
        ],
        [
            3,
            5
        ],
        [
            5,
            3
        ],
        [
            4,
            5
        ],
        [
            5,
            4
        ],
        [
            12,
            13
        ],
        [
            13,
            12
        ],
        [
            15,
            0
        ],
        [
            0,
            15
        ],
        [
            2,
            5
        ],
        [
            5,
            2
        ],
        [
            4,
            3
        ],
        [
            3,
            4
        ],
        [
            3,
            10
        ],
        [
            10,
            3
        ],
        [
            5,
            10
        ],
        [
            10,
            5
        ],
        [
            13,
            10
        ],
        [
            10,
            13
        ],
        [
            6,
            9
        ],
        [
            9,
            6
        ],
        [
            1,
            3
        ],
        [
            3,
            1
        ],
        [
            1,
            15
        ],
        [
            15,
            1
        ],
        [
            7,
            14
        ],
        [
            14,
            7
        ],
        [
            8,
            11
        ],
        [
            11,
            8
        ],
        [
            0,
            0
        ],
        [
            1,
            1
        ],
        [
            2,
            2
        ],
        [
            3,
            3
        ],
        [
            4,
            4
        ],
        [
            5,
            5
        ],
        [
            6,
            6
        ],
        [
            7,
            7
        ],
        [
            8,
            8
        ],
        [
            9,
            9
        ],
        [
            10,
            10
        ],
        [
            11,
            11
        ],
        [
            12,
            12
        ],
        [
            13,
            13
        ],
        [
            14,
            14
        ],
        [
            15,
            15
        ]
    ],
    "similarity": 0.33
}