{
    "coords": [
        [
            18.504744918939508,
            63.39686762821823
        ],
        [
            18.82115118071125,
            30.515206105717127
        ],
        [
            68.48272368752,
            31.804803847760226
        ]
    ],
    "edges": [
        [
            1,
            2
        ],
        [
            2,
            1
        ],
        [
            1,
            0
        ],
        [
            0,
            1
        ],
        [
            0,
            0
        ],
        [
            1,
            1
        ],
        [
            2,
            2
        ]
    ],
    "similarity": 0.05
}