{
    "coords": [
        [
            19.888223537844446,
            69.51642011900572
        ],
        [
            67.96355020009027,
            69.37738148516567
        ],
        [
            23.06190453345519,
            28.87060643523409
        ],
        [
            70.61638151777774,
            27.927155099150724
        ]
    ],
    "edges": [
        [
            2,
            3
        ],
        [
            3,
            2
        ],
        [
            2,
            0
        ],
        [
            0,
            2
        ],
        [
            3,
            1
        ],
        [
            1,
            3
        ],
        [
            0,
            1
        ],
        [
            1,
            0
        ],
        [
            0,
            0
        ],
        [
            1,
            1
        ],
        [
            2,
            2
        ],
        [
            3,
            3
        ]
    ],
    "similarity": 0.06
}