{
    "coords": [
        [
            44.39858598512509,
            65.72575957436635
        ],
        [
            48.37171151746366,
            21.224684933904832
        ],
        [
            19.418504025199983,
            32.11506904246936
        ],
        [
            72.60186982429299,
            27.343589377206193
        ],
        [
            22.795533093962412,
            63.74014214565543
        ],
        [
            72.04032070292345,
            68.04335097191961
        ],
        [
            76.89439563975876,
            31.808864312280807
        ],
        [
            74.9071722242828,
            60.1285925471483
        ],
        [
            91.61047819107965,
            45.54594120619141
        ],
        [
            20.042565149128368,
            44.54000393529442
        ],
        [
            70.33307562481434,
            51.08230836715387
        ],
        [
            47.369874496166766,
            31.755391498128656
        ]
    ],
    "edges": [
        [
            2,
            3
        ],
        [
            3,
            2
        ],
        [
            2,
            4
        ],
        [
            4,
            2
        ],
        [
            3,
            5
        ],
        [
            5,
            3
        ],
        [
            4,
            5
        ],
        [
            5,
            4
        ],
        [
            9,
            10
        ],
        [
            10,
            9
        ],
        [
            11,
            0
        ],
        [
            0,
            11
        ],
        [
            2,
            5
        ],
        [
            5,
            2
        ],
        [
            4,
            3
        ],
        [
            3,
            4
        ],
        [
            3,
            8
        ],
        [
            8,
            3
        ],
        [
            5,
            8
        ],
        [
            8,
            5
        ],
        [
            10,
            8
        ],
        [
            8,
            10
        ],
        [
            6,
            7
        ],
        [
            7,
            6
        ],
        [
            1,
            3
        ],
        [
            3,
            1
        ],
        [
            1,
            11
        ],
        [
            11,
            1
        ],
        [
            0,
            0
        ],
        [
            1,
            1
        ],
        [
            2,
            2
        ],
        [
            3,
            3
        ],
        [
            4,
            4
        ],
        [
            5,
            5
        ],
        [
            6,
            6
        ],
        [
            7,
            7
        ],
        [
            8,
            8
        ],
        [
            9,
            9
        ],
        [
            10,
            10
        ],
        [
            11,
            11
        ]
    ],
    "similarity": 0.28
}