{
    "coords": [
        [
            48.468518305336744,
            60.65215208984382
        ],
        [
            17.92904747789376,
            32.84321920640547
        ],
        [
            71.04400432533262,
            33.282582077773746
        ],
        [
            18.84260445751157,
            67.21736054936214
        ],
        [
            68.59027548154117,
            65.13990614986022
        ],
        [
            22.478954937860472,
            48.98507182945324
        ],
        [
            69.44668089320456,
            50.76804342980548
        ],
        [
            44.94307775853445,
            33.97688499218823
        ]
    ],
    "edges": [
        [
            1,
            2
        ],
        [
            2,
            1
        ],
        [
            1,
            3
        ],
        [
            3,
            1
        ],
        [
            2,
            4
        ],
        [
            4,
            2
        ],
        [
            3,
            4
        ],
        [
            4,
            3
        ],
        [
            5,
            6
        ],
        [
            6,
            5
        ],
        [
            7,
            0
        ],
        [
            0,
            7
        ],
        [
            1,
            4
        ],
        [
            4,
            1
        ],
        [
            3,
            2
        ],
        [
            2,
            3
        ],
        [
            0,
            0
        ],
        [
            1,
            1
        ],
        [
            2,
            2
        ],
        [
            3,
            3
        ],
        [
            4,
            4
        ],
        [
            5,
            5
        ],
        [
            6,
            6
        ],
        [
            7,
            7
        ]
    ],
    "similarity": 0.06
}