{
    "coords": [
        [
            46.77537057639694,
            66.95966398437001
        ],
        [
            45.56657169359526,
            19.381159766916852
        ],
        [
            30.1455099909013,
            36.2745739394852
        ],
        [
            19.94399887351442,
            29.816787610701255
        ],
        [
            71.04169333915326,
            29.582324465620523
        ],
        [
            21.884234187196995,
            63.011582998248834
        ],
        [
            69.98787210132117,
            65.90591991215189
        ],
        [
            75.32549872283724,
            33.41085025782474
        ],
        [
            20.04317415179991,
            36.35223960549011
        ],
        [
            75.21205061584045,
            58.6822565203249
        ],
        [
            91.4726632983226,
            48.746937116434104
        ],
        [
            28.29808702087564,
            57.4921655150164
        ],
        [
            19.409245586148334,
            46.619792982757204
        ],
        [
            68.81500130364434,
            45.898343353582995
        ],
        [
            21.56301417463704,
            58.13974410443144
        ],
        [
            43.985469181585245,
            30.44343057632647
        ]
    ],
    "edges": [
        [
            3,
            4
        ],
        [
            4,
            3
        ],
        [
            3,
            5
        ],
        [
            5,
            3
        ],
        [
            4,
            6
        ],
        [
            6,
            4
        ],
        [
            5,
            6
        ],
        [
            6,
            5
        ],
        [
            12,
            13
        ],
        [
            13,
            12
        ],
        [
            15,
            0
        ],
        [
            0,
            15
        ],
        [
            3,
            6
        ],
        [
            6,
            3
        ],
        [
            5,
            4
        ],
        [
            4,
            5
        ],
        [
            4,
            10
        ],
        [
            10,
            4
        ],
        [
            6,
            10
        ],
        [
            10,
            6
        ],
        [
            13,
            10
        ],
        [
            10,
            13
        ],
        [
            7,
            9
        ],
        [
            9,
            7
        ],
        [
            1,
            4
        ],
        [
            4,
            1
        ],
        [
            1,
            15
        ],
        [
            15,
            1
        ],
        [
            8,
            2
        ],
        [
            2,
            8
        ],
        [
            14,
            11
        ],
        [
            11,
            14
        ],
        [
            2,
            11
        ],
        [
            11,
            2
        ],
        [
            0,
            0
        ],
        [
            1,
            1
        ],
        [
            2,
            2
        ],
        [
            3,
            3
        ],
        [
            4,
            4
        ],
        [
            5,
            5
        ],
        [
            6,
            6
        ],
        [
            7,
            7
        ],
        [
            8,
            8
        ],
        [
            9,
            9
        ],
        [
            10,
            10
        ],
        [
            11,
            11
        ],
        [
            12,
            12
        ],
        [
            13,
            13
        ],
        [
            14,
            14
        ],
        [
            15,
            15
        ]
    ],
    "similarity": 0.54
}