{
    "coords": [
        [
            46.90930456477995,
            66.11829572608151
        ],
        [
            22.08095979293638,
            30.650028790784653
        ],
        [
            67.41863649815639,
            31.535756692725588
        ],
        [
            21.33989478600219,
            68.04583621132983
        ],
        [
            68.29965905002236,
            68.31755004261183
        ],
        [
            78.96339870372273,
            31.674464775477556
        ],
        [
            75.14722719053685,
            61.46841032117052
        ],
        [
            91.33814653868875,
            48.7123224196387
        ],
        [
            18.918667553031234,
            45.80401500138841
        ],
        [
            69.6801461880961,
            50.785977646170565
        ],
        [
            41.48081273792237,
            28.072062257412433
        ]
    ],
    "edges": [
        [
            1,
            2
        ],
        [
            2,
            1
        ],
        [
            1,
            3
        ],
        [
            3,
            1
        ],
        [
            2,
            4
        ],
        [
            4,
            2
        ],
        [
            3,
            4
        ],
        [
            4,
            3
        ],
        [
            8,
            9
        ],
        [
            9,
            8
        ],
        [
            10,
            0
        ],
        [
            0,
            10
        ],
        [
            1,
            4
        ],
        [
            4,
            1
        ],
        [
            3,
            2
        ],
        [
            2,
            3
        ],
        [
            2,
            7
        ],
        [
            7,
            2
        ],
        [
            4,
            7
        ],
        [
            7,
            4
        ],
        [
            9,
            7
        ],
        [
            7,
            9
        ],
        [
            5,
            6
        ],
        [
            6,
            5
        ],
        [
            0,
            0
        ],
        [
            1,
            1
        ],
        [
            2,
            2
        ],
        [
            3,
            3
        ],
        [
            4,
            4
        ],
        [
            5,
            5
        ],
        [
            6,
            6
        ],
        [
            7,
            7
        ],
        [
            8,
            8
        ],
        [
            9,
            9
        ],
        [
            10,
            10
        ]
    ],
    "similarity": 0.27
}