{
    "coords": [
        [
            47.063046651974126,
            63.464911525735204
        ],
        [
            43.2815256168617,
            20.65961580924711
        ],
        [
            32.50113106574899,
            38.5917944137588
        ],
        [
            21.469461560892235,
            27.936474762500648
        ],
        [
            68.31973771048747,
            28.699109093628895
        ],
        [
            21.058164543969365,
            62.95373039230604
        ],
        [
            72.5213981425211,
            65.08561748321536
        ],
        [
            75.48816600011983,
            36.45649498920583
        ],
        [
            21.801069217019105,
            36.79507548730089
        ],
        [
            75.07052753674375,
            59.546868500223354
        ],
        [
            89.16360636818143,
            48.73251669611472
        ],
        [
            28.841095147277912,
            55.64788120040366
        ],
        [
            21.97564168699162,
            46.12818973940207
        ],
        [
            69.57727189778338,
            49.414804743637426
        ],
        [
            21.732749746196994,
            60.09080790747244
        ],
        [
            42.83458577249539,
            30.705794202240238
        ]
    ],
    "edges": [
        [
            3,
            4
        ],
        [
            4,
            3
        ],
        [
            3,
            5
        ],
        [
            5,
            3
        ],
        [
            4,
            6
        ],
        [
            6,
            4
        ],
        [
            5,
            6
        ],
        [
            6,
            5
        ],
        [
            12,
            13
        ],
        [
            13,
            12
        ],
        [
            15,
            0
        ],
        [
            0,
            15
        ],
        [
            3,
            6
        ],
        [
            6,
            3
        ],
        [
            5,
            4
        ],
        [
            4,
            5
        ],
        [
            4,
            10
        ],
        [
            10,
            4
        ],
        [
            6,
            10
        ],
        [
            10,
            6
        ],
        [
            13,
            10
        ],
        [
            10,
            13
        ],
        [
            7,
            9
        ],
        [
            9,
            7
        ],
        [
            1,
            4
        ],
        [
            4,
            1
        ],
        [
            1,
            15
        ],
        [
            15,
            1
        ],
        [
            8,
            2
        ],
        [
            2,
            8
        ],
        [
            14,
            11
        ],
        [
            11,
            14
        ],
        [
            0,
            0
        ],
        [
            1,
            1
        ],
        [
            2,
            2
        ],
        [
            3,
            3
        ],
        [
            4,
            4
        ],
        [
            5,
            5
        ],
        [
            6,
            6
        ],
        [
            7,
            7
        ],
        [
            8,
            8
        ],
        [
            9,
            9
        ],
        [
            10,
            10
        ],
        [
            11,
            11
        ],
        [
            12,
            12
        ],
        [
            13,
            13
        ],
        [
            14,
            14
        ],
        [
            15,
            15
        ]
    ],
    "similarity": 0.49
}