{
    "coords": [
        [
            44.464940785866,
            65.46287581488457
        ],
        [
            43.335562716204336,
            18.410704039584683
        ],
        [
            31.235473813658256,
            35.30400032260001
        ],
        [
            19.007243917823864,
            31.03892168719156
        ],
        [
            71.46202038005966,
            29.063740246788154
        ],
        [
            19.676625518149052,
            65.91828907525621
        ],
        [
            71.20568082042723,
            65.96303764526293
        ],
        [
            75.69390389861422,
            35.18960902884516
        ],
        [
            18.821490457040753,
            37.56018796918683
        ],
        [
            75.136698207203,
            61.155637350156645
        ],
        [
            88.16028718454304,
            45.858519814464124
        ],
        [
            28.64442287568445,
            57.95832396560192
        ],
        [
            20.846831677013736,
            47.48385984078638
        ],
        [
            69.6303222539277,
            48.72141307344829
        ],
        [
            19.499917116117253,
            59.59974701174565
        ],
        [
            46.11475197613504,
            31.303895947522616
        ]
    ],
    "edges": [
        [
            3,
            4
        ],
        [
            4,
            3
        ],
        [
            3,
            5
        ],
        [
            5,
            3
        ],
        [
            4,
            6
        ],
        [
            6,
            4
        ],
        [
            5,
            6
        ],
        [
            6,
            5
        ],
        [
            12,
            13
        ],
        [
            13,
            12
        ],
        [
            15,
            0
        ],
        [
            0,
            15
        ],
        [
            3,
            6
        ],
        [
            6,
            3
        ],
        [
            5,
            4
        ],
        [
            4,
            5
        ],
        [
            4,
            10
        ],
        [
            10,
            4
        ],
        [
            6,
            10
        ],
        [
            10,
            6
        ],
        [
            13,
            10
        ],
        [
            10,
            13
        ],
        [
            7,
            9
        ],
        [
            9,
            7
        ],
        [
            1,
            4
        ],
        [
            4,
            1
        ],
        [
            1,
            15
        ],
        [
            15,
            1
        ],
        [
            8,
            2
        ],
        [
            2,
            8
        ],
        [
            14,
            11
        ],
        [
            11,
            14
        ],
        [
            2,
            11
        ],
        [
            11,
            2
        ],
        [
            8,
            11
        ],
        [
            11,
            8
        ],
        [
            2,
            14
        ],
        [
            14,
            2
        ],
        [
            0,
            0
        ],
        [
            1,
            1
        ],
        [
            2,
            2
        ],
        [
            3,
            3
        ],
        [
            4,
            4
        ],
        [
            5,
            5
        ],
        [
            6,
            6
        ],
        [
            7,
            7
        ],
        [
            8,
            8
        ],
        [
            9,
            9
        ],
        [
            10,
            10
        ],
        [
            11,
            11
        ],
        [
            12,
            12
        ],
        [
            13,
            13
        ],
        [
            14,
            14
        ],
        [
            15,
            15
        ]
    ],
    "similarity": 0.63
}