{
    "coords": [
        [
            44.15127118033282,
            65.70649692298782
        ],
        [
            45.715410396792876,
            23.161319008929173
        ],
        [
            18.3469597080948,
            28.095703965415797
        ],
        [
            71.12253999099175,
            28.61324830171719
        ],
        [
            22.89825257249091,
            68.31202848035181
        ],
        [
            71.38009006863656,
            62.984941047516095
        ],
        [
            73.95761506209368,
            37.38669950770958
        ],
        [
            72.9314909498904,
            61.870072492590616
        ],
        [
            87.75684734000832,
            47.78667426430605
        ],
        [
            18.021840582591928,
            47.10777523878074
        ],
        [
            72.48428204641826,
            46.89030409032521
        ],
        [
            45.8520814370669,
            28.93882729935378
        ]
    ],
    "edges": [
        [
            2,
            3
        ],
        [
            3,
            2
        ],
        [
            2,
            4
        ],
        [
            4,
            2
        ],
        [
            3,
            5
        ],
        [
            5,
            3
        ],
        [
            4,
            5
        ],
        [
            5,
            4
        ],
        [
            9,
            10
        ],
        [
            10,
            9
        ],
        [
            11,
            0
        ],
        [
            0,
            11
        ],
        [
            2,
            5
        ],
        [
            5,
            2
        ],
        [
            4,
            3
        ],
        [
            3,
            4
        ],
        [
            3,
            8
        ],
        [
            8,
            3
        ],
        [
            5,
            8
        ],
        [
            8,
            5
        ],
        [
            10,
            8
        ],
        [
            8,
            10
        ],
        [
            6,
            7
        ],
        [
            7,
            6
        ],
        [
            1,
            3
        ],
        [
            3,
            1
        ],
        [
            1,
            11
        ],
        [
            11,
            1
        ],
        [
            0,
            0
        ],
        [
            1,
            1
        ],
        [
            2,
            2
        ],
        [
            3,
            3
        ],
        [
            4,
            4
        ],
        [
            5,
            5
        ],
        [
            6,
            6
        ],
        [
            7,
            7
        ],
        [
            8,
            8
        ],
        [
            9,
            9
        ],
        [
            10,
            10
        ],
        [
            11,
            11
        ]
    ],
    "similarity": 0.3
}