{
    "coords": [
        [
            19.46874162925801,
            75.80322566422339
        ],
        [
            74.97321048306134,
            34.929200346065755
        ],
        [
            75.21820094885476,
            60.22656403301052
        ],
        [
            90.83962463834405,
            46.78263746502411
        ],
        [
            20.45859294870064,
            47.778720199016526
        ],
        [
            44.70494311478439,
            64.12621860176408
        ],
        [
            29.138976033652003,
            36.123239670390646
        ],
        [
            70.27442196456738,
            29.257677577213357
        ],
        [
            29.342275900290545,
            57.21382266633865
        ],
        [
            29.01936841431293,
            64.88502191530182
        ],
        [
            20.94173436432906,
            30.118979401393087
        ],
        [
            69.75433082909119,
            64.82969868252631
        ],
        [
            20.342279622227238,
            36.49418125023564
        ],
        [
            29.903888704194333,
            74.99129014664892
        ],
        [
            19.445923737287238,
            57.77658043855972
        ],
        [
            45.56570360716784,
            19.418295856464976
        ],
        [
            20.18389115875618,
            64.52215940529358
        ],
        [
            69.1209484654935,
            47.346800080629116
        ],
        [
            45.382886300383234,
            30.04626051074377
        ]
    ],
    "edges": [
        [
            10,
            7
        ],
        [
            7,
            10
        ],
        [
            10,
            16
        ],
        [
            16,
            10
        ],
        [
            7,
            11
        ],
        [
            11,
            7
        ],
        [
            16,
            11
        ],
        [
            11,
            16
        ],
        [
            4,
            17
        ],
        [
            17,
            4
        ],
        [
            18,
            5
        ],
        [
            5,
            18
        ],
        [
            10,
            11
        ],
        [
            11,
            10
        ],
        [
            16,
            7
        ],
        [
            7,
            16
        ],
        [
            7,
            3
        ],
        [
            3,
            7
        ],
        [
            11,
            3
        ],
        [
            3,
            11
        ],
        [
            17,
            3
        ],
        [
            3,
            17
        ],
        [
            1,
            2
        ],
        [
            2,
            1
        ],
        [
            15,
            7
        ],
        [
            7,
            15
        ],
        [
            15,
            18
        ],
        [
            18,
            15
        ],
        [
            12,
            6
        ],
        [
            6,
            12
        ],
        [
            14,
            8
        ],
        [
            8,
            14
        ],
        [
            6,
            8
        ],
        [
            8,
            6
        ],
        [
            12,
            8
        ],
        [
            8,
            12
        ],
        [
            6,
            14
        ],
        [
            14,
            6
        ],
        [
            16,
            0
        ],
        [
            0,
            16
        ],
        [
            9,
            13
        ],
        [
            13,
            9
        ],
        [
            0,
            13
        ],
        [
            13,
            0
        ],
        [
            0,
            0
        ],
        [
            1,
            1
        ],
        [
            2,
            2
        ],
        [
            3,
            3
        ],
        [
            4,
            4
        ],
        [
            5,
            5
        ],
        [
            6,
            6
        ],
        [
            7,
            7
        ],
        [
            8,
            8
        ],
        [
            9,
            9
        ],
        [
            10,
            10
        ],
        [
            11,
            11
        ],
        [
            12,
            12
        ],
        [
            13,
            13
        ],
        [
            14,
            14
        ],
        [
            15,
            15
        ],
        [
            16,
            16
        ],
        [
            17,
            17
        ],
        [
            18,
            18
        ]
    ],
    "similarity": 0.8
}