{
    "coords": [
        [
            44.78310477678595,
            37.379334916150476
        ],
        [
            18.441100054206846,
            37.556742606331674
        ],
        [
            21.020829672632644,
            76.43789401713893
        ],
        [
            33.32574793018239,
            39.48265772984402
        ],
        [
            76.6040969591946,
            35.19748923840737
        ],
        [
            74.35238503769796,
            60.54418557992492
        ],
        [
            89.305197782279,
            48.40975138328787
        ],
        [
            29.8661402045672,
            71.21158618658473
        ],
        [
            18.92724224567213,
            47.332342694456855
        ],
        [
            43.90213054546136,
            64.49938043047038
        ],
        [
            30.904580916310977,
            35.918500097026936
        ],
        [
            68.66174229631919,
            30.17411955137534
        ],
        [
            19.021996221689378,
            54.97751239233773
        ],
        [
            31.73978765253713,
            54.776712873616795
        ],
        [
            26.410287665365757,
            32.19058853487823
        ],
        [
            60.236975295869776,
            73.79119342676
        ],
        [
            29.195610944425688,
            65.20223472781358
        ],
        [
            46.553703961608434,
            32.65507363299122
        ],
        [
            19.092976338352717,
            30.28292020419972
        ],
        [
            68.72919570598107,
            63.535768233307216
        ],
        [
            44.586577152290765,
            40.26428262800306
        ],
        [
            30.631509243392706,
            75.77446227726624
        ],
        [
            44.55721263534324,
            20.844045104639115
        ],
        [
            19.529534728806077,
            64.258634343799
        ],
        [
            58.71367852396507,
            66.37039291918978
        ],
        [
            43.59629855637491,
            70.97858583321481
        ],
        [
            66.03603513202381,
            69.66276977104938
        ],
        [
            68.55500947224793,
            48.247619578028356
        ],
        [
            44.157064447768384,
            29.442731507412795
        ]
    ],
    "edges": [
        [
            18,
            11
        ],
        [
            11,
            18
        ],
        [
            18,
            23
        ],
        [
            23,
            18
        ],
        [
            11,
            19
        ],
        [
            19,
            11
        ],
        [
            23,
            19
        ],
        [
            19,
            23
        ],
        [
            8,
            27
        ],
        [
            27,
            8
        ],
        [
            28,
            9
        ],
        [
            9,
            28
        ],
        [
            18,
            19
        ],
        [
            19,
            18
        ],
        [
            23,
            11
        ],
        [
            11,
            23
        ],
        [
            11,
            6
        ],
        [
            6,
            11
        ],
        [
            19,
            6
        ],
        [
            6,
            19
        ],
        [
            27,
            6
        ],
        [
            6,
            27
        ],
        [
            4,
            5
        ],
        [
            5,
            4
        ],
        [
            22,
            11
        ],
        [
            11,
            22
        ],
        [
            22,
            28
        ],
        [
            28,
            22
        ],
        [
            1,
            3
        ],
        [
            3,
            1
        ],
        [
            12,
            13
        ],
        [
            13,
            12
        ],
        [
            3,
            13
        ],
        [
            13,
            3
        ],
        [
            1,
            10
        ],
        [
            10,
            1
        ],
        [
            1,
            13
        ],
        [
            13,
            1
        ],
        [
            3,
            12
        ],
        [
            12,
            3
        ],
        [
            23,
            2
        ],
        [
            2,
            23
        ],
        [
            16,
            21
        ],
        [
            21,
            16
        ],
        [
            2,
            21
        ],
        [
            21,
            2
        ],
        [
            23,
            21
        ],
        [
            21,
            23
        ],
        [
            25,
            9
        ],
        [
            9,
            25
        ],
        [
            7,
            26
        ],
        [
            26,
            7
        ],
        [
            24,
            15
        ],
        [
            15,
            24
        ],
        [
            14,
            17
        ],
        [
            17,
            14
        ],
        [
            10,
            0
        ],
        [
            0,
            10
        ],
        [
            3,
            20
        ],
        [
            20,
            3
        ],
        [
            0,
            0
        ],
        [
            1,
            1
        ],
        [
            2,
            2
        ],
        [
            3,
            3
        ],
        [
            4,
            4
        ],
        [
            5,
            5
        ],
        [
            6,
            6
        ],
        [
            7,
            7
        ],
        [
            8,
            8
        ],
        [
            9,
            9
        ],
        [
            10,
            10
        ],
        [
            11,
            11
        ],
        [
            12,
            12
        ],
        [
            13,
            13
        ],
        [
            14,
            14
        ],
        [
            15,
            15
        ],
        [
            16,
            16
        ],
        [
            17,
            17
        ],
        [
            18,
            18
        ],
        [
            19,
            19
        ],
        [
            20,
            20
        ],
        [
            21,
            21
        ],
        [
            22,
            22
        ],
        [
            23,
            23
        ],
        [
            24,
            24
        ],
        [
            25,
            25
        ],
        [
            26,
            26
        ],
        [
            27,
            27
        ],
        [
            28,
            28
        ]
    ],
    "similarity": 0.68
}