{
    "coords": [
        [
            45.46620959878137,
            69.02042759841439
        ],
        [
            23.060880691947016,
            32.86809178217722
        ],
        [
            69.01688990733768,
            28.643911129240333
        ],
        [
            18.669703219925314,
            61.29149876593245
        ],
        [
            73.5059527584628,
            64.14830241233528
        ],
        [
            74.48294895732282,
            36.803751464501325
        ],
        [
            79.32483362606817,
            57.252647699738375
        ],
        [
            90.29488909093473,
            46.54874850686161
        ],
        [
            23.670191942672123,
            45.31659885019656
        ],
        [
            69.11451910788882,
            49.4090863058466
        ],
        [
            44.02437522827945,
            27.04281379412822
        ]
    ],
    "edges": [
        [
            1,
            2
        ],
        [
            2,
            1
        ],
        [
            1,
            3
        ],
        [
            3,
            1
        ],
        [
            2,
            4
        ],
        [
            4,
            2
        ],
        [
            3,
            4
        ],
        [
            4,
            3
        ],
        [
            8,
            9
        ],
        [
            9,
            8
        ],
        [
            10,
            0
        ],
        [
            0,
            10
        ],
        [
            1,
            4
        ],
        [
            4,
            1
        ],
        [
            3,
            2
        ],
        [
            2,
            3
        ],
        [
            2,
            7
        ],
        [
            7,
            2
        ],
        [
            4,
            7
        ],
        [
            7,
            4
        ],
        [
            9,
            7
        ],
        [
            7,
            9
        ],
        [
            5,
            6
        ],
        [
            6,
            5
        ],
        [
            0,
            0
        ],
        [
            1,
            1
        ],
        [
            2,
            2
        ],
        [
            3,
            3
        ],
        [
            4,
            4
        ],
        [
            5,
            5
        ],
        [
            6,
            6
        ],
        [
            7,
            7
        ],
        [
            8,
            8
        ],
        [
            9,
            9
        ],
        [
            10,
            10
        ]
    ],
    "similarity": 0.19
}