{
    "coords": [
        [
            47.235363388413305,
            64.21665163007565
        ],
        [
            20.622157900708533,
            31.137329875285467
        ],
        [
            67.41689287059104,
            33.43046692853601
        ],
        [
            19.23482933384239,
            63.531176206616045
        ],
        [
            68.22414884460787,
            64.20067009530212
        ],
        [
            74.05361520552853,
            34.58165445722211
        ],
        [
            76.6598182535566,
            61.07339940681021
        ],
        [
            86.91910973091187,
            45.250538901679455
        ],
        [
            21.714232117566027,
            45.66658304383232
        ],
        [
            69.61093604012224,
            50.9869110664161
        ],
        [
            46.187600261761176,
            29.84421022194431
        ]
    ],
    "edges": [
        [
            1,
            2
        ],
        [
            2,
            1
        ],
        [
            1,
            3
        ],
        [
            3,
            1
        ],
        [
            2,
            4
        ],
        [
            4,
            2
        ],
        [
            3,
            4
        ],
        [
            4,
            3
        ],
        [
            8,
            9
        ],
        [
            9,
            8
        ],
        [
            10,
            0
        ],
        [
            0,
            10
        ],
        [
            1,
            4
        ],
        [
            4,
            1
        ],
        [
            3,
            2
        ],
        [
            2,
            3
        ],
        [
            2,
            7
        ],
        [
            7,
            2
        ],
        [
            4,
            7
        ],
        [
            7,
            4
        ],
        [
            9,
            7
        ],
        [
            7,
            9
        ],
        [
            5,
            6
        ],
        [
            6,
            5
        ],
        [
            0,
            0
        ],
        [
            1,
            1
        ],
        [
            2,
            2
        ],
        [
            3,
            3
        ],
        [
            4,
            4
        ],
        [
            5,
            5
        ],
        [
            6,
            6
        ],
        [
            7,
            7
        ],
        [
            8,
            8
        ],
        [
            9,
            9
        ],
        [
            10,
            10
        ]
    ],
    "similarity": 0.24
}