{
    "coords": [
        [
            45.4388635144849,
            65.06659114049022
        ],
        [
            47.82794169253728,
            19.430306441879583
        ],
        [
            29.908594725919507,
            36.649120355573366
        ],
        [
            19.41196085991871,
            30.94098200390561
        ],
        [
            72.08481488251688,
            29.125840104955717
        ],
        [
            17.712109044575143,
            66.87675186508118
        ],
        [
            67.21952490740725,
            66.36634667649231
        ],
        [
            77.89590176457438,
            34.341286053845
        ],
        [
            19.95132476468718,
            38.44766061893802
        ],
        [
            75.90544273421587,
            60.42111754322961
        ],
        [
            88.44553643245298,
            45.563132781412584
        ],
        [
            17.537734169836295,
            47.19116946521703
        ],
        [
            67.51654535400066,
            45.92223480833358
        ],
        [
            44.752618357052114,
            32.45468285640041
        ]
    ],
    "edges": [
        [
            3,
            4
        ],
        [
            4,
            3
        ],
        [
            3,
            5
        ],
        [
            5,
            3
        ],
        [
            4,
            6
        ],
        [
            6,
            4
        ],
        [
            5,
            6
        ],
        [
            6,
            5
        ],
        [
            11,
            12
        ],
        [
            12,
            11
        ],
        [
            13,
            0
        ],
        [
            0,
            13
        ],
        [
            3,
            6
        ],
        [
            6,
            3
        ],
        [
            5,
            4
        ],
        [
            4,
            5
        ],
        [
            4,
            10
        ],
        [
            10,
            4
        ],
        [
            6,
            10
        ],
        [
            10,
            6
        ],
        [
            12,
            10
        ],
        [
            10,
            12
        ],
        [
            7,
            9
        ],
        [
            9,
            7
        ],
        [
            1,
            4
        ],
        [
            4,
            1
        ],
        [
            1,
            13
        ],
        [
            13,
            1
        ],
        [
            8,
            2
        ],
        [
            2,
            8
        ],
        [
            0,
            0
        ],
        [
            1,
            1
        ],
        [
            2,
            2
        ],
        [
            3,
            3
        ],
        [
            4,
            4
        ],
        [
            5,
            5
        ],
        [
            6,
            6
        ],
        [
            7,
            7
        ],
        [
            8,
            8
        ],
        [
            9,
            9
        ],
        [
            10,
            10
        ],
        [
            11,
            11
        ],
        [
            12,
            12
        ],
        [
            13,
            13
        ]
    ],
    "similarity": 0.41
}