{
    "coords": [
        [
            17.410333799911797,
            67.31595643969999
        ],
        [
            22.65853833626051,
            33.5722706428422
        ],
        [
            67.7497341351041,
            26.509641353741316
        ]
    ],
    "edges": [
        [
            1,
            2
        ],
        [
            2,
            1
        ],
        [
            1,
            0
        ],
        [
            0,
            1
        ],
        [
            0,
            0
        ],
        [
            1,
            1
        ],
        [
            2,
            2
        ]
    ],
    "similarity": 0.05
}