{
    "coords": [
        [
            21.165563694483836,
            37.13192457686293
        ],
        [
            18.93700017511141,
            75.66417841359373
        ],
        [
            73.14608503679369,
            36.62969131701627
        ],
        [
            76.74251606520257,
            58.25955590995611
        ],
        [
            88.6091190245493,
            49.889459126154904
        ],
        [
            20.907712653295775,
            48.77877950083733
        ],
        [
            45.66271740083068,
            63.312460401517654
        ],
        [
            70.83782274711061,
            31.862347275761472
        ],
        [
            21.976743916055344,
            56.010787763201535
        ],
        [
            32.384146755918934,
            54.652291577844
        ],
        [
            33.49494449958373,
            38.80866464276005
        ],
        [
            29.754564989714464,
            63.65036321703559
        ],
        [
            18.610202900202665,
            27.735933806067784
        ],
        [
            69.81445997897646,
            63.45302417979052
        ],
        [
            27.74905008534513,
            73.4633216963087
        ],
        [
            43.77845713360322,
            19.6782497579821
        ],
        [
            19.893492504942216,
            65.22951192894853
        ],
        [
            71.41319839294606,
            49.59531263880011
        ],
        [
            47.35734943487102,
            28.226209291406995
        ]
    ],
    "edges": [
        [
            12,
            7
        ],
        [
            7,
            12
        ],
        [
            12,
            16
        ],
        [
            16,
            12
        ],
        [
            7,
            13
        ],
        [
            13,
            7
        ],
        [
            16,
            13
        ],
        [
            13,
            16
        ],
        [
            5,
            17
        ],
        [
            17,
            5
        ],
        [
            18,
            6
        ],
        [
            6,
            18
        ],
        [
            12,
            13
        ],
        [
            13,
            12
        ],
        [
            16,
            7
        ],
        [
            7,
            16
        ],
        [
            7,
            4
        ],
        [
            4,
            7
        ],
        [
            13,
            4
        ],
        [
            4,
            13
        ],
        [
            17,
            4
        ],
        [
            4,
            17
        ],
        [
            2,
            3
        ],
        [
            3,
            2
        ],
        [
            15,
            7
        ],
        [
            7,
            15
        ],
        [
            15,
            18
        ],
        [
            18,
            15
        ],
        [
            0,
            10
        ],
        [
            10,
            0
        ],
        [
            8,
            9
        ],
        [
            9,
            8
        ],
        [
            10,
            9
        ],
        [
            9,
            10
        ],
        [
            0,
            10
        ],
        [
            10,
            0
        ],
        [
            0,
            9
        ],
        [
            9,
            0
        ],
        [
            10,
            8
        ],
        [
            8,
            10
        ],
        [
            16,
            1
        ],
        [
            1,
            16
        ],
        [
            11,
            14
        ],
        [
            14,
            11
        ],
        [
            1,
            14
        ],
        [
            14,
            1
        ],
        [
            16,
            14
        ],
        [
            14,
            16
        ],
        [
            0,
            0
        ],
        [
            1,
            1
        ],
        [
            2,
            2
        ],
        [
            3,
            3
        ],
        [
            4,
            4
        ],
        [
            5,
            5
        ],
        [
            6,
            6
        ],
        [
            7,
            7
        ],
        [
            8,
            8
        ],
        [
            9,
            9
        ],
        [
            10,
            10
        ],
        [
            11,
            11
        ],
        [
            12,
            12
        ],
        [
            13,
            13
        ],
        [
            14,
            14
        ],
        [
            15,
            15
        ],
        [
            16,
            16
        ],
        [
            17,
            17
        ],
        [
            18,
            18
        ]
    ],
    "similarity": 0.51
}