{
    "coords": [
        [
            44.00062513923773,
            68.206978469005
        ],
        [
            46.66066272205877,
            17.29435715610697
        ],
        [
            17.920947364123354,
            32.524353635237034
        ],
        [
            71.97107433727267,
            32.57904020420212
        ],
        [
            17.603238940918505,
            62.51461031172148
        ],
        [
            70.1231888257432,
            66.57513729280255
        ],
        [
            73.99554753117576,
            38.19235090345616
        ],
        [
            76.1531233519492,
            63.00892782543186
        ],
        [
            86.80025024506755,
            47.86047612219751
        ],
        [
            19.322293883183775,
            46.78733497615153
        ],
        [
            68.13409220705923,
            47.1712885712964
        ],
        [
            46.36521932413115,
            32.55826575863838
        ]
    ],
    "edges": [
        [
            2,
            3
        ],
        [
            3,
            2
        ],
        [
            2,
            4
        ],
        [
            4,
            2
        ],
        [
            3,
            5
        ],
        [
            5,
            3
        ],
        [
            4,
            5
        ],
        [
            5,
            4
        ],
        [
            9,
            10
        ],
        [
            10,
            9
        ],
        [
            11,
            0
        ],
        [
            0,
            11
        ],
        [
            2,
            5
        ],
        [
            5,
            2
        ],
        [
            4,
            3
        ],
        [
            3,
            4
        ],
        [
            3,
            8
        ],
        [
            8,
            3
        ],
        [
            5,
            8
        ],
        [
            8,
            5
        ],
        [
            10,
            8
        ],
        [
            8,
            10
        ],
        [
            6,
            7
        ],
        [
            7,
            6
        ],
        [
            1,
            3
        ],
        [
            3,
            1
        ],
        [
            1,
            11
        ],
        [
            11,
            1
        ],
        [
            0,
            0
        ],
        [
            1,
            1
        ],
        [
            2,
            2
        ],
        [
            3,
            3
        ],
        [
            4,
            4
        ],
        [
            5,
            5
        ],
        [
            6,
            6
        ],
        [
            7,
            7
        ],
        [
            8,
            8
        ],
        [
            9,
            9
        ],
        [
            10,
            10
        ],
        [
            11,
            11
        ]
    ],
    "similarity": 0.28
}