{
    "coords": [
        [
            19.290991233785917,
            36.15431222119273
        ],
        [
            22.2466925130324,
            76.17052152393578
        ],
        [
            74.05358634514813,
            36.56385652813593
        ],
        [
            74.25591882773797,
            59.253281353578075
        ],
        [
            88.26072432969363,
            45.58667380201185
        ],
        [
            21.477297439003276,
            48.87815346721386
        ],
        [
            44.30054950651739,
            64.05482101708832
        ],
        [
            71.42494422027919,
            31.554457152712203
        ],
        [
            20.48270700718079,
            56.44318864432648
        ],
        [
            34.48725323014485,
            54.01382270283652
        ],
        [
            29.990572889886558,
            38.318199979759214
        ],
        [
            29.29896081407809,
            67.19094142209728
        ],
        [
            19.599984635931953,
            29.343243123960335
        ],
        [
            69.3081127278597,
            63.9038799185144
        ],
        [
            30.757952641137035,
            72.83438980156168
        ],
        [
            44.5825753036249,
            19.253523727370666
        ],
        [
            17.767631691394456,
            65.45489611637468
        ],
        [
            70.41056151740361,
            46.229863002038705
        ],
        [
            45.06308742712765,
            29.750309660314734
        ]
    ],
    "edges": [
        [
            12,
            7
        ],
        [
            7,
            12
        ],
        [
            12,
            16
        ],
        [
            16,
            12
        ],
        [
            7,
            13
        ],
        [
            13,
            7
        ],
        [
            16,
            13
        ],
        [
            13,
            16
        ],
        [
            5,
            17
        ],
        [
            17,
            5
        ],
        [
            18,
            6
        ],
        [
            6,
            18
        ],
        [
            12,
            13
        ],
        [
            13,
            12
        ],
        [
            16,
            7
        ],
        [
            7,
            16
        ],
        [
            7,
            4
        ],
        [
            4,
            7
        ],
        [
            13,
            4
        ],
        [
            4,
            13
        ],
        [
            17,
            4
        ],
        [
            4,
            17
        ],
        [
            2,
            3
        ],
        [
            3,
            2
        ],
        [
            15,
            7
        ],
        [
            7,
            15
        ],
        [
            15,
            18
        ],
        [
            18,
            15
        ],
        [
            0,
            10
        ],
        [
            10,
            0
        ],
        [
            8,
            9
        ],
        [
            9,
            8
        ],
        [
            10,
            9
        ],
        [
            9,
            10
        ],
        [
            0,
            10
        ],
        [
            10,
            0
        ],
        [
            0,
            9
        ],
        [
            9,
            0
        ],
        [
            10,
            8
        ],
        [
            8,
            10
        ],
        [
            16,
            1
        ],
        [
            1,
            16
        ],
        [
            11,
            14
        ],
        [
            14,
            11
        ],
        [
            1,
            14
        ],
        [
            14,
            1
        ],
        [
            16,
            14
        ],
        [
            14,
            16
        ],
        [
            0,
            0
        ],
        [
            1,
            1
        ],
        [
            2,
            2
        ],
        [
            3,
            3
        ],
        [
            4,
            4
        ],
        [
            5,
            5
        ],
        [
            6,
            6
        ],
        [
            7,
            7
        ],
        [
            8,
            8
        ],
        [
            9,
            9
        ],
        [
            10,
            10
        ],
        [
            11,
            11
        ],
        [
            12,
            12
        ],
        [
            13,
            13
        ],
        [
            14,
            14
        ],
        [
            15,
            15
        ],
        [
            16,
            16
        ],
        [
            17,
            17
        ],
        [
            18,
            18
        ]
    ],
    "similarity": 0.55
}