{
    "coords": [
        [
            44.24085038012673,
            62.470607403527204
        ],
        [
            47.69441639174997,
            18.902469685350795
        ],
        [
            22.11735391873346,
            29.071696876110124
        ],
        [
            70.57225673182744,
            31.956010035892923
        ],
        [
            18.670979295638357,
            63.63415435689268
        ],
        [
            69.05889926675083,
            64.52942660279275
        ],
        [
            76.76646879997563,
            38.10794460438174
        ],
        [
            78.54156701947248,
            58.47781841074691
        ],
        [
            91.46360888351929,
            46.66632053822187
        ],
        [
            19.97286885617532,
            49.591357562391835
        ],
        [
            70.51181762075396,
            46.757379607023104
        ],
        [
            42.48059572053424,
            28.304241575255038
        ]
    ],
    "edges": [
        [
            2,
            3
        ],
        [
            3,
            2
        ],
        [
            2,
            4
        ],
        [
            4,
            2
        ],
        [
            3,
            5
        ],
        [
            5,
            3
        ],
        [
            4,
            5
        ],
        [
            5,
            4
        ],
        [
            9,
            10
        ],
        [
            10,
            9
        ],
        [
            11,
            0
        ],
        [
            0,
            11
        ],
        [
            2,
            5
        ],
        [
            5,
            2
        ],
        [
            4,
            3
        ],
        [
            3,
            4
        ],
        [
            3,
            8
        ],
        [
            8,
            3
        ],
        [
            5,
            8
        ],
        [
            8,
            5
        ],
        [
            10,
            8
        ],
        [
            8,
            10
        ],
        [
            6,
            7
        ],
        [
            7,
            6
        ],
        [
            1,
            3
        ],
        [
            3,
            1
        ],
        [
            1,
            11
        ],
        [
            11,
            1
        ],
        [
            0,
            0
        ],
        [
            1,
            1
        ],
        [
            2,
            2
        ],
        [
            3,
            3
        ],
        [
            4,
            4
        ],
        [
            5,
            5
        ],
        [
            6,
            6
        ],
        [
            7,
            7
        ],
        [
            8,
            8
        ],
        [
            9,
            9
        ],
        [
            10,
            10
        ],
        [
            11,
            11
        ]
    ],
    "similarity": 0.37
}