{
    "coords": [
        [
            46.15261124373427,
            69.32885948721793
        ],
        [
            21.59030069726002,
            28.97276047072186
        ],
        [
            67.95634261656681,
            33.01275953703419
        ],
        [
            24.19656145051281,
            64.46928098926534
        ],
        [
            70.52115088922557,
            60.80876892807757
        ],
        [
            17.64421946253926,
            48.43528177676407
        ],
        [
            73.43149550597366,
            46.893885280626314
        ],
        [
            46.00710704340627,
            29.639371320249086
        ]
    ],
    "edges": [
        [
            1,
            2
        ],
        [
            2,
            1
        ],
        [
            1,
            3
        ],
        [
            3,
            1
        ],
        [
            2,
            4
        ],
        [
            4,
            2
        ],
        [
            3,
            4
        ],
        [
            4,
            3
        ],
        [
            5,
            6
        ],
        [
            6,
            5
        ],
        [
            7,
            0
        ],
        [
            0,
            7
        ],
        [
            0,
            0
        ],
        [
            1,
            1
        ],
        [
            2,
            2
        ],
        [
            3,
            3
        ],
        [
            4,
            4
        ],
        [
            5,
            5
        ],
        [
            6,
            6
        ],
        [
            7,
            7
        ]
    ],
    "similarity": 0.13
}