{
    "coords": [
        [
            20.596742784541412,
            75.6000894293155
        ],
        [
            75.86068906168968,
            34.97963020521694
        ],
        [
            75.01252813577968,
            59.91220496851112
        ],
        [
            90.0723630029364,
            47.55672716623239
        ],
        [
            20.439007659206542,
            47.06435425930476
        ],
        [
            45.62550582476129,
            64.468769516556
        ],
        [
            30.458823423325885,
            36.79366865541207
        ],
        [
            69.94887951116665,
            30.319731809045
        ],
        [
            29.472217001461704,
            57.73074800863512
        ],
        [
            29.804318175717317,
            64.71028569913958
        ],
        [
            20.251102184107374,
            29.87675086615664
        ],
        [
            70.56757862886272,
            65.38917286004617
        ],
        [
            20.074037990252457,
            36.95168522246417
        ],
        [
            30.35177453870186,
            74.62691986018746
        ],
        [
            20.47281264977895,
            57.9971961059707
        ],
        [
            44.42247970969135,
            19.411292615215
        ],
        [
            20.608703512605228,
            65.08660727623912
        ],
        [
            44.80701811860648,
            69.8685639249258
        ],
        [
            70.49409114134514,
            47.6830198464334
        ],
        [
            44.849887510120844,
            30.630675956513286
        ]
    ],
    "edges": [
        [
            10,
            7
        ],
        [
            7,
            10
        ],
        [
            10,
            16
        ],
        [
            16,
            10
        ],
        [
            7,
            11
        ],
        [
            11,
            7
        ],
        [
            16,
            11
        ],
        [
            11,
            16
        ],
        [
            4,
            18
        ],
        [
            18,
            4
        ],
        [
            19,
            5
        ],
        [
            5,
            19
        ],
        [
            10,
            11
        ],
        [
            11,
            10
        ],
        [
            16,
            7
        ],
        [
            7,
            16
        ],
        [
            7,
            3
        ],
        [
            3,
            7
        ],
        [
            11,
            3
        ],
        [
            3,
            11
        ],
        [
            18,
            3
        ],
        [
            3,
            18
        ],
        [
            1,
            2
        ],
        [
            2,
            1
        ],
        [
            15,
            7
        ],
        [
            7,
            15
        ],
        [
            15,
            19
        ],
        [
            19,
            15
        ],
        [
            12,
            6
        ],
        [
            6,
            12
        ],
        [
            14,
            8
        ],
        [
            8,
            14
        ],
        [
            6,
            8
        ],
        [
            8,
            6
        ],
        [
            12,
            8
        ],
        [
            8,
            12
        ],
        [
            6,
            14
        ],
        [
            14,
            6
        ],
        [
            16,
            0
        ],
        [
            0,
            16
        ],
        [
            9,
            13
        ],
        [
            13,
            9
        ],
        [
            0,
            13
        ],
        [
            13,
            0
        ],
        [
            16,
            13
        ],
        [
            13,
            16
        ],
        [
            17,
            5
        ],
        [
            5,
            17
        ],
        [
            0,
            0
        ],
        [
            1,
            1
        ],
        [
            2,
            2
        ],
        [
            3,
            3
        ],
        [
            4,
            4
        ],
        [
            5,
            5
        ],
        [
            6,
            6
        ],
        [
            7,
            7
        ],
        [
            8,
            8
        ],
        [
            9,
            9
        ],
        [
            10,
            10
        ],
        [
            11,
            11
        ],
        [
            12,
            12
        ],
        [
            13,
            13
        ],
        [
            14,
            14
        ],
        [
            15,
            15
        ],
        [
            16,
            16
        ],
        [
            17,
            17
        ],
        [
            18,
            18
        ],
        [
            19,
            19
        ]
    ],
    "similarity": 0.87
}