{
    "coords": [
        [
            46.40109739612022,
            64.53481324055979
        ],
        [
            21.51291987004619,
            28.2156321025573
        ],
        [
            68.31733879310215,
            26.807904257073133
        ],
        [
            20.84901128474985,
            61.18659051775495
        ],
        [
            67.76569198238833,
            67.95312569079084
        ],
        [
            72.60635248561061,
            35.30027109954076
        ],
        [
            77.840150905466,
            57.976810490275774
        ],
        [
            87.04423703517189,
            47.644029091511925
        ],
        [
            22.716178686656992,
            51.253511925840655
        ],
        [
            68.3441167999467,
            47.169102073567096
        ],
        [
            41.63007337306146,
            30.001036666569544
        ]
    ],
    "edges": [
        [
            1,
            2
        ],
        [
            2,
            1
        ],
        [
            1,
            3
        ],
        [
            3,
            1
        ],
        [
            2,
            4
        ],
        [
            4,
            2
        ],
        [
            3,
            4
        ],
        [
            4,
            3
        ],
        [
            8,
            9
        ],
        [
            9,
            8
        ],
        [
            10,
            0
        ],
        [
            0,
            10
        ],
        [
            1,
            4
        ],
        [
            4,
            1
        ],
        [
            3,
            2
        ],
        [
            2,
            3
        ],
        [
            2,
            7
        ],
        [
            7,
            2
        ],
        [
            4,
            7
        ],
        [
            7,
            4
        ],
        [
            9,
            7
        ],
        [
            7,
            9
        ],
        [
            5,
            6
        ],
        [
            6,
            5
        ],
        [
            0,
            0
        ],
        [
            1,
            1
        ],
        [
            2,
            2
        ],
        [
            3,
            3
        ],
        [
            4,
            4
        ],
        [
            5,
            5
        ],
        [
            6,
            6
        ],
        [
            7,
            7
        ],
        [
            8,
            8
        ],
        [
            9,
            9
        ],
        [
            10,
            10
        ]
    ],
    "similarity": 0.22
}