{
    "coords": [
        [
            44.89592233688251,
            62.96290887483159
        ],
        [
            16.763795000868384,
            31.671349395300766
        ],
        [
            70.73878941140687,
            30.736267676779224
        ],
        [
            16.467999160624657,
            64.29707186377125
        ],
        [
            72.57315604848603,
            61.00685245433077
        ],
        [
            21.025457181033538,
            44.692091347034285
        ],
        [
            69.86357372087978,
            45.548427621135644
        ],
        [
            41.93729772956706,
            33.1528725495011
        ]
    ],
    "edges": [
        [
            1,
            2
        ],
        [
            2,
            1
        ],
        [
            1,
            3
        ],
        [
            3,
            1
        ],
        [
            2,
            4
        ],
        [
            4,
            2
        ],
        [
            3,
            4
        ],
        [
            4,
            3
        ],
        [
            5,
            6
        ],
        [
            6,
            5
        ],
        [
            7,
            0
        ],
        [
            0,
            7
        ],
        [
            1,
            4
        ],
        [
            4,
            1
        ],
        [
            3,
            2
        ],
        [
            2,
            3
        ],
        [
            0,
            0
        ],
        [
            1,
            1
        ],
        [
            2,
            2
        ],
        [
            3,
            3
        ],
        [
            4,
            4
        ],
        [
            5,
            5
        ],
        [
            6,
            6
        ],
        [
            7,
            7
        ]
    ],
    "similarity": 0.18
}