{
    "coords": [
        [
            42.45353703896616,
            66.14210995367043
        ],
        [
            46.76228938557534,
            17.067122852728595
        ],
        [
            22.034615549844442,
            30.16238720861879
        ],
        [
            68.43859244229901,
            32.78048438025508
        ],
        [
            22.634697254026328,
            65.84208966409926
        ],
        [
            71.39888000468387,
            64.98906710261214
        ],
        [
            74.46297562961217,
            33.071842234741496
        ],
        [
            23.10703173193413,
            35.87393139870043
        ],
        [
            19.44569737396339,
            59.060581681484116
        ],
        [
            76.49836341800606,
            59.672830322065266
        ],
        [
            90.49486198177748,
            44.889207793584475
        ],
        [
            35.98461952876146,
            53.21375902108484
        ],
        [
            17.10638429302449,
            48.705104405769035
        ],
        [
            68.89482082250503,
            45.129582782630976
        ],
        [
            31.13608395981064,
            41.47940988472836
        ],
        [
            41.99680809291371,
            29.669413276348347
        ]
    ],
    "edges": [
        [
            2,
            3
        ],
        [
            3,
            2
        ],
        [
            2,
            4
        ],
        [
            4,
            2
        ],
        [
            3,
            5
        ],
        [
            5,
            3
        ],
        [
            4,
            5
        ],
        [
            5,
            4
        ],
        [
            12,
            13
        ],
        [
            13,
            12
        ],
        [
            15,
            0
        ],
        [
            0,
            15
        ],
        [
            2,
            5
        ],
        [
            5,
            2
        ],
        [
            4,
            3
        ],
        [
            3,
            4
        ],
        [
            3,
            10
        ],
        [
            10,
            3
        ],
        [
            5,
            10
        ],
        [
            10,
            5
        ],
        [
            13,
            10
        ],
        [
            10,
            13
        ],
        [
            6,
            9
        ],
        [
            9,
            6
        ],
        [
            1,
            3
        ],
        [
            3,
            1
        ],
        [
            1,
            15
        ],
        [
            15,
            1
        ],
        [
            7,
            14
        ],
        [
            14,
            7
        ],
        [
            8,
            11
        ],
        [
            11,
            8
        ],
        [
            0,
            0
        ],
        [
            1,
            1
        ],
        [
            2,
            2
        ],
        [
            3,
            3
        ],
        [
            4,
            4
        ],
        [
            5,
            5
        ],
        [
            6,
            6
        ],
        [
            7,
            7
        ],
        [
            8,
            8
        ],
        [
            9,
            9
        ],
        [
            10,
            10
        ],
        [
            11,
            11
        ],
        [
            12,
            12
        ],
        [
            13,
            13
        ],
        [
            14,
            14
        ],
        [
            15,
            15
        ]
    ],
    "similarity": 0.35
}