{
    "coords": [
        [
            20.53758611479133,
            60.37670433095403
        ],
        [
            23.383152793774194,
            28.674680493265058
        ],
        [
            65.80011945815934,
            32.320840166513364
        ]
    ],
    "edges": [
        [
            1,
            2
        ],
        [
            2,
            1
        ],
        [
            1,
            0
        ],
        [
            0,
            1
        ],
        [
            0,
            0
        ],
        [
            1,
            1
        ],
        [
            2,
            2
        ]
    ],
    "similarity": 0.05
}