{
    "coords": [
        [
            41.11842283899208,
            62.89790323074506
        ],
        [
            19.740378271523056,
            32.338830553054414
        ],
        [
            69.92664903685164,
            30.417888976668973
        ],
        [
            16.37081248112614,
            64.81670777071449
        ],
        [
            67.1745698003715,
            64.90880079503357
        ],
        [
            19.717447625127946,
            50.736495207683205
        ],
        [
            73.26490108221897,
            45.97112646966019
        ],
        [
            47.38588850976839,
            26.587175251627144
        ]
    ],
    "edges": [
        [
            1,
            2
        ],
        [
            2,
            1
        ],
        [
            1,
            3
        ],
        [
            3,
            1
        ],
        [
            2,
            4
        ],
        [
            4,
            2
        ],
        [
            3,
            4
        ],
        [
            4,
            3
        ],
        [
            5,
            6
        ],
        [
            6,
            5
        ],
        [
            7,
            0
        ],
        [
            0,
            7
        ],
        [
            1,
            4
        ],
        [
            4,
            1
        ],
        [
            3,
            2
        ],
        [
            2,
            3
        ],
        [
            0,
            0
        ],
        [
            1,
            1
        ],
        [
            2,
            2
        ],
        [
            3,
            3
        ],
        [
            4,
            4
        ],
        [
            5,
            5
        ],
        [
            6,
            6
        ],
        [
            7,
            7
        ]
    ],
    "similarity": 0.13
}