{
    "coords": [
        [
            45.452887318512786,
            63.11636822470813
        ],
        [
            43.577590747963214,
            20.34423866848618
        ],
        [
            32.17589717521374,
            34.31672153773857
        ],
        [
            19.526202887762565,
            29.30875837846417
        ],
        [
            71.64922538543213,
            32.44240259264469
        ],
        [
            19.759600982329356,
            66.2008119074339
        ],
        [
            72.20689328037753,
            63.53626604583811
        ],
        [
            75.61454200193329,
            37.46050260070922
        ],
        [
            18.81532910902677,
            38.04429908497449
        ],
        [
            74.45272546971988,
            58.36032318167368
        ],
        [
            90.22609915353489,
            49.46831325280419
        ],
        [
            32.16037939777689,
            59.31650528332883
        ],
        [
            17.446614584480624,
            48.773916026209356
        ],
        [
            68.85128629673723,
            44.873872348784985
        ],
        [
            19.242549548650505,
            56.74065337501147
        ],
        [
            46.60255668672107,
            28.580000989287523
        ]
    ],
    "edges": [
        [
            3,
            4
        ],
        [
            4,
            3
        ],
        [
            3,
            5
        ],
        [
            5,
            3
        ],
        [
            4,
            6
        ],
        [
            6,
            4
        ],
        [
            5,
            6
        ],
        [
            6,
            5
        ],
        [
            12,
            13
        ],
        [
            13,
            12
        ],
        [
            15,
            0
        ],
        [
            0,
            15
        ],
        [
            3,
            6
        ],
        [
            6,
            3
        ],
        [
            5,
            4
        ],
        [
            4,
            5
        ],
        [
            4,
            10
        ],
        [
            10,
            4
        ],
        [
            6,
            10
        ],
        [
            10,
            6
        ],
        [
            13,
            10
        ],
        [
            10,
            13
        ],
        [
            7,
            9
        ],
        [
            9,
            7
        ],
        [
            1,
            4
        ],
        [
            4,
            1
        ],
        [
            1,
            15
        ],
        [
            15,
            1
        ],
        [
            8,
            2
        ],
        [
            2,
            8
        ],
        [
            14,
            11
        ],
        [
            11,
            14
        ],
        [
            0,
            0
        ],
        [
            1,
            1
        ],
        [
            2,
            2
        ],
        [
            3,
            3
        ],
        [
            4,
            4
        ],
        [
            5,
            5
        ],
        [
            6,
            6
        ],
        [
            7,
            7
        ],
        [
            8,
            8
        ],
        [
            9,
            9
        ],
        [
            10,
            10
        ],
        [
            11,
            11
        ],
        [
            12,
            12
        ],
        [
            13,
            13
        ],
        [
            14,
            14
        ],
        [
            15,
            15
        ]
    ],
    "similarity": 0.46
}