{
    "coords": [
        [
            44.52447835388956,
            64.54872857356328
        ],
        [
            43.85286666177093,
            21.31241276830388
        ],
        [
            30.995105517271416,
            37.613458437232914
        ],
        [
            21.508328968889618,
            31.6314839982155
        ],
        [
            70.10440682666456,
            29.55170688950925
        ],
        [
            20.92054011993611,
            65.77468304963969
        ],
        [
            68.21520220900972,
            65.19377183614024
        ],
        [
            76.76463260021102,
            33.54537663160522
        ],
        [
            20.224449528169195,
            37.894849478528535
        ],
        [
            74.77177477962205,
            61.21504863761803
        ],
        [
            91.5477645815993,
            48.34304878222997
        ],
        [
            31.766975449239485,
            56.42129879448352
        ],
        [
            18.571288903543532,
            45.93475793543945
        ],
        [
            69.29215339118153,
            47.4905233890024
        ],
        [
            18.47046876724131,
            57.81550145666518
        ],
        [
            45.382670615736934,
            30.670766192649072
        ]
    ],
    "edges": [
        [
            3,
            4
        ],
        [
            4,
            3
        ],
        [
            3,
            5
        ],
        [
            5,
            3
        ],
        [
            4,
            6
        ],
        [
            6,
            4
        ],
        [
            5,
            6
        ],
        [
            6,
            5
        ],
        [
            12,
            13
        ],
        [
            13,
            12
        ],
        [
            15,
            0
        ],
        [
            0,
            15
        ],
        [
            3,
            6
        ],
        [
            6,
            3
        ],
        [
            5,
            4
        ],
        [
            4,
            5
        ],
        [
            4,
            10
        ],
        [
            10,
            4
        ],
        [
            6,
            10
        ],
        [
            10,
            6
        ],
        [
            13,
            10
        ],
        [
            10,
            13
        ],
        [
            7,
            9
        ],
        [
            9,
            7
        ],
        [
            1,
            4
        ],
        [
            4,
            1
        ],
        [
            1,
            15
        ],
        [
            15,
            1
        ],
        [
            8,
            2
        ],
        [
            2,
            8
        ],
        [
            14,
            11
        ],
        [
            11,
            14
        ],
        [
            2,
            11
        ],
        [
            11,
            2
        ],
        [
            8,
            11
        ],
        [
            11,
            8
        ],
        [
            2,
            14
        ],
        [
            14,
            2
        ],
        [
            0,
            0
        ],
        [
            1,
            1
        ],
        [
            2,
            2
        ],
        [
            3,
            3
        ],
        [
            4,
            4
        ],
        [
            5,
            5
        ],
        [
            6,
            6
        ],
        [
            7,
            7
        ],
        [
            8,
            8
        ],
        [
            9,
            9
        ],
        [
            10,
            10
        ],
        [
            11,
            11
        ],
        [
            12,
            12
        ],
        [
            13,
            13
        ],
        [
            14,
            14
        ],
        [
            15,
            15
        ]
    ],
    "similarity": 0.64
}