{
    "coords": [
        [
            17.413436168345577,
            69.78126466797316
        ],
        [
            21.848782185086208,
            32.28147695302948
        ],
        [
            65.86531708067912,
            28.694941196304864
        ]
    ],
    "edges": [
        [
            1,
            2
        ],
        [
            2,
            1
        ],
        [
            1,
            0
        ],
        [
            0,
            1
        ],
        [
            0,
            0
        ],
        [
            1,
            1
        ],
        [
            2,
            2
        ]
    ],
    "similarity": 0.02
}