{
    "coords": [
        [
            45.1268132004861,
            63.501844581433176
        ],
        [
            44.074011965302574,
            18.301016088727742
        ],
        [
            29.346389455035485,
            36.92562463036347
        ],
        [
            21.702970403259638,
            29.33931534788719
        ],
        [
            70.66837499287816,
            31.43926523765534
        ],
        [
            21.245228119506166,
            66.41425864624598
        ],
        [
            70.44197401772831,
            65.54490643971066
        ],
        [
            76.59101984698478,
            34.2753685842449
        ],
        [
            21.49007194430985,
            36.18471186766142
        ],
        [
            76.29701402470445,
            58.01828221682256
        ],
        [
            89.01375707269294,
            46.89065974644942
        ],
        [
            30.17519216969534,
            58.0980361105069
        ],
        [
            18.475251506954777,
            48.88285718847008
        ],
        [
            69.42289500480383,
            46.679185111293194
        ],
        [
            21.533505437910883,
            56.610195628169706
        ],
        [
            45.3835441117615,
            29.08901239221827
        ]
    ],
    "edges": [
        [
            3,
            4
        ],
        [
            4,
            3
        ],
        [
            3,
            5
        ],
        [
            5,
            3
        ],
        [
            4,
            6
        ],
        [
            6,
            4
        ],
        [
            5,
            6
        ],
        [
            6,
            5
        ],
        [
            12,
            13
        ],
        [
            13,
            12
        ],
        [
            15,
            0
        ],
        [
            0,
            15
        ],
        [
            3,
            6
        ],
        [
            6,
            3
        ],
        [
            5,
            4
        ],
        [
            4,
            5
        ],
        [
            4,
            10
        ],
        [
            10,
            4
        ],
        [
            6,
            10
        ],
        [
            10,
            6
        ],
        [
            13,
            10
        ],
        [
            10,
            13
        ],
        [
            7,
            9
        ],
        [
            9,
            7
        ],
        [
            1,
            4
        ],
        [
            4,
            1
        ],
        [
            1,
            15
        ],
        [
            15,
            1
        ],
        [
            8,
            2
        ],
        [
            2,
            8
        ],
        [
            14,
            11
        ],
        [
            11,
            14
        ],
        [
            2,
            11
        ],
        [
            11,
            2
        ],
        [
            8,
            11
        ],
        [
            11,
            8
        ],
        [
            2,
            14
        ],
        [
            14,
            2
        ],
        [
            0,
            0
        ],
        [
            1,
            1
        ],
        [
            2,
            2
        ],
        [
            3,
            3
        ],
        [
            4,
            4
        ],
        [
            5,
            5
        ],
        [
            6,
            6
        ],
        [
            7,
            7
        ],
        [
            8,
            8
        ],
        [
            9,
            9
        ],
        [
            10,
            10
        ],
        [
            11,
            11
        ],
        [
            12,
            12
        ],
        [
            13,
            13
        ],
        [
            14,
            14
        ],
        [
            15,
            15
        ]
    ],
    "similarity": 0.6
}