{
    "coords": [
        [
            47.397704495287115,
            67.57306175259293
        ],
        [
            42.83200972221269,
            19.553586078443317
        ],
        [
            18.922533203864937,
            28.687028978992497
        ],
        [
            70.29955433617741,
            30.022185919503215
        ],
        [
            17.982253258681915,
            67.68990336052225
        ],
        [
            72.1857783936861,
            64.20773158964401
        ],
        [
            77.0672270015927,
            32.712030487833964
        ],
        [
            17.797882539626368,
            38.505291142747964
        ],
        [
            22.486280847905338,
            54.487877975770196
        ],
        [
            76.89165749882658,
            58.336324131927086
        ],
        [
            92.39503952914556,
            47.58149174089804
        ],
        [
            33.674066412193646,
            54.34768241738933
        ],
        [
            33.136107492679386,
            39.929975933982284
        ],
        [
            22.924094743886,
            46.89614351077754
        ],
        [
            71.52906185235514,
            48.14571819160491
        ],
        [
            45.13671864811324,
            28.637507076538203
        ]
    ],
    "edges": [
        [
            2,
            3
        ],
        [
            3,
            2
        ],
        [
            2,
            4
        ],
        [
            4,
            2
        ],
        [
            3,
            5
        ],
        [
            5,
            3
        ],
        [
            4,
            5
        ],
        [
            5,
            4
        ],
        [
            13,
            14
        ],
        [
            14,
            13
        ],
        [
            15,
            0
        ],
        [
            0,
            15
        ],
        [
            2,
            5
        ],
        [
            5,
            2
        ],
        [
            4,
            3
        ],
        [
            3,
            4
        ],
        [
            3,
            10
        ],
        [
            10,
            3
        ],
        [
            5,
            10
        ],
        [
            10,
            5
        ],
        [
            14,
            10
        ],
        [
            10,
            14
        ],
        [
            6,
            9
        ],
        [
            9,
            6
        ],
        [
            1,
            3
        ],
        [
            3,
            1
        ],
        [
            1,
            15
        ],
        [
            15,
            1
        ],
        [
            7,
            12
        ],
        [
            12,
            7
        ],
        [
            8,
            11
        ],
        [
            11,
            8
        ],
        [
            12,
            11
        ],
        [
            11,
            12
        ],
        [
            7,
            12
        ],
        [
            12,
            7
        ],
        [
            0,
            0
        ],
        [
            1,
            1
        ],
        [
            2,
            2
        ],
        [
            3,
            3
        ],
        [
            4,
            4
        ],
        [
            5,
            5
        ],
        [
            6,
            6
        ],
        [
            7,
            7
        ],
        [
            8,
            8
        ],
        [
            9,
            9
        ],
        [
            10,
            10
        ],
        [
            11,
            11
        ],
        [
            12,
            12
        ],
        [
            13,
            13
        ],
        [
            14,
            14
        ],
        [
            15,
            15
        ]
    ],
    "similarity": 0.38
}