{
    "coords": [
        [
            21.316551179070437,
            40.09003194230333
        ],
        [
            19.015023312923947,
            76.13251930933855
        ],
        [
            77.57953374586774,
            37.36326986057594
        ],
        [
            77.87191314586876,
            57.5046314906795
        ],
        [
            87.78998690629444,
            48.18499295424575
        ],
        [
            21.508271549135102,
            46.18737850826387
        ],
        [
            44.00858121434565,
            65.48700545559953
        ],
        [
            72.58724548588748,
            29.802344143394173
        ],
        [
            21.874372031456797,
            57.839645313409804
        ],
        [
            33.28397577520783,
            58.17558423471472
        ],
        [
            34.10623688840089,
            36.076390945989026
        ],
        [
            31.181766288868385,
            66.1242343624189
        ],
        [
            22.333011672813992,
            32.18254703579089
        ],
        [
            69.1023537760085,
            63.41560459512185
        ],
        [
            28.112869620798953,
            73.71549590438893
        ],
        [
            47.41072422602134,
            18.96141335451931
        ],
        [
            21.21902486636979,
            65.25377825147599
        ],
        [
            67.64224777843218,
            47.350352155858275
        ],
        [
            45.272854756110064,
            31.83870141570139
        ]
    ],
    "edges": [
        [
            12,
            7
        ],
        [
            7,
            12
        ],
        [
            12,
            16
        ],
        [
            16,
            12
        ],
        [
            7,
            13
        ],
        [
            13,
            7
        ],
        [
            16,
            13
        ],
        [
            13,
            16
        ],
        [
            5,
            17
        ],
        [
            17,
            5
        ],
        [
            18,
            6
        ],
        [
            6,
            18
        ],
        [
            12,
            13
        ],
        [
            13,
            12
        ],
        [
            16,
            7
        ],
        [
            7,
            16
        ],
        [
            7,
            4
        ],
        [
            4,
            7
        ],
        [
            13,
            4
        ],
        [
            4,
            13
        ],
        [
            17,
            4
        ],
        [
            4,
            17
        ],
        [
            2,
            3
        ],
        [
            3,
            2
        ],
        [
            15,
            7
        ],
        [
            7,
            15
        ],
        [
            15,
            18
        ],
        [
            18,
            15
        ],
        [
            0,
            10
        ],
        [
            10,
            0
        ],
        [
            8,
            9
        ],
        [
            9,
            8
        ],
        [
            10,
            9
        ],
        [
            9,
            10
        ],
        [
            0,
            10
        ],
        [
            10,
            0
        ],
        [
            0,
            9
        ],
        [
            9,
            0
        ],
        [
            10,
            8
        ],
        [
            8,
            10
        ],
        [
            16,
            1
        ],
        [
            1,
            16
        ],
        [
            11,
            14
        ],
        [
            14,
            11
        ],
        [
            0,
            0
        ],
        [
            1,
            1
        ],
        [
            2,
            2
        ],
        [
            3,
            3
        ],
        [
            4,
            4
        ],
        [
            5,
            5
        ],
        [
            6,
            6
        ],
        [
            7,
            7
        ],
        [
            8,
            8
        ],
        [
            9,
            9
        ],
        [
            10,
            10
        ],
        [
            11,
            11
        ],
        [
            12,
            12
        ],
        [
            13,
            13
        ],
        [
            14,
            14
        ],
        [
            15,
            15
        ],
        [
            16,
            16
        ],
        [
            17,
            17
        ],
        [
            18,
            18
        ]
    ],
    "similarity": 0.48
}