{
    "coords": [
        [
            46.09174541357475,
            37.36040969791289
        ],
        [
            19.351199118570634,
            37.9396233055018
        ],
        [
            19.566610395452845,
            73.4166038353223
        ],
        [
            35.378960020241855,
            41.309312091446714
        ],
        [
            74.74136073376992,
            34.69849500382012
        ],
        [
            74.14204123734064,
            60.384889938909524
        ],
        [
            88.44454764208078,
            47.27700079239661
        ],
        [
            29.34056337346036,
            69.74075170761931
        ],
        [
            19.759757780766176,
            48.08575544213068
        ],
        [
            46.26910353571903,
            64.4077098947796
        ],
        [
            29.59612883184107,
            37.41893509087271
        ],
        [
            69.42302141960816,
            31.58873055261957
        ],
        [
            19.644117128948416,
            55.76211815433154
        ],
        [
            32.21134122906533,
            55.129452639084064
        ],
        [
            25.794582035932553,
            33.48527247190542
        ],
        [
            58.840975364244855,
            72.10140147477392
        ],
        [
            29.507076245539153,
            64.82206064919723
        ],
        [
            45.49337478210952,
            33.47882259650993
        ],
        [
            19.620495292098234,
            28.539505692824378
        ],
        [
            69.3921120920328,
            66.21659251148611
        ],
        [
            45.080359640422444,
            40.39345969277524
        ],
        [
            31.513864327531486,
            75.05230575434952
        ],
        [
            43.67956268329567,
            20.008246940228602
        ],
        [
            19.522617315909656,
            63.634500620272306
        ],
        [
            60.15603154242379,
            66.78723714874957
        ],
        [
            45.239860932991455,
            69.94860742152026
        ],
        [
            65.95892996016674,
            68.85323004609455
        ],
        [
            70.09867876751814,
            46.18748234546145
        ],
        [
            44.72647787999851,
            29.223199148394013
        ]
    ],
    "edges": [
        [
            18,
            11
        ],
        [
            11,
            18
        ],
        [
            18,
            23
        ],
        [
            23,
            18
        ],
        [
            11,
            19
        ],
        [
            19,
            11
        ],
        [
            23,
            19
        ],
        [
            19,
            23
        ],
        [
            8,
            27
        ],
        [
            27,
            8
        ],
        [
            28,
            9
        ],
        [
            9,
            28
        ],
        [
            18,
            19
        ],
        [
            19,
            18
        ],
        [
            23,
            11
        ],
        [
            11,
            23
        ],
        [
            11,
            6
        ],
        [
            6,
            11
        ],
        [
            19,
            6
        ],
        [
            6,
            19
        ],
        [
            27,
            6
        ],
        [
            6,
            27
        ],
        [
            4,
            5
        ],
        [
            5,
            4
        ],
        [
            22,
            11
        ],
        [
            11,
            22
        ],
        [
            22,
            28
        ],
        [
            28,
            22
        ],
        [
            1,
            3
        ],
        [
            3,
            1
        ],
        [
            12,
            13
        ],
        [
            13,
            12
        ],
        [
            3,
            13
        ],
        [
            13,
            3
        ],
        [
            1,
            10
        ],
        [
            10,
            1
        ],
        [
            1,
            13
        ],
        [
            13,
            1
        ],
        [
            3,
            12
        ],
        [
            12,
            3
        ],
        [
            23,
            2
        ],
        [
            2,
            23
        ],
        [
            16,
            21
        ],
        [
            21,
            16
        ],
        [
            2,
            21
        ],
        [
            21,
            2
        ],
        [
            23,
            21
        ],
        [
            21,
            23
        ],
        [
            25,
            9
        ],
        [
            9,
            25
        ],
        [
            7,
            26
        ],
        [
            26,
            7
        ],
        [
            24,
            15
        ],
        [
            15,
            24
        ],
        [
            14,
            17
        ],
        [
            17,
            14
        ],
        [
            10,
            0
        ],
        [
            0,
            10
        ],
        [
            3,
            20
        ],
        [
            20,
            3
        ],
        [
            0,
            0
        ],
        [
            1,
            1
        ],
        [
            2,
            2
        ],
        [
            3,
            3
        ],
        [
            4,
            4
        ],
        [
            5,
            5
        ],
        [
            6,
            6
        ],
        [
            7,
            7
        ],
        [
            8,
            8
        ],
        [
            9,
            9
        ],
        [
            10,
            10
        ],
        [
            11,
            11
        ],
        [
            12,
            12
        ],
        [
            13,
            13
        ],
        [
            14,
            14
        ],
        [
            15,
            15
        ],
        [
            16,
            16
        ],
        [
            17,
            17
        ],
        [
            18,
            18
        ],
        [
            19,
            19
        ],
        [
            20,
            20
        ],
        [
            21,
            21
        ],
        [
            22,
            22
        ],
        [
            23,
            23
        ],
        [
            24,
            24
        ],
        [
            25,
            25
        ],
        [
            26,
            26
        ],
        [
            27,
            27
        ],
        [
            28,
            28
        ]
    ],
    "similarity": 0.68
}