{
    "coords": [
        [
            44.36210287222312,
            63.73000248679474
        ],
        [
            44.93811391233355,
            20.89382275196282
        ],
        [
            17.802288685002168,
            30.49397364392164
        ],
        [
            71.54662306158497,
            30.42087832126933
        ],
        [
            21.943288634111077,
            64.19214501424189
        ],
        [
            68.62687954197625,
            63.060571972139215
        ],
        [
            77.66095119244827,
            36.50954115110181
        ],
        [
            18.671285578929606,
            39.61425263593264
        ],
        [
            17.195517060777725,
            54.105013755543425
        ],
        [
            74.19595065469149,
            58.48360126953152
        ],
        [
            92.69432362185948,
            48.78191803382682
        ],
        [
            30.545321362115182,
            57.50348191501875
        ],
        [
            34.45691933095948,
            40.51068104594645
        ],
        [
            18.762727056098395,
            46.32160594006644
        ],
        [
            70.26034990931936,
            47.878984107634636
        ],
        [
            45.90634028118563,
            28.31481116150671
        ]
    ],
    "edges": [
        [
            2,
            3
        ],
        [
            3,
            2
        ],
        [
            2,
            4
        ],
        [
            4,
            2
        ],
        [
            3,
            5
        ],
        [
            5,
            3
        ],
        [
            4,
            5
        ],
        [
            5,
            4
        ],
        [
            13,
            14
        ],
        [
            14,
            13
        ],
        [
            15,
            0
        ],
        [
            0,
            15
        ],
        [
            2,
            5
        ],
        [
            5,
            2
        ],
        [
            4,
            3
        ],
        [
            3,
            4
        ],
        [
            3,
            10
        ],
        [
            10,
            3
        ],
        [
            5,
            10
        ],
        [
            10,
            5
        ],
        [
            14,
            10
        ],
        [
            10,
            14
        ],
        [
            6,
            9
        ],
        [
            9,
            6
        ],
        [
            1,
            3
        ],
        [
            3,
            1
        ],
        [
            1,
            15
        ],
        [
            15,
            1
        ],
        [
            7,
            12
        ],
        [
            12,
            7
        ],
        [
            8,
            11
        ],
        [
            11,
            8
        ],
        [
            12,
            11
        ],
        [
            11,
            12
        ],
        [
            7,
            12
        ],
        [
            12,
            7
        ],
        [
            7,
            11
        ],
        [
            11,
            7
        ],
        [
            12,
            8
        ],
        [
            8,
            12
        ],
        [
            0,
            0
        ],
        [
            1,
            1
        ],
        [
            2,
            2
        ],
        [
            3,
            3
        ],
        [
            4,
            4
        ],
        [
            5,
            5
        ],
        [
            6,
            6
        ],
        [
            7,
            7
        ],
        [
            8,
            8
        ],
        [
            9,
            9
        ],
        [
            10,
            10
        ],
        [
            11,
            11
        ],
        [
            12,
            12
        ],
        [
            13,
            13
        ],
        [
            14,
            14
        ],
        [
            15,
            15
        ]
    ],
    "similarity": 0.43
}