{
    "coords": [
        [
            42.11082129501379,
            66.41814784597604
        ],
        [
            46.310848377857546,
            22.76230648912958
        ],
        [
            20.20605842843143,
            32.160099022081106
        ],
        [
            68.46097491702189,
            31.771421099800158
        ],
        [
            20.62411982642547,
            66.14136090159143
        ],
        [
            67.97704600091846,
            65.33887990635499
        ],
        [
            73.02361105046563,
            34.52047903366849
        ],
        [
            20.023089785153537,
            40.302296526545256
        ],
        [
            17.870616000448365,
            54.737002666634744
        ],
        [
            77.3493067182275,
            62.04587084850154
        ],
        [
            92.30576206325573,
            46.64240612473829
        ],
        [
            32.49765938760226,
            53.148914141095396
        ],
        [
            33.40850701141974,
            39.78088344316431
        ],
        [
            21.678387205833722,
            48.444575441061374
        ],
        [
            69.68021997008572,
            47.39064497323791
        ],
        [
            44.9355554362968,
            30.134714895753245
        ]
    ],
    "edges": [
        [
            2,
            3
        ],
        [
            3,
            2
        ],
        [
            2,
            4
        ],
        [
            4,
            2
        ],
        [
            3,
            5
        ],
        [
            5,
            3
        ],
        [
            4,
            5
        ],
        [
            5,
            4
        ],
        [
            13,
            14
        ],
        [
            14,
            13
        ],
        [
            15,
            0
        ],
        [
            0,
            15
        ],
        [
            2,
            5
        ],
        [
            5,
            2
        ],
        [
            4,
            3
        ],
        [
            3,
            4
        ],
        [
            3,
            10
        ],
        [
            10,
            3
        ],
        [
            5,
            10
        ],
        [
            10,
            5
        ],
        [
            14,
            10
        ],
        [
            10,
            14
        ],
        [
            6,
            9
        ],
        [
            9,
            6
        ],
        [
            1,
            3
        ],
        [
            3,
            1
        ],
        [
            1,
            15
        ],
        [
            15,
            1
        ],
        [
            7,
            12
        ],
        [
            12,
            7
        ],
        [
            8,
            11
        ],
        [
            11,
            8
        ],
        [
            12,
            11
        ],
        [
            11,
            12
        ],
        [
            7,
            12
        ],
        [
            12,
            7
        ],
        [
            0,
            0
        ],
        [
            1,
            1
        ],
        [
            2,
            2
        ],
        [
            3,
            3
        ],
        [
            4,
            4
        ],
        [
            5,
            5
        ],
        [
            6,
            6
        ],
        [
            7,
            7
        ],
        [
            8,
            8
        ],
        [
            9,
            9
        ],
        [
            10,
            10
        ],
        [
            11,
            11
        ],
        [
            12,
            12
        ],
        [
            13,
            13
        ],
        [
            14,
            14
        ],
        [
            15,
            15
        ]
    ],
    "similarity": 0.4
}