{
    "coords": [
        [
            22.12812662471801,
            36.30934446183769
        ],
        [
            18.86952550583937,
            75.18583348679712
        ],
        [
            77.65906818415831,
            35.26752699493543
        ],
        [
            73.71624309994924,
            60.05929968234056
        ],
        [
            91.2200017620883,
            50.142041690780005
        ],
        [
            21.403892231379018,
            45.600831568544244
        ],
        [
            43.319757861465746,
            62.757119587389354
        ],
        [
            71.8388491316611,
            29.502350736064454
        ],
        [
            18.853419317914675,
            54.47029488806134
        ],
        [
            32.42972479733266,
            54.81990867070916
        ],
        [
            32.00640384817374,
            40.75267303319481
        ],
        [
            32.604981197253,
            65.44723619853103
        ],
        [
            17.664108070059733,
            31.80082293180148
        ],
        [
            67.81015647637737,
            65.3750913677852
        ],
        [
            27.761489675980606,
            72.66517555042215
        ],
        [
            45.096827878718926,
            18.226721093064437
        ],
        [
            18.82829677034171,
            65.74908479038955
        ],
        [
            69.37518340545789,
            46.080932504192035
        ],
        [
            45.69511585646812,
            30.486863097070533
        ]
    ],
    "edges": [
        [
            12,
            7
        ],
        [
            7,
            12
        ],
        [
            12,
            16
        ],
        [
            16,
            12
        ],
        [
            7,
            13
        ],
        [
            13,
            7
        ],
        [
            16,
            13
        ],
        [
            13,
            16
        ],
        [
            5,
            17
        ],
        [
            17,
            5
        ],
        [
            18,
            6
        ],
        [
            6,
            18
        ],
        [
            12,
            13
        ],
        [
            13,
            12
        ],
        [
            16,
            7
        ],
        [
            7,
            16
        ],
        [
            7,
            4
        ],
        [
            4,
            7
        ],
        [
            13,
            4
        ],
        [
            4,
            13
        ],
        [
            17,
            4
        ],
        [
            4,
            17
        ],
        [
            2,
            3
        ],
        [
            3,
            2
        ],
        [
            15,
            7
        ],
        [
            7,
            15
        ],
        [
            15,
            18
        ],
        [
            18,
            15
        ],
        [
            0,
            10
        ],
        [
            10,
            0
        ],
        [
            8,
            9
        ],
        [
            9,
            8
        ],
        [
            10,
            9
        ],
        [
            9,
            10
        ],
        [
            0,
            10
        ],
        [
            10,
            0
        ],
        [
            0,
            9
        ],
        [
            9,
            0
        ],
        [
            10,
            8
        ],
        [
            8,
            10
        ],
        [
            16,
            1
        ],
        [
            1,
            16
        ],
        [
            11,
            14
        ],
        [
            14,
            11
        ],
        [
            0,
            0
        ],
        [
            1,
            1
        ],
        [
            2,
            2
        ],
        [
            3,
            3
        ],
        [
            4,
            4
        ],
        [
            5,
            5
        ],
        [
            6,
            6
        ],
        [
            7,
            7
        ],
        [
            8,
            8
        ],
        [
            9,
            9
        ],
        [
            10,
            10
        ],
        [
            11,
            11
        ],
        [
            12,
            12
        ],
        [
            13,
            13
        ],
        [
            14,
            14
        ],
        [
            15,
            15
        ],
        [
            16,
            16
        ],
        [
            17,
            17
        ],
        [
            18,
            18
        ]
    ],
    "similarity": 0.47
}