{
    "coords": [
        [
            18.87155533569452,
            39.51410237600797
        ],
        [
            18.770665418700414,
            73.96368508284516
        ],
        [
            75.24949595574132,
            34.573814678281444
        ],
        [
            76.3237308092279,
            61.7941753918291
        ],
        [
            89.90001832246038,
            48.61277905134143
        ],
        [
            29.02855962964656,
            69.09621461387778
        ],
        [
            19.429000651083633,
            46.02283066780464
        ],
        [
            44.78842449162372,
            64.26762212510724
        ],
        [
            68.4901992493518,
            29.034613871251416
        ],
        [
            20.387177738954733,
            55.931673099246076
        ],
        [
            32.24342879358825,
            56.84470457374336
        ],
        [
            32.82821742129011,
            37.540307901839164
        ],
        [
            28.365592263931173,
            64.69547703665602
        ],
        [
            20.172824138722714,
            30.140071404789552
        ],
        [
            70.65457167810116,
            64.10239924319629
        ],
        [
            28.862046612190515,
            73.20806787687262
        ],
        [
            43.30126694940019,
            19.550531245308765
        ],
        [
            21.621646190342485,
            64.88577762775974
        ],
        [
            44.906737757261915,
            69.75402981121074
        ],
        [
            65.99850159234931,
            71.11553707011076
        ],
        [
            68.6323902878219,
            49.29081096776177
        ],
        [
            43.20758282975619,
            31.407203704755887
        ]
    ],
    "edges": [
        [
            13,
            8
        ],
        [
            8,
            13
        ],
        [
            13,
            17
        ],
        [
            17,
            13
        ],
        [
            8,
            14
        ],
        [
            14,
            8
        ],
        [
            17,
            14
        ],
        [
            14,
            17
        ],
        [
            6,
            20
        ],
        [
            20,
            6
        ],
        [
            21,
            7
        ],
        [
            7,
            21
        ],
        [
            13,
            14
        ],
        [
            14,
            13
        ],
        [
            17,
            8
        ],
        [
            8,
            17
        ],
        [
            8,
            4
        ],
        [
            4,
            8
        ],
        [
            14,
            4
        ],
        [
            4,
            14
        ],
        [
            20,
            4
        ],
        [
            4,
            20
        ],
        [
            2,
            3
        ],
        [
            3,
            2
        ],
        [
            16,
            8
        ],
        [
            8,
            16
        ],
        [
            16,
            21
        ],
        [
            21,
            16
        ],
        [
            0,
            11
        ],
        [
            11,
            0
        ],
        [
            9,
            10
        ],
        [
            10,
            9
        ],
        [
            11,
            10
        ],
        [
            10,
            11
        ],
        [
            0,
            11
        ],
        [
            11,
            0
        ],
        [
            0,
            10
        ],
        [
            10,
            0
        ],
        [
            11,
            9
        ],
        [
            9,
            11
        ],
        [
            17,
            1
        ],
        [
            1,
            17
        ],
        [
            12,
            15
        ],
        [
            15,
            12
        ],
        [
            1,
            15
        ],
        [
            15,
            1
        ],
        [
            17,
            15
        ],
        [
            15,
            17
        ],
        [
            18,
            7
        ],
        [
            7,
            18
        ],
        [
            5,
            19
        ],
        [
            19,
            5
        ],
        [
            0,
            0
        ],
        [
            1,
            1
        ],
        [
            2,
            2
        ],
        [
            3,
            3
        ],
        [
            4,
            4
        ],
        [
            5,
            5
        ],
        [
            6,
            6
        ],
        [
            7,
            7
        ],
        [
            8,
            8
        ],
        [
            9,
            9
        ],
        [
            10,
            10
        ],
        [
            11,
            11
        ],
        [
            12,
            12
        ],
        [
            13,
            13
        ],
        [
            14,
            14
        ],
        [
            15,
            15
        ],
        [
            16,
            16
        ],
        [
            17,
            17
        ],
        [
            18,
            18
        ],
        [
            19,
            19
        ],
        [
            20,
            20
        ],
        [
            21,
            21
        ]
    ],
    "similarity": 0.59
}