{
    "coords": [
        [
            46.96340123257614,
            67.00160451051937
        ],
        [
            45.0758913583252,
            17.769804438045874
        ],
        [
            27.57668942628184,
            36.89814700312005
        ],
        [
            18.151119824010653,
            28.644769707399934
        ],
        [
            68.40886306722435,
            29.794629651656297
        ],
        [
            21.510102643977945,
            63.691949981140915
        ],
        [
            69.8240693339038,
            66.70249857961066
        ],
        [
            76.04314637478704,
            33.46594406044129
        ],
        [
            18.513224854010303,
            38.928689613410945
        ],
        [
            75.86045688462485,
            60.3926957571584
        ],
        [
            89.60466937610933,
            48.3741455713326
        ],
        [
            28.623431335716866,
            58.224724098314596
        ],
        [
            19.283689502417943,
            49.41741291435099
        ],
        [
            72.03969904064431,
            48.56088594139739
        ],
        [
            21.200571424342286,
            60.227921340119565
        ],
        [
            46.64817578664638,
            29.133180134185082
        ]
    ],
    "edges": [
        [
            3,
            4
        ],
        [
            4,
            3
        ],
        [
            3,
            5
        ],
        [
            5,
            3
        ],
        [
            4,
            6
        ],
        [
            6,
            4
        ],
        [
            5,
            6
        ],
        [
            6,
            5
        ],
        [
            12,
            13
        ],
        [
            13,
            12
        ],
        [
            15,
            0
        ],
        [
            0,
            15
        ],
        [
            3,
            6
        ],
        [
            6,
            3
        ],
        [
            5,
            4
        ],
        [
            4,
            5
        ],
        [
            4,
            10
        ],
        [
            10,
            4
        ],
        [
            6,
            10
        ],
        [
            10,
            6
        ],
        [
            13,
            10
        ],
        [
            10,
            13
        ],
        [
            7,
            9
        ],
        [
            9,
            7
        ],
        [
            1,
            4
        ],
        [
            4,
            1
        ],
        [
            1,
            15
        ],
        [
            15,
            1
        ],
        [
            8,
            2
        ],
        [
            2,
            8
        ],
        [
            14,
            11
        ],
        [
            11,
            14
        ],
        [
            0,
            0
        ],
        [
            1,
            1
        ],
        [
            2,
            2
        ],
        [
            3,
            3
        ],
        [
            4,
            4
        ],
        [
            5,
            5
        ],
        [
            6,
            6
        ],
        [
            7,
            7
        ],
        [
            8,
            8
        ],
        [
            9,
            9
        ],
        [
            10,
            10
        ],
        [
            11,
            11
        ],
        [
            12,
            12
        ],
        [
            13,
            13
        ],
        [
            14,
            14
        ],
        [
            15,
            15
        ]
    ],
    "similarity": 0.49
}