{
    "coords": [
        [
            44.517452111181676,
            62.94120894750999
        ],
        [
            44.91994766978745,
            19.737001527337316
        ],
        [
            21.841793123359558,
            29.385042378719827
        ],
        [
            70.69433775008395,
            27.819207834854094
        ],
        [
            20.223076594883146,
            65.8809328227325
        ],
        [
            71.6890590475083,
            63.61144501882572
        ],
        [
            76.27316297944522,
            37.314669813263336
        ],
        [
            19.78858535066895,
            37.32101828226041
        ],
        [
            17.634887457812574,
            58.185860507359706
        ],
        [
            74.91936808340817,
            58.054283113686445
        ],
        [
            89.97476211286677,
            48.670773594206075
        ],
        [
            32.06574761559068,
            54.19698686431986
        ],
        [
            29.372274178026384,
            36.83633359862153
        ],
        [
            19.246390760298766,
            44.732203812778216
        ],
        [
            68.94354022233698,
            45.90981003745664
        ],
        [
            46.725011969774854,
            29.53420438140811
        ]
    ],
    "edges": [
        [
            2,
            3
        ],
        [
            3,
            2
        ],
        [
            2,
            4
        ],
        [
            4,
            2
        ],
        [
            3,
            5
        ],
        [
            5,
            3
        ],
        [
            4,
            5
        ],
        [
            5,
            4
        ],
        [
            13,
            14
        ],
        [
            14,
            13
        ],
        [
            15,
            0
        ],
        [
            0,
            15
        ],
        [
            2,
            5
        ],
        [
            5,
            2
        ],
        [
            4,
            3
        ],
        [
            3,
            4
        ],
        [
            3,
            10
        ],
        [
            10,
            3
        ],
        [
            5,
            10
        ],
        [
            10,
            5
        ],
        [
            14,
            10
        ],
        [
            10,
            14
        ],
        [
            6,
            9
        ],
        [
            9,
            6
        ],
        [
            1,
            3
        ],
        [
            3,
            1
        ],
        [
            1,
            15
        ],
        [
            15,
            1
        ],
        [
            7,
            12
        ],
        [
            12,
            7
        ],
        [
            8,
            11
        ],
        [
            11,
            8
        ],
        [
            12,
            11
        ],
        [
            11,
            12
        ],
        [
            7,
            12
        ],
        [
            12,
            7
        ],
        [
            7,
            11
        ],
        [
            11,
            7
        ],
        [
            12,
            8
        ],
        [
            8,
            12
        ],
        [
            0,
            0
        ],
        [
            1,
            1
        ],
        [
            2,
            2
        ],
        [
            3,
            3
        ],
        [
            4,
            4
        ],
        [
            5,
            5
        ],
        [
            6,
            6
        ],
        [
            7,
            7
        ],
        [
            8,
            8
        ],
        [
            9,
            9
        ],
        [
            10,
            10
        ],
        [
            11,
            11
        ],
        [
            12,
            12
        ],
        [
            13,
            13
        ],
        [
            14,
            14
        ],
        [
            15,
            15
        ]
    ],
    "similarity": 0.44
}