{
    "coords": [
        [
            44.70542877588475,
            63.53558334082832
        ],
        [
            45.10797281632554,
            22.39830286257732
        ],
        [
            21.47403515871835,
            30.44994795005578
        ],
        [
            70.1852795466359,
            31.624208125617656
        ],
        [
            20.539655694875666,
            65.14804080017149
        ],
        [
            69.09999210154872,
            61.809842609203
        ],
        [
            72.93527115565803,
            33.869881081988105
        ],
        [
            76.95503552491816,
            62.60115968624932
        ],
        [
            87.88815839714327,
            45.80237729495416
        ],
        [
            20.769530704782042,
            49.61261807213394
        ],
        [
            72.48399461456519,
            49.77912221486582
        ],
        [
            44.41616236879712,
            28.173559469378223
        ]
    ],
    "edges": [
        [
            2,
            3
        ],
        [
            3,
            2
        ],
        [
            2,
            4
        ],
        [
            4,
            2
        ],
        [
            3,
            5
        ],
        [
            5,
            3
        ],
        [
            4,
            5
        ],
        [
            5,
            4
        ],
        [
            9,
            10
        ],
        [
            10,
            9
        ],
        [
            11,
            0
        ],
        [
            0,
            11
        ],
        [
            2,
            5
        ],
        [
            5,
            2
        ],
        [
            4,
            3
        ],
        [
            3,
            4
        ],
        [
            3,
            8
        ],
        [
            8,
            3
        ],
        [
            5,
            8
        ],
        [
            8,
            5
        ],
        [
            10,
            8
        ],
        [
            8,
            10
        ],
        [
            6,
            7
        ],
        [
            7,
            6
        ],
        [
            1,
            3
        ],
        [
            3,
            1
        ],
        [
            1,
            11
        ],
        [
            11,
            1
        ],
        [
            0,
            0
        ],
        [
            1,
            1
        ],
        [
            2,
            2
        ],
        [
            3,
            3
        ],
        [
            4,
            4
        ],
        [
            5,
            5
        ],
        [
            6,
            6
        ],
        [
            7,
            7
        ],
        [
            8,
            8
        ],
        [
            9,
            9
        ],
        [
            10,
            10
        ],
        [
            11,
            11
        ]
    ],
    "similarity": 0.32
}