{
    "coords": [
        [
            18.381429968438077,
            37.229011609498706
        ],
        [
            20.43136065680924,
            73.65033460207178
        ],
        [
            75.9493624485756,
            36.486124657900206
        ],
        [
            75.17735818574668,
            60.69899738666625
        ],
        [
            91.12054270419733,
            48.53762198123484
        ],
        [
            21.09029972886774,
            48.12896483778935
        ],
        [
            42.73022370928101,
            65.73277652252857
        ],
        [
            68.81932519387709,
            29.399321898334808
        ],
        [
            21.66173426759698,
            54.85479574482722
        ],
        [
            31.028467424648145,
            58.309619441715796
        ],
        [
            33.718241848998375,
            39.578054135920475
        ],
        [
            30.978061900998856,
            66.89841983755394
        ],
        [
            21.981635930243726,
            29.392963569632602
        ],
        [
            67.73712440869711,
            62.95798552370714
        ],
        [
            30.727235799892682,
            76.22032631024503
        ],
        [
            44.54518941492689,
            20.12612182537905
        ],
        [
            21.891181425383447,
            64.03161513467398
        ],
        [
            68.89425036718305,
            46.80004049271396
        ],
        [
            45.164783037560824,
            31.15673183877846
        ]
    ],
    "edges": [
        [
            12,
            7
        ],
        [
            7,
            12
        ],
        [
            12,
            16
        ],
        [
            16,
            12
        ],
        [
            7,
            13
        ],
        [
            13,
            7
        ],
        [
            16,
            13
        ],
        [
            13,
            16
        ],
        [
            5,
            17
        ],
        [
            17,
            5
        ],
        [
            18,
            6
        ],
        [
            6,
            18
        ],
        [
            12,
            13
        ],
        [
            13,
            12
        ],
        [
            16,
            7
        ],
        [
            7,
            16
        ],
        [
            7,
            4
        ],
        [
            4,
            7
        ],
        [
            13,
            4
        ],
        [
            4,
            13
        ],
        [
            17,
            4
        ],
        [
            4,
            17
        ],
        [
            2,
            3
        ],
        [
            3,
            2
        ],
        [
            15,
            7
        ],
        [
            7,
            15
        ],
        [
            15,
            18
        ],
        [
            18,
            15
        ],
        [
            0,
            10
        ],
        [
            10,
            0
        ],
        [
            8,
            9
        ],
        [
            9,
            8
        ],
        [
            10,
            9
        ],
        [
            9,
            10
        ],
        [
            0,
            10
        ],
        [
            10,
            0
        ],
        [
            0,
            9
        ],
        [
            9,
            0
        ],
        [
            10,
            8
        ],
        [
            8,
            10
        ],
        [
            16,
            1
        ],
        [
            1,
            16
        ],
        [
            11,
            14
        ],
        [
            14,
            11
        ],
        [
            1,
            14
        ],
        [
            14,
            1
        ],
        [
            16,
            14
        ],
        [
            14,
            16
        ],
        [
            0,
            0
        ],
        [
            1,
            1
        ],
        [
            2,
            2
        ],
        [
            3,
            3
        ],
        [
            4,
            4
        ],
        [
            5,
            5
        ],
        [
            6,
            6
        ],
        [
            7,
            7
        ],
        [
            8,
            8
        ],
        [
            9,
            9
        ],
        [
            10,
            10
        ],
        [
            11,
            11
        ],
        [
            12,
            12
        ],
        [
            13,
            13
        ],
        [
            14,
            14
        ],
        [
            15,
            15
        ],
        [
            16,
            16
        ],
        [
            17,
            17
        ],
        [
            18,
            18
        ]
    ],
    "similarity": 0.53
}