{
    "coords": [
        [
            41.63124618309094,
            63.54574263959988
        ],
        [
            16.92328033077021,
            32.10892614922788
        ],
        [
            69.73986733285794,
            27.778912437039587
        ],
        [
            18.682216175117876,
            63.52151578212158
        ],
        [
            72.57992102877785,
            67.44173969379942
        ],
        [
            21.4406114920828,
            49.872870473257905
        ],
        [
            68.68801300762094,
            43.979721135166486
        ],
        [
            46.147519463499265,
            28.45320349347586
        ]
    ],
    "edges": [
        [
            1,
            2
        ],
        [
            2,
            1
        ],
        [
            1,
            3
        ],
        [
            3,
            1
        ],
        [
            2,
            4
        ],
        [
            4,
            2
        ],
        [
            3,
            4
        ],
        [
            4,
            3
        ],
        [
            5,
            6
        ],
        [
            6,
            5
        ],
        [
            7,
            0
        ],
        [
            0,
            7
        ],
        [
            1,
            4
        ],
        [
            4,
            1
        ],
        [
            3,
            2
        ],
        [
            2,
            3
        ],
        [
            0,
            0
        ],
        [
            1,
            1
        ],
        [
            2,
            2
        ],
        [
            3,
            3
        ],
        [
            4,
            4
        ],
        [
            5,
            5
        ],
        [
            6,
            6
        ],
        [
            7,
            7
        ]
    ],
    "similarity": 0.18
}