{
    "coords": [
        [
            42.56076470058952,
            62.14293614394139
        ],
        [
            18.099225122222123,
            32.91881548043948
        ],
        [
            72.57525449024905,
            29.149489108014713
        ],
        [
            23.506473285593,
            64.4178117570452
        ],
        [
            68.54910796365057,
            66.59976640649802
        ],
        [
            74.66233773791453,
            36.68620799136635
        ],
        [
            72.54567636419071,
            62.23229443556964
        ],
        [
            90.07405386127039,
            44.8899381978668
        ],
        [
            19.61342538034872,
            49.07691517455831
        ],
        [
            68.41058701640956,
            45.5480900929119
        ],
        [
            41.60088200454213,
            29.52322941592469
        ]
    ],
    "edges": [
        [
            1,
            2
        ],
        [
            2,
            1
        ],
        [
            1,
            3
        ],
        [
            3,
            1
        ],
        [
            2,
            4
        ],
        [
            4,
            2
        ],
        [
            3,
            4
        ],
        [
            4,
            3
        ],
        [
            8,
            9
        ],
        [
            9,
            8
        ],
        [
            10,
            0
        ],
        [
            0,
            10
        ],
        [
            1,
            4
        ],
        [
            4,
            1
        ],
        [
            3,
            2
        ],
        [
            2,
            3
        ],
        [
            2,
            7
        ],
        [
            7,
            2
        ],
        [
            4,
            7
        ],
        [
            7,
            4
        ],
        [
            9,
            7
        ],
        [
            7,
            9
        ],
        [
            5,
            6
        ],
        [
            6,
            5
        ],
        [
            0,
            0
        ],
        [
            1,
            1
        ],
        [
            2,
            2
        ],
        [
            3,
            3
        ],
        [
            4,
            4
        ],
        [
            5,
            5
        ],
        [
            6,
            6
        ],
        [
            7,
            7
        ],
        [
            8,
            8
        ],
        [
            9,
            9
        ],
        [
            10,
            10
        ]
    ],
    "similarity": 0.28
}