{
    "coords": [
        [
            22.11601722879319,
            35.789253039052795
        ],
        [
            21.993168517383445,
            75.52345186960935
        ],
        [
            77.35001159140343,
            34.50101291573303
        ],
        [
            73.31461220796207,
            61.44964700695462
        ],
        [
            89.27374557279782,
            46.25035104006613
        ],
        [
            22.138862787179832,
            45.58342296785072
        ],
        [
            43.81492452915117,
            65.93140583645011
        ],
        [
            71.70688221804093,
            29.76611400534413
        ],
        [
            19.91257702398066,
            57.437983130725335
        ],
        [
            34.28909498502809,
            54.89526672551132
        ],
        [
            31.747038719984268,
            37.65640813485468
        ],
        [
            30.95382027353137,
            65.4590891237049
        ],
        [
            21.73929782857474,
            28.98320016711793
        ],
        [
            71.64596908147173,
            63.94687186561206
        ],
        [
            32.4014800814373,
            76.39939356328956
        ],
        [
            46.82470773995591,
            19.47542663580472
        ],
        [
            20.13531096207773,
            67.3386211735376
        ],
        [
            69.02018846966375,
            48.440033289498125
        ],
        [
            42.60037206282139,
            29.980579784340165
        ]
    ],
    "edges": [
        [
            12,
            7
        ],
        [
            7,
            12
        ],
        [
            12,
            16
        ],
        [
            16,
            12
        ],
        [
            7,
            13
        ],
        [
            13,
            7
        ],
        [
            16,
            13
        ],
        [
            13,
            16
        ],
        [
            5,
            17
        ],
        [
            17,
            5
        ],
        [
            18,
            6
        ],
        [
            6,
            18
        ],
        [
            12,
            13
        ],
        [
            13,
            12
        ],
        [
            16,
            7
        ],
        [
            7,
            16
        ],
        [
            7,
            4
        ],
        [
            4,
            7
        ],
        [
            13,
            4
        ],
        [
            4,
            13
        ],
        [
            17,
            4
        ],
        [
            4,
            17
        ],
        [
            2,
            3
        ],
        [
            3,
            2
        ],
        [
            15,
            7
        ],
        [
            7,
            15
        ],
        [
            15,
            18
        ],
        [
            18,
            15
        ],
        [
            0,
            10
        ],
        [
            10,
            0
        ],
        [
            8,
            9
        ],
        [
            9,
            8
        ],
        [
            10,
            9
        ],
        [
            9,
            10
        ],
        [
            0,
            10
        ],
        [
            10,
            0
        ],
        [
            0,
            9
        ],
        [
            9,
            0
        ],
        [
            10,
            8
        ],
        [
            8,
            10
        ],
        [
            16,
            1
        ],
        [
            1,
            16
        ],
        [
            11,
            14
        ],
        [
            14,
            11
        ],
        [
            1,
            14
        ],
        [
            14,
            1
        ],
        [
            16,
            14
        ],
        [
            14,
            16
        ],
        [
            0,
            0
        ],
        [
            1,
            1
        ],
        [
            2,
            2
        ],
        [
            3,
            3
        ],
        [
            4,
            4
        ],
        [
            5,
            5
        ],
        [
            6,
            6
        ],
        [
            7,
            7
        ],
        [
            8,
            8
        ],
        [
            9,
            9
        ],
        [
            10,
            10
        ],
        [
            11,
            11
        ],
        [
            12,
            12
        ],
        [
            13,
            13
        ],
        [
            14,
            14
        ],
        [
            15,
            15
        ],
        [
            16,
            16
        ],
        [
            17,
            17
        ],
        [
            18,
            18
        ]
    ],
    "similarity": 0.48
}