{
    "coords": [
        [
            20.181188207820227,
            38.677890753470344
        ],
        [
            20.2166783365167,
            74.66249659518715
        ],
        [
            77.59177339411274,
            36.63418741918908
        ],
        [
            76.62489472619933,
            59.59569626965152
        ],
        [
            88.57245570747449,
            49.35567779996022
        ],
        [
            20.05625839794758,
            46.532359209825756
        ],
        [
            46.216579200662146,
            63.07409453855957
        ],
        [
            70.71303398732938,
            28.85078442948358
        ],
        [
            20.43274719519289,
            56.71753903759913
        ],
        [
            33.83257448360802,
            57.531656892058365
        ],
        [
            29.705460112586508,
            37.56860376729946
        ],
        [
            29.644179864203423,
            63.30889255188136
        ],
        [
            18.042877188687672,
            31.142450831990267
        ],
        [
            67.84511354043106,
            65.58685065635251
        ],
        [
            30.469017640439855,
            75.7831488403713
        ],
        [
            46.62878485604573,
            20.577733574240487
        ],
        [
            21.2060208724346,
            65.4913722093818
        ],
        [
            68.25533786463639,
            46.51090708511919
        ],
        [
            47.16553439015005,
            31.195560037879787
        ]
    ],
    "edges": [
        [
            12,
            7
        ],
        [
            7,
            12
        ],
        [
            12,
            16
        ],
        [
            16,
            12
        ],
        [
            7,
            13
        ],
        [
            13,
            7
        ],
        [
            16,
            13
        ],
        [
            13,
            16
        ],
        [
            5,
            17
        ],
        [
            17,
            5
        ],
        [
            18,
            6
        ],
        [
            6,
            18
        ],
        [
            12,
            13
        ],
        [
            13,
            12
        ],
        [
            16,
            7
        ],
        [
            7,
            16
        ],
        [
            7,
            4
        ],
        [
            4,
            7
        ],
        [
            13,
            4
        ],
        [
            4,
            13
        ],
        [
            17,
            4
        ],
        [
            4,
            17
        ],
        [
            2,
            3
        ],
        [
            3,
            2
        ],
        [
            15,
            7
        ],
        [
            7,
            15
        ],
        [
            15,
            18
        ],
        [
            18,
            15
        ],
        [
            0,
            10
        ],
        [
            10,
            0
        ],
        [
            8,
            9
        ],
        [
            9,
            8
        ],
        [
            10,
            9
        ],
        [
            9,
            10
        ],
        [
            0,
            10
        ],
        [
            10,
            0
        ],
        [
            0,
            9
        ],
        [
            9,
            0
        ],
        [
            10,
            8
        ],
        [
            8,
            10
        ],
        [
            16,
            1
        ],
        [
            1,
            16
        ],
        [
            11,
            14
        ],
        [
            14,
            11
        ],
        [
            1,
            14
        ],
        [
            14,
            1
        ],
        [
            16,
            14
        ],
        [
            14,
            16
        ],
        [
            0,
            0
        ],
        [
            1,
            1
        ],
        [
            2,
            2
        ],
        [
            3,
            3
        ],
        [
            4,
            4
        ],
        [
            5,
            5
        ],
        [
            6,
            6
        ],
        [
            7,
            7
        ],
        [
            8,
            8
        ],
        [
            9,
            9
        ],
        [
            10,
            10
        ],
        [
            11,
            11
        ],
        [
            12,
            12
        ],
        [
            13,
            13
        ],
        [
            14,
            14
        ],
        [
            15,
            15
        ],
        [
            16,
            16
        ],
        [
            17,
            17
        ],
        [
            18,
            18
        ]
    ],
    "similarity": 0.55
}