{
    "coords": [
        [
            43.940276805669605,
            66.23744371857303
        ],
        [
            44.03390897719316,
            22.866874354045336
        ],
        [
            21.16288922443068,
            26.77624271506962
        ],
        [
            71.35634576716136,
            33.11295088358506
        ],
        [
            18.60840373640121,
            61.68044972177344
        ],
        [
            67.76911535985124,
            62.521796940764325
        ],
        [
            72.03515719387852,
            36.66800011888944
        ],
        [
            72.15221588983373,
            63.1843753652348
        ],
        [
            89.64193937831182,
            47.887722903771916
        ],
        [
            19.800534551789436,
            47.01402082770759
        ],
        [
            71.15539365332089,
            47.01317446079982
        ],
        [
            47.39731791350204,
            29.481364114218113
        ]
    ],
    "edges": [
        [
            2,
            3
        ],
        [
            3,
            2
        ],
        [
            2,
            4
        ],
        [
            4,
            2
        ],
        [
            3,
            5
        ],
        [
            5,
            3
        ],
        [
            4,
            5
        ],
        [
            5,
            4
        ],
        [
            9,
            10
        ],
        [
            10,
            9
        ],
        [
            11,
            0
        ],
        [
            0,
            11
        ],
        [
            2,
            5
        ],
        [
            5,
            2
        ],
        [
            4,
            3
        ],
        [
            3,
            4
        ],
        [
            3,
            8
        ],
        [
            8,
            3
        ],
        [
            5,
            8
        ],
        [
            8,
            5
        ],
        [
            10,
            8
        ],
        [
            8,
            10
        ],
        [
            6,
            7
        ],
        [
            7,
            6
        ],
        [
            1,
            3
        ],
        [
            3,
            1
        ],
        [
            0,
            0
        ],
        [
            1,
            1
        ],
        [
            2,
            2
        ],
        [
            3,
            3
        ],
        [
            4,
            4
        ],
        [
            5,
            5
        ],
        [
            6,
            6
        ],
        [
            7,
            7
        ],
        [
            8,
            8
        ],
        [
            9,
            9
        ],
        [
            10,
            10
        ],
        [
            11,
            11
        ]
    ],
    "similarity": 0.3
}