{
    "coords": [
        [
            48.572089156367944,
            62.53543748219891
        ],
        [
            18.699159474108246,
            26.455204224675114
        ],
        [
            68.5891191091085,
            33.75847766867491
        ],
        [
            18.451577532364343,
            61.96452571732652
        ],
        [
            70.6454702498618,
            65.24945187698415
        ],
        [
            20.62092125469438,
            48.53687946391398
        ],
        [
            70.11382606792391,
            50.415211870382784
        ],
        [
            44.14395652881581,
            31.825332583019122
        ]
    ],
    "edges": [
        [
            1,
            2
        ],
        [
            2,
            1
        ],
        [
            1,
            3
        ],
        [
            3,
            1
        ],
        [
            2,
            4
        ],
        [
            4,
            2
        ],
        [
            3,
            4
        ],
        [
            4,
            3
        ],
        [
            5,
            6
        ],
        [
            6,
            5
        ],
        [
            7,
            0
        ],
        [
            0,
            7
        ],
        [
            1,
            4
        ],
        [
            4,
            1
        ],
        [
            3,
            2
        ],
        [
            2,
            3
        ],
        [
            0,
            0
        ],
        [
            1,
            1
        ],
        [
            2,
            2
        ],
        [
            3,
            3
        ],
        [
            4,
            4
        ],
        [
            5,
            5
        ],
        [
            6,
            6
        ],
        [
            7,
            7
        ]
    ],
    "similarity": 0.13
}