{
    "coords": [
        [
            45.95414159879746,
            66.72788440634521
        ],
        [
            19.777111150768988,
            32.851986699296134
        ],
        [
            70.88999724163588,
            26.015998176105526
        ],
        [
            20.306360433386175,
            61.24213587190707
        ],
        [
            67.30788536352154,
            65.65122206940552
        ],
        [
            91.39012731375249,
            47.99662205108108
        ],
        [
            22.456175042577573,
            46.52416855385418
        ],
        [
            68.93862654716536,
            50.83067593147151
        ],
        [
            45.041340364858904,
            31.99820387821839
        ]
    ],
    "edges": [
        [
            1,
            2
        ],
        [
            2,
            1
        ],
        [
            1,
            3
        ],
        [
            3,
            1
        ],
        [
            2,
            4
        ],
        [
            4,
            2
        ],
        [
            3,
            4
        ],
        [
            4,
            3
        ],
        [
            6,
            7
        ],
        [
            7,
            6
        ],
        [
            8,
            0
        ],
        [
            0,
            8
        ],
        [
            1,
            4
        ],
        [
            4,
            1
        ],
        [
            3,
            2
        ],
        [
            2,
            3
        ],
        [
            2,
            5
        ],
        [
            5,
            2
        ],
        [
            4,
            5
        ],
        [
            5,
            4
        ],
        [
            0,
            0
        ],
        [
            1,
            1
        ],
        [
            2,
            2
        ],
        [
            3,
            3
        ],
        [
            4,
            4
        ],
        [
            5,
            5
        ],
        [
            6,
            6
        ],
        [
            7,
            7
        ],
        [
            8,
            8
        ]
    ],
    "similarity": 0.19
}