{
    "coords": [
        [
            18.312408678758203,
            38.06794520345546
        ],
        [
            18.980691636337063,
            77.09747749988108
        ],
        [
            76.20200493977893,
            35.225825461046504
        ],
        [
            77.0110937079448,
            59.98153022186975
        ],
        [
            91.07968141887883,
            46.668190219895656
        ],
        [
            28.187479498966923,
            69.31150489136357
        ],
        [
            18.58083286956513,
            48.73266975384535
        ],
        [
            45.67995598166151,
            64.94763649257374
        ],
        [
            71.22466253227142,
            30.246546692132302
        ],
        [
            18.640921206151994,
            57.24472671450196
        ],
        [
            34.05244890334884,
            58.0916260295358
        ],
        [
            33.77232909974944,
            37.004201604658654
        ],
        [
            23.452281732976054,
            35.52087324880057
        ],
        [
            57.90424195059639,
            74.62097640754673
        ],
        [
            31.79614520828161,
            65.2769955294973
        ],
        [
            44.82540789181955,
            33.58425360905271
        ],
        [
            21.20846835289685,
            29.177838146823618
        ],
        [
            70.62153907270883,
            64.5106550397611
        ],
        [
            29.97222008935077,
            73.63235797629089
        ],
        [
            45.89936353892049,
            21.78824165394237
        ],
        [
            19.65189062009515,
            65.81086167728326
        ],
        [
            57.95256649895185,
            65.67254214749596
        ],
        [
            46.71526666180426,
            68.93143381778349
        ],
        [
            64.90903466451184,
            68.1700074823759
        ],
        [
            67.96872835688943,
            48.75815793466727
        ],
        [
            44.25993958077404,
            30.050321136954018
        ]
    ],
    "edges": [
        [
            16,
            8
        ],
        [
            8,
            16
        ],
        [
            16,
            20
        ],
        [
            20,
            16
        ],
        [
            8,
            17
        ],
        [
            17,
            8
        ],
        [
            20,
            17
        ],
        [
            17,
            20
        ],
        [
            6,
            24
        ],
        [
            24,
            6
        ],
        [
            25,
            7
        ],
        [
            7,
            25
        ],
        [
            16,
            17
        ],
        [
            17,
            16
        ],
        [
            20,
            8
        ],
        [
            8,
            20
        ],
        [
            8,
            4
        ],
        [
            4,
            8
        ],
        [
            17,
            4
        ],
        [
            4,
            17
        ],
        [
            24,
            4
        ],
        [
            4,
            24
        ],
        [
            2,
            3
        ],
        [
            3,
            2
        ],
        [
            19,
            8
        ],
        [
            8,
            19
        ],
        [
            19,
            25
        ],
        [
            25,
            19
        ],
        [
            0,
            11
        ],
        [
            11,
            0
        ],
        [
            9,
            10
        ],
        [
            10,
            9
        ],
        [
            11,
            10
        ],
        [
            10,
            11
        ],
        [
            0,
            11
        ],
        [
            11,
            0
        ],
        [
            0,
            10
        ],
        [
            10,
            0
        ],
        [
            11,
            9
        ],
        [
            9,
            11
        ],
        [
            20,
            1
        ],
        [
            1,
            20
        ],
        [
            14,
            18
        ],
        [
            18,
            14
        ],
        [
            1,
            18
        ],
        [
            18,
            1
        ],
        [
            20,
            18
        ],
        [
            18,
            20
        ],
        [
            22,
            7
        ],
        [
            7,
            22
        ],
        [
            5,
            23
        ],
        [
            23,
            5
        ],
        [
            21,
            13
        ],
        [
            13,
            21
        ],
        [
            12,
            15
        ],
        [
            15,
            12
        ],
        [
            0,
            0
        ],
        [
            1,
            1
        ],
        [
            2,
            2
        ],
        [
            3,
            3
        ],
        [
            4,
            4
        ],
        [
            5,
            5
        ],
        [
            6,
            6
        ],
        [
            7,
            7
        ],
        [
            8,
            8
        ],
        [
            9,
            9
        ],
        [
            10,
            10
        ],
        [
            11,
            11
        ],
        [
            12,
            12
        ],
        [
            13,
            13
        ],
        [
            14,
            14
        ],
        [
            15,
            15
        ],
        [
            16,
            16
        ],
        [
            17,
            17
        ],
        [
            18,
            18
        ],
        [
            19,
            19
        ],
        [
            20,
            20
        ],
        [
            21,
            21
        ],
        [
            22,
            22
        ],
        [
            23,
            23
        ],
        [
            24,
            24
        ],
        [
            25,
            25
        ]
    ],
    "similarity": 0.56
}