{
    "coords": [
        [
            20.306893420790086,
            74.20205622223476
        ],
        [
            75.44071910858004,
            34.29309517637582
        ],
        [
            75.28529360291364,
            60.35817597149617
        ],
        [
            89.60970111159774,
            48.2592388435285
        ],
        [
            19.85403890919164,
            47.662258176970134
        ],
        [
            45.572766255830274,
            64.77920227667495
        ],
        [
            29.77773153400531,
            37.37704067398838
        ],
        [
            69.50358431600506,
            29.346317492587737
        ],
        [
            30.717168489626122,
            58.44297937265567
        ],
        [
            30.67318663160904,
            64.61394069988474
        ],
        [
            19.91808730599621,
            29.686232682613618
        ],
        [
            70.0727922060666,
            65.35188878797365
        ],
        [
            19.422818739602643,
            37.04259882636551
        ],
        [
            29.463324131573167,
            74.8151393325811
        ],
        [
            20.075903435730915,
            58.485407265596294
        ],
        [
            44.5322917712246,
            19.64445917496977
        ],
        [
            20.304633474635075,
            64.947408659296
        ],
        [
            70.34349816653437,
            48.15770589204133
        ],
        [
            44.880218936674666,
            30.37059429075573
        ]
    ],
    "edges": [
        [
            10,
            7
        ],
        [
            7,
            10
        ],
        [
            10,
            16
        ],
        [
            16,
            10
        ],
        [
            7,
            11
        ],
        [
            11,
            7
        ],
        [
            16,
            11
        ],
        [
            11,
            16
        ],
        [
            4,
            17
        ],
        [
            17,
            4
        ],
        [
            18,
            5
        ],
        [
            5,
            18
        ],
        [
            10,
            11
        ],
        [
            11,
            10
        ],
        [
            16,
            7
        ],
        [
            7,
            16
        ],
        [
            7,
            3
        ],
        [
            3,
            7
        ],
        [
            11,
            3
        ],
        [
            3,
            11
        ],
        [
            17,
            3
        ],
        [
            3,
            17
        ],
        [
            1,
            2
        ],
        [
            2,
            1
        ],
        [
            15,
            7
        ],
        [
            7,
            15
        ],
        [
            15,
            18
        ],
        [
            18,
            15
        ],
        [
            12,
            6
        ],
        [
            6,
            12
        ],
        [
            14,
            8
        ],
        [
            8,
            14
        ],
        [
            6,
            8
        ],
        [
            8,
            6
        ],
        [
            12,
            8
        ],
        [
            8,
            12
        ],
        [
            6,
            14
        ],
        [
            14,
            6
        ],
        [
            16,
            0
        ],
        [
            0,
            16
        ],
        [
            9,
            13
        ],
        [
            13,
            9
        ],
        [
            0,
            13
        ],
        [
            13,
            0
        ],
        [
            16,
            13
        ],
        [
            13,
            16
        ],
        [
            0,
            0
        ],
        [
            1,
            1
        ],
        [
            2,
            2
        ],
        [
            3,
            3
        ],
        [
            4,
            4
        ],
        [
            5,
            5
        ],
        [
            6,
            6
        ],
        [
            7,
            7
        ],
        [
            8,
            8
        ],
        [
            9,
            9
        ],
        [
            10,
            10
        ],
        [
            11,
            11
        ],
        [
            12,
            12
        ],
        [
            13,
            13
        ],
        [
            14,
            14
        ],
        [
            15,
            15
        ],
        [
            16,
            16
        ],
        [
            17,
            17
        ],
        [
            18,
            18
        ]
    ],
    "similarity": 0.83
}