{
    "coords": [
        [
            44.17564529486404,
            61.666164930182354
        ],
        [
            22.501410787367277,
            33.312767357118865
        ],
        [
            69.72257387562655,
            27.11633082982647
        ],
        [
            21.80607861000007,
            68.82235332349948
        ],
        [
            73.48288918023516,
            64.40683530124777
        ],
        [
            18.326281719318942,
            48.764724771112256
        ],
        [
            72.45870702734749,
            46.77609599215828
        ],
        [
            45.49181639630852,
            30.689005416211458
        ]
    ],
    "edges": [
        [
            1,
            2
        ],
        [
            2,
            1
        ],
        [
            1,
            3
        ],
        [
            3,
            1
        ],
        [
            2,
            4
        ],
        [
            4,
            2
        ],
        [
            3,
            4
        ],
        [
            4,
            3
        ],
        [
            5,
            6
        ],
        [
            6,
            5
        ],
        [
            7,
            0
        ],
        [
            0,
            7
        ],
        [
            0,
            0
        ],
        [
            1,
            1
        ],
        [
            2,
            2
        ],
        [
            3,
            3
        ],
        [
            4,
            4
        ],
        [
            5,
            5
        ],
        [
            6,
            6
        ],
        [
            7,
            7
        ]
    ],
    "similarity": 0.11
}