{
    "coords": [
        [
            19.244514632802,
            37.134862309042084
        ],
        [
            17.606688103549466,
            75.72260217725044
        ],
        [
            75.51296896469874,
            34.18920465293589
        ],
        [
            75.9520640861263,
            57.75258695890494
        ],
        [
            90.09984169043497,
            45.24794578023654
        ],
        [
            17.75692893189842,
            49.12392418877931
        ],
        [
            46.34459189845984,
            64.28743701154089
        ],
        [
            72.4170666808574,
            31.93415106024336
        ],
        [
            18.172228290792546,
            55.43987953046849
        ],
        [
            32.18253028655169,
            55.83893185594835
        ],
        [
            29.929540440839446,
            40.43540608321525
        ],
        [
            31.51305736247919,
            63.28603456739296
        ],
        [
            18.884970956428017,
            29.585362310791197
        ],
        [
            68.46868739313442,
            67.43371837909358
        ],
        [
            27.821593455025628,
            76.1573709025021
        ],
        [
            43.531902403848285,
            19.690563440373012
        ],
        [
            19.722706605315842,
            63.53498003902543
        ],
        [
            70.40680784766845,
            48.22169568507506
        ],
        [
            44.44648789502897,
            27.998405248409366
        ]
    ],
    "edges": [
        [
            12,
            7
        ],
        [
            7,
            12
        ],
        [
            12,
            16
        ],
        [
            16,
            12
        ],
        [
            7,
            13
        ],
        [
            13,
            7
        ],
        [
            16,
            13
        ],
        [
            13,
            16
        ],
        [
            5,
            17
        ],
        [
            17,
            5
        ],
        [
            18,
            6
        ],
        [
            6,
            18
        ],
        [
            12,
            13
        ],
        [
            13,
            12
        ],
        [
            16,
            7
        ],
        [
            7,
            16
        ],
        [
            7,
            4
        ],
        [
            4,
            7
        ],
        [
            13,
            4
        ],
        [
            4,
            13
        ],
        [
            17,
            4
        ],
        [
            4,
            17
        ],
        [
            2,
            3
        ],
        [
            3,
            2
        ],
        [
            15,
            7
        ],
        [
            7,
            15
        ],
        [
            15,
            18
        ],
        [
            18,
            15
        ],
        [
            0,
            10
        ],
        [
            10,
            0
        ],
        [
            8,
            9
        ],
        [
            9,
            8
        ],
        [
            10,
            9
        ],
        [
            9,
            10
        ],
        [
            0,
            10
        ],
        [
            10,
            0
        ],
        [
            0,
            9
        ],
        [
            9,
            0
        ],
        [
            10,
            8
        ],
        [
            8,
            10
        ],
        [
            16,
            1
        ],
        [
            1,
            16
        ],
        [
            11,
            14
        ],
        [
            14,
            11
        ],
        [
            0,
            0
        ],
        [
            1,
            1
        ],
        [
            2,
            2
        ],
        [
            3,
            3
        ],
        [
            4,
            4
        ],
        [
            5,
            5
        ],
        [
            6,
            6
        ],
        [
            7,
            7
        ],
        [
            8,
            8
        ],
        [
            9,
            9
        ],
        [
            10,
            10
        ],
        [
            11,
            11
        ],
        [
            12,
            12
        ],
        [
            13,
            13
        ],
        [
            14,
            14
        ],
        [
            15,
            15
        ],
        [
            16,
            16
        ],
        [
            17,
            17
        ],
        [
            18,
            18
        ]
    ],
    "similarity": 0.5
}