{
    "coords": [
        [
            47.776570401226685,
            68.04701021028333
        ],
        [
            19.291376393157826,
            31.09092221145487
        ],
        [
            67.54308939052115,
            26.781644753436645
        ],
        [
            19.28539378593214,
            63.97868761740301
        ],
        [
            69.33992783047975,
            68.69974581981205
        ],
        [
            73.95397823522954,
            36.42890788126057
        ],
        [
            78.6288489501918,
            59.138499412901126
        ],
        [
            88.64703694341244,
            46.387668504070184
        ],
        [
            21.814125544923286,
            46.68113611004543
        ],
        [
            67.18098612126539,
            48.23674448227777
        ],
        [
            48.53166164555473,
            30.317214361695772
        ]
    ],
    "edges": [
        [
            1,
            2
        ],
        [
            2,
            1
        ],
        [
            1,
            3
        ],
        [
            3,
            1
        ],
        [
            2,
            4
        ],
        [
            4,
            2
        ],
        [
            3,
            4
        ],
        [
            4,
            3
        ],
        [
            8,
            9
        ],
        [
            9,
            8
        ],
        [
            10,
            0
        ],
        [
            0,
            10
        ],
        [
            1,
            4
        ],
        [
            4,
            1
        ],
        [
            3,
            2
        ],
        [
            2,
            3
        ],
        [
            2,
            7
        ],
        [
            7,
            2
        ],
        [
            4,
            7
        ],
        [
            7,
            4
        ],
        [
            9,
            7
        ],
        [
            7,
            9
        ],
        [
            5,
            6
        ],
        [
            6,
            5
        ],
        [
            0,
            0
        ],
        [
            1,
            1
        ],
        [
            2,
            2
        ],
        [
            3,
            3
        ],
        [
            4,
            4
        ],
        [
            5,
            5
        ],
        [
            6,
            6
        ],
        [
            7,
            7
        ],
        [
            8,
            8
        ],
        [
            9,
            9
        ],
        [
            10,
            10
        ]
    ],
    "similarity": 0.23
}