{
    "coords": [
        [
            41.2020147487557,
            64.29656914489622
        ],
        [
            16.10524238732919,
            33.49184876213053
        ],
        [
            68.30304949073177,
            27.815681803321922
        ],
        [
            19.6947571025474,
            61.94376687147941
        ],
        [
            72.33732903520637,
            67.00890534444058
        ],
        [
            16.325244724860358,
            46.5469108268188
        ],
        [
            70.80837627876963,
            48.04415169953906
        ],
        [
            45.75749159039523,
            32.77283690987641
        ]
    ],
    "edges": [
        [
            1,
            2
        ],
        [
            2,
            1
        ],
        [
            1,
            3
        ],
        [
            3,
            1
        ],
        [
            2,
            4
        ],
        [
            4,
            2
        ],
        [
            3,
            4
        ],
        [
            4,
            3
        ],
        [
            5,
            6
        ],
        [
            6,
            5
        ],
        [
            7,
            0
        ],
        [
            0,
            7
        ],
        [
            0,
            0
        ],
        [
            1,
            1
        ],
        [
            2,
            2
        ],
        [
            3,
            3
        ],
        [
            4,
            4
        ],
        [
            5,
            5
        ],
        [
            6,
            6
        ],
        [
            7,
            7
        ]
    ],
    "similarity": 0.11
}