{
    "coords": [
        [
            47.28330437149546,
            62.301319305552
        ],
        [
            21.784691310102378,
            26.684649374010128
        ],
        [
            72.98618951731802,
            33.067060694725605
        ],
        [
            23.183497808958393,
            68.38386777698491
        ],
        [
            72.15576083559215,
            65.6789273635207
        ],
        [
            73.70053262113093,
            31.497118697349784
        ],
        [
            72.55093674238623,
            56.800015674254595
        ],
        [
            86.64976912110198,
            49.73444913591583
        ],
        [
            21.342578153708864,
            47.38080628868771
        ],
        [
            70.22835746227054,
            48.71556248183417
        ],
        [
            46.83365032002252,
            28.412052725387205
        ]
    ],
    "edges": [
        [
            1,
            2
        ],
        [
            2,
            1
        ],
        [
            1,
            3
        ],
        [
            3,
            1
        ],
        [
            2,
            4
        ],
        [
            4,
            2
        ],
        [
            3,
            4
        ],
        [
            4,
            3
        ],
        [
            8,
            9
        ],
        [
            9,
            8
        ],
        [
            10,
            0
        ],
        [
            0,
            10
        ],
        [
            1,
            4
        ],
        [
            4,
            1
        ],
        [
            3,
            2
        ],
        [
            2,
            3
        ],
        [
            2,
            7
        ],
        [
            7,
            2
        ],
        [
            4,
            7
        ],
        [
            7,
            4
        ],
        [
            9,
            7
        ],
        [
            7,
            9
        ],
        [
            5,
            6
        ],
        [
            6,
            5
        ],
        [
            0,
            0
        ],
        [
            1,
            1
        ],
        [
            2,
            2
        ],
        [
            3,
            3
        ],
        [
            4,
            4
        ],
        [
            5,
            5
        ],
        [
            6,
            6
        ],
        [
            7,
            7
        ],
        [
            8,
            8
        ],
        [
            9,
            9
        ],
        [
            10,
            10
        ]
    ],
    "similarity": 0.28
}