{
    "coords": [
        [
            41.537963144353576,
            63.671606270402876
        ],
        [
            23.652934217745603,
            27.5562054040779
        ],
        [
            69.0815895917692,
            31.387597397358377
        ],
        [
            23.794412425187026,
            64.66542163785488
        ],
        [
            73.24282052261199,
            64.61069806841954
        ],
        [
            23.578295300790664,
            43.5264424813861
        ],
        [
            66.53560145591184,
            45.58422904737795
        ],
        [
            46.7615220847098,
            30.96703549959588
        ]
    ],
    "edges": [
        [
            1,
            2
        ],
        [
            2,
            1
        ],
        [
            1,
            3
        ],
        [
            3,
            1
        ],
        [
            2,
            4
        ],
        [
            4,
            2
        ],
        [
            3,
            4
        ],
        [
            4,
            3
        ],
        [
            5,
            6
        ],
        [
            6,
            5
        ],
        [
            7,
            0
        ],
        [
            0,
            7
        ],
        [
            0,
            0
        ],
        [
            1,
            1
        ],
        [
            2,
            2
        ],
        [
            3,
            3
        ],
        [
            4,
            4
        ],
        [
            5,
            5
        ],
        [
            6,
            6
        ],
        [
            7,
            7
        ]
    ],
    "similarity": 0.1
}