{
    "coords": [
        [
            46.83282171450798,
            68.37479643304306
        ],
        [
            16.638116176228753,
            28.49199931738131
        ],
        [
            73.07941927098672,
            30.595302404521775
        ],
        [
            20.49030224978093,
            61.558901198159624
        ],
        [
            70.36291347045889,
            64.41799368063978
        ],
        [
            75.44474227592075,
            31.619148885447974
        ],
        [
            78.27099421318826,
            62.880794505347275
        ],
        [
            92.20351985499983,
            44.45657879872452
        ],
        [
            17.661156563786896,
            50.71400251462921
        ],
        [
            68.55358809572257,
            44.79826884867064
        ],
        [
            47.56947652075738,
            29.49676931617469
        ]
    ],
    "edges": [
        [
            1,
            2
        ],
        [
            2,
            1
        ],
        [
            1,
            3
        ],
        [
            3,
            1
        ],
        [
            2,
            4
        ],
        [
            4,
            2
        ],
        [
            3,
            4
        ],
        [
            4,
            3
        ],
        [
            8,
            9
        ],
        [
            9,
            8
        ],
        [
            10,
            0
        ],
        [
            0,
            10
        ],
        [
            1,
            4
        ],
        [
            4,
            1
        ],
        [
            3,
            2
        ],
        [
            2,
            3
        ],
        [
            2,
            7
        ],
        [
            7,
            2
        ],
        [
            4,
            7
        ],
        [
            7,
            4
        ],
        [
            9,
            7
        ],
        [
            7,
            9
        ],
        [
            5,
            6
        ],
        [
            6,
            5
        ],
        [
            0,
            0
        ],
        [
            1,
            1
        ],
        [
            2,
            2
        ],
        [
            3,
            3
        ],
        [
            4,
            4
        ],
        [
            5,
            5
        ],
        [
            6,
            6
        ],
        [
            7,
            7
        ],
        [
            8,
            8
        ],
        [
            9,
            9
        ],
        [
            10,
            10
        ]
    ],
    "similarity": 0.28
}