{
    "coords": [
        [
            45.34333243622452,
            64.1674179667174
        ],
        [
            44.399889620161936,
            19.68874396862025
        ],
        [
            29.10729578247794,
            36.389356308030614
        ],
        [
            20.637490827828557,
            29.578295022815055
        ],
        [
            69.57067205438379,
            31.232349994361932
        ],
        [
            18.626824892704114,
            63.88825820782342
        ],
        [
            71.27016893253588,
            64.97045879978202
        ],
        [
            76.49776041830171,
            35.106628389310764
        ],
        [
            20.82373573683605,
            37.68269727732591
        ],
        [
            18.789514957098636,
            75.88092478812061
        ],
        [
            76.14131784784234,
            59.9477301364858
        ],
        [
            91.1560395674949,
            47.96293919076277
        ],
        [
            30.626365751364688,
            57.13522366174047
        ],
        [
            19.831022273549443,
            46.357975408969025
        ],
        [
            71.35153892491077,
            46.42993823219228
        ],
        [
            20.1790797691047,
            58.90920187590463
        ],
        [
            43.632656768657256,
            30.94097561330669
        ]
    ],
    "edges": [
        [
            3,
            4
        ],
        [
            4,
            3
        ],
        [
            3,
            5
        ],
        [
            5,
            3
        ],
        [
            4,
            6
        ],
        [
            6,
            4
        ],
        [
            5,
            6
        ],
        [
            6,
            5
        ],
        [
            13,
            14
        ],
        [
            14,
            13
        ],
        [
            16,
            0
        ],
        [
            0,
            16
        ],
        [
            3,
            6
        ],
        [
            6,
            3
        ],
        [
            5,
            4
        ],
        [
            4,
            5
        ],
        [
            4,
            11
        ],
        [
            11,
            4
        ],
        [
            6,
            11
        ],
        [
            11,
            6
        ],
        [
            14,
            11
        ],
        [
            11,
            14
        ],
        [
            7,
            10
        ],
        [
            10,
            7
        ],
        [
            1,
            4
        ],
        [
            4,
            1
        ],
        [
            1,
            16
        ],
        [
            16,
            1
        ],
        [
            8,
            2
        ],
        [
            2,
            8
        ],
        [
            15,
            12
        ],
        [
            12,
            15
        ],
        [
            2,
            12
        ],
        [
            12,
            2
        ],
        [
            8,
            12
        ],
        [
            12,
            8
        ],
        [
            2,
            15
        ],
        [
            15,
            2
        ],
        [
            5,
            9
        ],
        [
            9,
            5
        ],
        [
            0,
            0
        ],
        [
            1,
            1
        ],
        [
            2,
            2
        ],
        [
            3,
            3
        ],
        [
            4,
            4
        ],
        [
            5,
            5
        ],
        [
            6,
            6
        ],
        [
            7,
            7
        ],
        [
            8,
            8
        ],
        [
            9,
            9
        ],
        [
            10,
            10
        ],
        [
            11,
            11
        ],
        [
            12,
            12
        ],
        [
            13,
            13
        ],
        [
            14,
            14
        ],
        [
            15,
            15
        ],
        [
            16,
            16
        ]
    ],
    "similarity": 0.7
}