{
    "coords": [
        [
            20.96393350045453,
            37.379481335194875
        ],
        [
            18.009231479474536,
            73.59853431797497
        ],
        [
            73.76862686522307,
            35.189156088612165
        ],
        [
            77.57188817240171,
            58.00483760818207
        ],
        [
            89.82649181392496,
            47.18815157205523
        ],
        [
            30.216663293905786,
            69.29320931514746
        ],
        [
            20.564112130955834,
            45.42293080602553
        ],
        [
            44.118965357008335,
            63.202409844020565
        ],
        [
            71.4850404263591,
            31.82898456367349
        ],
        [
            18.72617269870419,
            56.93281518024136
        ],
        [
            34.60380929018394,
            54.574976179296655
        ],
        [
            31.83532567547802,
            37.57649599480174
        ],
        [
            23.02954578628293,
            34.433995664275606
        ],
        [
            61.882129564339124,
            71.69347540209093
        ],
        [
            32.05086439599197,
            65.56458016689749
        ],
        [
            44.43052339768442,
            32.495596238851334
        ],
        [
            22.010334421622197,
            31.81770829378248
        ],
        [
            68.74876502878475,
            63.734412444378044
        ],
        [
            30.020404640393007,
            74.06921466438442
        ],
        [
            43.058042029161705,
            19.580285914588135
        ],
        [
            19.025399968468445,
            65.5816074755412
        ],
        [
            58.990745823058646,
            68.4007230566789
        ],
        [
            45.82374022641435,
            68.15972375972237
        ],
        [
            65.81514010855973,
            70.94971044680096
        ],
        [
            71.00102576864465,
            49.59732362002096
        ],
        [
            43.8579505099948,
            28.398004567476463
        ]
    ],
    "edges": [
        [
            16,
            8
        ],
        [
            8,
            16
        ],
        [
            16,
            20
        ],
        [
            20,
            16
        ],
        [
            8,
            17
        ],
        [
            17,
            8
        ],
        [
            20,
            17
        ],
        [
            17,
            20
        ],
        [
            6,
            24
        ],
        [
            24,
            6
        ],
        [
            25,
            7
        ],
        [
            7,
            25
        ],
        [
            16,
            17
        ],
        [
            17,
            16
        ],
        [
            20,
            8
        ],
        [
            8,
            20
        ],
        [
            8,
            4
        ],
        [
            4,
            8
        ],
        [
            17,
            4
        ],
        [
            4,
            17
        ],
        [
            24,
            4
        ],
        [
            4,
            24
        ],
        [
            2,
            3
        ],
        [
            3,
            2
        ],
        [
            19,
            8
        ],
        [
            8,
            19
        ],
        [
            19,
            25
        ],
        [
            25,
            19
        ],
        [
            0,
            11
        ],
        [
            11,
            0
        ],
        [
            9,
            10
        ],
        [
            10,
            9
        ],
        [
            11,
            10
        ],
        [
            10,
            11
        ],
        [
            0,
            11
        ],
        [
            11,
            0
        ],
        [
            0,
            10
        ],
        [
            10,
            0
        ],
        [
            11,
            9
        ],
        [
            9,
            11
        ],
        [
            20,
            1
        ],
        [
            1,
            20
        ],
        [
            14,
            18
        ],
        [
            18,
            14
        ],
        [
            1,
            18
        ],
        [
            18,
            1
        ],
        [
            20,
            18
        ],
        [
            18,
            20
        ],
        [
            22,
            7
        ],
        [
            7,
            22
        ],
        [
            5,
            23
        ],
        [
            23,
            5
        ],
        [
            21,
            13
        ],
        [
            13,
            21
        ],
        [
            12,
            15
        ],
        [
            15,
            12
        ],
        [
            0,
            0
        ],
        [
            1,
            1
        ],
        [
            2,
            2
        ],
        [
            3,
            3
        ],
        [
            4,
            4
        ],
        [
            5,
            5
        ],
        [
            6,
            6
        ],
        [
            7,
            7
        ],
        [
            8,
            8
        ],
        [
            9,
            9
        ],
        [
            10,
            10
        ],
        [
            11,
            11
        ],
        [
            12,
            12
        ],
        [
            13,
            13
        ],
        [
            14,
            14
        ],
        [
            15,
            15
        ],
        [
            16,
            16
        ],
        [
            17,
            17
        ],
        [
            18,
            18
        ],
        [
            19,
            19
        ],
        [
            20,
            20
        ],
        [
            21,
            21
        ],
        [
            22,
            22
        ],
        [
            23,
            23
        ],
        [
            24,
            24
        ],
        [
            25,
            25
        ]
    ],
    "similarity": 0.56
}