{
    "coords": [
        [
            47.16601241884238,
            67.33785548255604
        ],
        [
            22.31399977640428,
            30.274152834545426
        ],
        [
            69.7304365878428,
            32.36665805572406
        ],
        [
            23.38704522528991,
            63.183771913792846
        ],
        [
            74.3666312473238,
            68.29332338757987
        ],
        [
            23.299600305259133,
            45.41808193046402
        ],
        [
            69.40400151536542,
            50.96268085414668
        ],
        [
            44.87085129285319,
            26.033469651711595
        ]
    ],
    "edges": [
        [
            1,
            2
        ],
        [
            2,
            1
        ],
        [
            1,
            3
        ],
        [
            3,
            1
        ],
        [
            2,
            4
        ],
        [
            4,
            2
        ],
        [
            3,
            4
        ],
        [
            4,
            3
        ],
        [
            5,
            6
        ],
        [
            6,
            5
        ],
        [
            7,
            0
        ],
        [
            0,
            7
        ],
        [
            1,
            4
        ],
        [
            4,
            1
        ],
        [
            3,
            2
        ],
        [
            2,
            3
        ],
        [
            0,
            0
        ],
        [
            1,
            1
        ],
        [
            2,
            2
        ],
        [
            3,
            3
        ],
        [
            4,
            4
        ],
        [
            5,
            5
        ],
        [
            6,
            6
        ],
        [
            7,
            7
        ]
    ],
    "similarity": 0.11
}