{
    "coords": [
        [
            43.88959989553858,
            68.27643614113802
        ],
        [
            16.316589775408545,
            29.669943407112335
        ],
        [
            66.59407390146119,
            33.151599091142046
        ],
        [
            23.465363290969204,
            67.98054415404755
        ],
        [
            67.66736665053004,
            63.48351198161911
        ],
        [
            76.0266671348312,
            37.51875165052405
        ],
        [
            78.11176067988653,
            56.38742521734691
        ],
        [
            89.0254561327442,
            43.99632237929609
        ],
        [
            18.177321946396148,
            47.68775802877718
        ],
        [
            70.42202133840024,
            48.08291668946298
        ],
        [
            41.39515851876048,
            33.65082308474335
        ]
    ],
    "edges": [
        [
            1,
            2
        ],
        [
            2,
            1
        ],
        [
            1,
            3
        ],
        [
            3,
            1
        ],
        [
            2,
            4
        ],
        [
            4,
            2
        ],
        [
            3,
            4
        ],
        [
            4,
            3
        ],
        [
            8,
            9
        ],
        [
            9,
            8
        ],
        [
            10,
            0
        ],
        [
            0,
            10
        ],
        [
            1,
            4
        ],
        [
            4,
            1
        ],
        [
            3,
            2
        ],
        [
            2,
            3
        ],
        [
            2,
            7
        ],
        [
            7,
            2
        ],
        [
            4,
            7
        ],
        [
            7,
            4
        ],
        [
            9,
            7
        ],
        [
            7,
            9
        ],
        [
            5,
            6
        ],
        [
            6,
            5
        ],
        [
            0,
            0
        ],
        [
            1,
            1
        ],
        [
            2,
            2
        ],
        [
            3,
            3
        ],
        [
            4,
            4
        ],
        [
            5,
            5
        ],
        [
            6,
            6
        ],
        [
            7,
            7
        ],
        [
            8,
            8
        ],
        [
            9,
            9
        ],
        [
            10,
            10
        ]
    ],
    "similarity": 0.26
}