{
    "coords": [
        [
            42.675423986240745,
            66.72710533124476
        ],
        [
            47.38804006564495,
            19.188160021010205
        ],
        [
            22.695543237623497,
            30.458287809038154
        ],
        [
            70.68098403531584,
            33.027305304372796
        ],
        [
            17.561111752028445,
            65.47744067484814
        ],
        [
            72.51943712660272,
            67.00705597537105
        ],
        [
            73.22467298187418,
            37.617412909137045
        ],
        [
            20.895034868239048,
            35.30759542831446
        ],
        [
            19.87822001886012,
            55.454861170495114
        ],
        [
            77.66415796231207,
            57.41120176412254
        ],
        [
            92.92638732990636,
            48.39334712160785
        ],
        [
            32.33286034304083,
            55.40284517806063
        ],
        [
            33.80858119548214,
            40.24282808195592
        ],
        [
            22.646420865111114,
            48.00707912905552
        ],
        [
            69.7675941105108,
            46.91151180665185
        ],
        [
            46.146017231267734,
            28.810610745695335
        ]
    ],
    "edges": [
        [
            2,
            3
        ],
        [
            3,
            2
        ],
        [
            2,
            4
        ],
        [
            4,
            2
        ],
        [
            3,
            5
        ],
        [
            5,
            3
        ],
        [
            4,
            5
        ],
        [
            5,
            4
        ],
        [
            13,
            14
        ],
        [
            14,
            13
        ],
        [
            15,
            0
        ],
        [
            0,
            15
        ],
        [
            2,
            5
        ],
        [
            5,
            2
        ],
        [
            4,
            3
        ],
        [
            3,
            4
        ],
        [
            3,
            10
        ],
        [
            10,
            3
        ],
        [
            5,
            10
        ],
        [
            10,
            5
        ],
        [
            14,
            10
        ],
        [
            10,
            14
        ],
        [
            6,
            9
        ],
        [
            9,
            6
        ],
        [
            1,
            3
        ],
        [
            3,
            1
        ],
        [
            1,
            15
        ],
        [
            15,
            1
        ],
        [
            7,
            12
        ],
        [
            12,
            7
        ],
        [
            8,
            11
        ],
        [
            11,
            8
        ],
        [
            12,
            11
        ],
        [
            11,
            12
        ],
        [
            7,
            12
        ],
        [
            12,
            7
        ],
        [
            0,
            0
        ],
        [
            1,
            1
        ],
        [
            2,
            2
        ],
        [
            3,
            3
        ],
        [
            4,
            4
        ],
        [
            5,
            5
        ],
        [
            6,
            6
        ],
        [
            7,
            7
        ],
        [
            8,
            8
        ],
        [
            9,
            9
        ],
        [
            10,
            10
        ],
        [
            11,
            11
        ],
        [
            12,
            12
        ],
        [
            13,
            13
        ],
        [
            14,
            14
        ],
        [
            15,
            15
        ]
    ],
    "similarity": 0.38
}