{
    "coords": [
        [
            43.93727380857617,
            62.7943707876004
        ],
        [
            47.55505550579205,
            17.966887493254706
        ],
        [
            19.5542878939945,
            29.54608661929732
        ],
        [
            72.10561119984646,
            28.485112405915405
        ],
        [
            19.76437067945292,
            64.05282634163704
        ],
        [
            68.92279524405252,
            64.53001296858778
        ],
        [
            78.31631220664522,
            35.42890121423597
        ],
        [
            22.60166604442699,
            40.27321036594672
        ],
        [
            18.754308395929478,
            55.97317812812227
        ],
        [
            77.75532922212906,
            57.77399572059807
        ],
        [
            87.93751725314648,
            48.27914221878763
        ],
        [
            32.91358982837077,
            57.365456291945776
        ],
        [
            31.386629819609283,
            35.53434482279548
        ],
        [
            20.852051627935026,
            47.870891287333066
        ],
        [
            72.08634357792154,
            48.45065954340677
        ],
        [
            42.518034706599835,
            27.44546137899322
        ]
    ],
    "edges": [
        [
            2,
            3
        ],
        [
            3,
            2
        ],
        [
            2,
            4
        ],
        [
            4,
            2
        ],
        [
            3,
            5
        ],
        [
            5,
            3
        ],
        [
            4,
            5
        ],
        [
            5,
            4
        ],
        [
            13,
            14
        ],
        [
            14,
            13
        ],
        [
            15,
            0
        ],
        [
            0,
            15
        ],
        [
            2,
            5
        ],
        [
            5,
            2
        ],
        [
            4,
            3
        ],
        [
            3,
            4
        ],
        [
            3,
            10
        ],
        [
            10,
            3
        ],
        [
            5,
            10
        ],
        [
            10,
            5
        ],
        [
            14,
            10
        ],
        [
            10,
            14
        ],
        [
            6,
            9
        ],
        [
            9,
            6
        ],
        [
            1,
            3
        ],
        [
            3,
            1
        ],
        [
            1,
            15
        ],
        [
            15,
            1
        ],
        [
            7,
            12
        ],
        [
            12,
            7
        ],
        [
            8,
            11
        ],
        [
            11,
            8
        ],
        [
            12,
            11
        ],
        [
            11,
            12
        ],
        [
            7,
            12
        ],
        [
            12,
            7
        ],
        [
            0,
            0
        ],
        [
            1,
            1
        ],
        [
            2,
            2
        ],
        [
            3,
            3
        ],
        [
            4,
            4
        ],
        [
            5,
            5
        ],
        [
            6,
            6
        ],
        [
            7,
            7
        ],
        [
            8,
            8
        ],
        [
            9,
            9
        ],
        [
            10,
            10
        ],
        [
            11,
            11
        ],
        [
            12,
            12
        ],
        [
            13,
            13
        ],
        [
            14,
            14
        ],
        [
            15,
            15
        ]
    ],
    "similarity": 0.4
}