{
    "coords": [
        [
            44.94274303402731,
            67.69203412948346
        ],
        [
            43.3987474183836,
            20.049444410586695
        ],
        [
            19.933057144013503,
            32.611996008419204
        ],
        [
            71.98277863982005,
            30.93140338650469
        ],
        [
            17.358689261825926,
            64.36505522079644
        ],
        [
            70.0201127689565,
            67.17355969878852
        ],
        [
            75.54263409980295,
            36.49913963805794
        ],
        [
            18.975068191233845,
            40.62552726912275
        ],
        [
            20.200610090029063,
            57.12406371810626
        ],
        [
            76.71650855069389,
            61.20533211241111
        ],
        [
            88.95195016471413,
            46.49108492552167
        ],
        [
            35.4443885742399,
            55.339505061114295
        ],
        [
            32.999848529930645,
            40.66632613059572
        ],
        [
            17.88172819947402,
            47.37440904079291
        ],
        [
            72.54376867544536,
            48.642784918313154
        ],
        [
            44.69043100098896,
            31.518064828205983
        ]
    ],
    "edges": [
        [
            2,
            3
        ],
        [
            3,
            2
        ],
        [
            2,
            4
        ],
        [
            4,
            2
        ],
        [
            3,
            5
        ],
        [
            5,
            3
        ],
        [
            4,
            5
        ],
        [
            5,
            4
        ],
        [
            13,
            14
        ],
        [
            14,
            13
        ],
        [
            15,
            0
        ],
        [
            0,
            15
        ],
        [
            2,
            5
        ],
        [
            5,
            2
        ],
        [
            4,
            3
        ],
        [
            3,
            4
        ],
        [
            3,
            10
        ],
        [
            10,
            3
        ],
        [
            5,
            10
        ],
        [
            10,
            5
        ],
        [
            14,
            10
        ],
        [
            10,
            14
        ],
        [
            6,
            9
        ],
        [
            9,
            6
        ],
        [
            1,
            3
        ],
        [
            3,
            1
        ],
        [
            1,
            15
        ],
        [
            15,
            1
        ],
        [
            7,
            12
        ],
        [
            12,
            7
        ],
        [
            8,
            11
        ],
        [
            11,
            8
        ],
        [
            12,
            11
        ],
        [
            11,
            12
        ],
        [
            7,
            12
        ],
        [
            12,
            7
        ],
        [
            7,
            11
        ],
        [
            11,
            7
        ],
        [
            12,
            8
        ],
        [
            8,
            12
        ],
        [
            0,
            0
        ],
        [
            1,
            1
        ],
        [
            2,
            2
        ],
        [
            3,
            3
        ],
        [
            4,
            4
        ],
        [
            5,
            5
        ],
        [
            6,
            6
        ],
        [
            7,
            7
        ],
        [
            8,
            8
        ],
        [
            9,
            9
        ],
        [
            10,
            10
        ],
        [
            11,
            11
        ],
        [
            12,
            12
        ],
        [
            13,
            13
        ],
        [
            14,
            14
        ],
        [
            15,
            15
        ]
    ],
    "similarity": 0.46
}