{
    "coords": [
        [
            45.87737947330832,
            65.07938661058867
        ],
        [
            46.44728228434473,
            18.37474984427805
        ],
        [
            22.020747700586664,
            32.59328306592405
        ],
        [
            72.50528921213268,
            29.041040038302505
        ],
        [
            21.147738558094524,
            64.4619978714132
        ],
        [
            67.53844353491563,
            67.54037428939402
        ],
        [
            74.01214154387434,
            33.16634644607388
        ],
        [
            19.401615744945936,
            36.81602746508761
        ],
        [
            21.501054974294075,
            56.09213134332525
        ],
        [
            73.98740133249792,
            60.151542241348714
        ],
        [
            87.77511578684887,
            48.85593240835134
        ],
        [
            35.2791145636076,
            55.14937595639813
        ],
        [
            29.959950939274062,
            39.62288374039967
        ],
        [
            18.111068029703098,
            46.07560199824804
        ],
        [
            70.87437506582509,
            49.177823792784665
        ],
        [
            44.48535785566123,
            27.38279108699236
        ]
    ],
    "edges": [
        [
            2,
            3
        ],
        [
            3,
            2
        ],
        [
            2,
            4
        ],
        [
            4,
            2
        ],
        [
            3,
            5
        ],
        [
            5,
            3
        ],
        [
            4,
            5
        ],
        [
            5,
            4
        ],
        [
            13,
            14
        ],
        [
            14,
            13
        ],
        [
            15,
            0
        ],
        [
            0,
            15
        ],
        [
            2,
            5
        ],
        [
            5,
            2
        ],
        [
            4,
            3
        ],
        [
            3,
            4
        ],
        [
            3,
            10
        ],
        [
            10,
            3
        ],
        [
            5,
            10
        ],
        [
            10,
            5
        ],
        [
            14,
            10
        ],
        [
            10,
            14
        ],
        [
            6,
            9
        ],
        [
            9,
            6
        ],
        [
            1,
            3
        ],
        [
            3,
            1
        ],
        [
            1,
            15
        ],
        [
            15,
            1
        ],
        [
            7,
            12
        ],
        [
            12,
            7
        ],
        [
            8,
            11
        ],
        [
            11,
            8
        ],
        [
            12,
            11
        ],
        [
            11,
            12
        ],
        [
            7,
            12
        ],
        [
            12,
            7
        ],
        [
            7,
            11
        ],
        [
            11,
            7
        ],
        [
            12,
            8
        ],
        [
            8,
            12
        ],
        [
            0,
            0
        ],
        [
            1,
            1
        ],
        [
            2,
            2
        ],
        [
            3,
            3
        ],
        [
            4,
            4
        ],
        [
            5,
            5
        ],
        [
            6,
            6
        ],
        [
            7,
            7
        ],
        [
            8,
            8
        ],
        [
            9,
            9
        ],
        [
            10,
            10
        ],
        [
            11,
            11
        ],
        [
            12,
            12
        ],
        [
            13,
            13
        ],
        [
            14,
            14
        ],
        [
            15,
            15
        ]
    ],
    "similarity": 0.45
}