{
    "coords": [
        [
            17.6715288603708,
            68.18198810925063
        ],
        [
            67.95963947246352,
            65.53062544032412
        ],
        [
            21.944006258102554,
            26.439981817958763
        ],
        [
            71.4746628256262,
            32.93812775196903
        ]
    ],
    "edges": [
        [
            2,
            3
        ],
        [
            3,
            2
        ],
        [
            2,
            0
        ],
        [
            0,
            2
        ],
        [
            3,
            1
        ],
        [
            1,
            3
        ],
        [
            0,
            1
        ],
        [
            1,
            0
        ],
        [
            0,
            0
        ],
        [
            1,
            1
        ],
        [
            2,
            2
        ],
        [
            3,
            3
        ]
    ],
    "similarity": 0.04
}