{
    "coords": [
        [
            45.22318613637992,
            63.513387312361246
        ],
        [
            19.04971739928261,
            27.297944822855566
        ],
        [
            68.5926942216495,
            29.02709212631927
        ],
        [
            19.754972547460564,
            65.00744884308334
        ],
        [
            68.7527237767448,
            62.87730422124679
        ],
        [
            20.728492013239876,
            47.40840325910355
        ],
        [
            69.61205231426192,
            48.83507224799412
        ],
        [
            42.44645279736297,
            33.975168796905834
        ]
    ],
    "edges": [
        [
            1,
            2
        ],
        [
            2,
            1
        ],
        [
            1,
            3
        ],
        [
            3,
            1
        ],
        [
            2,
            4
        ],
        [
            4,
            2
        ],
        [
            3,
            4
        ],
        [
            4,
            3
        ],
        [
            5,
            6
        ],
        [
            6,
            5
        ],
        [
            7,
            0
        ],
        [
            0,
            7
        ],
        [
            0,
            0
        ],
        [
            1,
            1
        ],
        [
            2,
            2
        ],
        [
            3,
            3
        ],
        [
            4,
            4
        ],
        [
            5,
            5
        ],
        [
            6,
            6
        ],
        [
            7,
            7
        ]
    ],
    "similarity": 0.11
}