{
    "coords": [
        [
            20.523772430309517,
            36.393120213721964
        ],
        [
            17.753661742713103,
            77.22744156936993
        ],
        [
            73.83207949306481,
            33.684435306940664
        ],
        [
            74.8830343655479,
            60.46315974702929
        ],
        [
            90.15412029231669,
            45.51247546797468
        ],
        [
            19.360296843681084,
            45.89133798949817
        ],
        [
            43.91333362630317,
            63.708179815252244
        ],
        [
            70.58387773630687,
            29.687518823722492
        ],
        [
            19.968363173280657,
            55.85564263997991
        ],
        [
            33.39110329602482,
            55.335452263433226
        ],
        [
            33.87405028773732,
            37.79284457982274
        ],
        [
            31.241726799700572,
            63.17131794523539
        ],
        [
            21.126630043961327,
            29.02952312038696
        ],
        [
            70.82373949337479,
            66.87188033604293
        ],
        [
            29.397277690377926,
            74.45251062146882
        ],
        [
            44.24423665262828,
            22.187675812289413
        ],
        [
            20.84396729392509,
            64.92138624189342
        ],
        [
            69.84050752706797,
            46.51843030368391
        ],
        [
            42.892600326577124,
            28.13309771475286
        ]
    ],
    "edges": [
        [
            12,
            7
        ],
        [
            7,
            12
        ],
        [
            12,
            16
        ],
        [
            16,
            12
        ],
        [
            7,
            13
        ],
        [
            13,
            7
        ],
        [
            16,
            13
        ],
        [
            13,
            16
        ],
        [
            5,
            17
        ],
        [
            17,
            5
        ],
        [
            18,
            6
        ],
        [
            6,
            18
        ],
        [
            12,
            13
        ],
        [
            13,
            12
        ],
        [
            16,
            7
        ],
        [
            7,
            16
        ],
        [
            7,
            4
        ],
        [
            4,
            7
        ],
        [
            13,
            4
        ],
        [
            4,
            13
        ],
        [
            17,
            4
        ],
        [
            4,
            17
        ],
        [
            2,
            3
        ],
        [
            3,
            2
        ],
        [
            15,
            7
        ],
        [
            7,
            15
        ],
        [
            15,
            18
        ],
        [
            18,
            15
        ],
        [
            0,
            10
        ],
        [
            10,
            0
        ],
        [
            8,
            9
        ],
        [
            9,
            8
        ],
        [
            10,
            9
        ],
        [
            9,
            10
        ],
        [
            0,
            10
        ],
        [
            10,
            0
        ],
        [
            0,
            9
        ],
        [
            9,
            0
        ],
        [
            10,
            8
        ],
        [
            8,
            10
        ],
        [
            16,
            1
        ],
        [
            1,
            16
        ],
        [
            11,
            14
        ],
        [
            14,
            11
        ],
        [
            1,
            14
        ],
        [
            14,
            1
        ],
        [
            16,
            14
        ],
        [
            14,
            16
        ],
        [
            0,
            0
        ],
        [
            1,
            1
        ],
        [
            2,
            2
        ],
        [
            3,
            3
        ],
        [
            4,
            4
        ],
        [
            5,
            5
        ],
        [
            6,
            6
        ],
        [
            7,
            7
        ],
        [
            8,
            8
        ],
        [
            9,
            9
        ],
        [
            10,
            10
        ],
        [
            11,
            11
        ],
        [
            12,
            12
        ],
        [
            13,
            13
        ],
        [
            14,
            14
        ],
        [
            15,
            15
        ],
        [
            16,
            16
        ],
        [
            17,
            17
        ],
        [
            18,
            18
        ]
    ],
    "similarity": 0.54
}