{
    "coords": [
        [
            20.197991763425694,
            39.66582633194909
        ],
        [
            18.704193634669135,
            73.98546581465959
        ],
        [
            76.81279949277402,
            33.93595468964677
        ],
        [
            74.06409850147733,
            59.25552590118247
        ],
        [
            89.85563373329413,
            48.35308563595193
        ],
        [
            30.328511324443436,
            69.21905712435588
        ],
        [
            19.150784340115273,
            48.36394457549409
        ],
        [
            43.82235754186466,
            64.90417175481342
        ],
        [
            70.35833249684407,
            28.36397734615719
        ],
        [
            19.740855240117266,
            54.85498176658175
        ],
        [
            32.51683204478279,
            57.03414863553606
        ],
        [
            31.600813616453305,
            40.071074000292555
        ],
        [
            25.746887874860924,
            34.580137048335786
        ],
        [
            60.23923480938953,
            72.76065673472924
        ],
        [
            28.479854770510208,
            66.75745448889933
        ],
        [
            43.11123177174484,
            33.06252387412538
        ],
        [
            21.072162055705057,
            31.273842462988675
        ],
        [
            70.29405744091098,
            65.64224980697067
        ],
        [
            31.524174372692514,
            76.19310489221182
        ],
        [
            43.37739074287831,
            19.40781653667408
        ],
        [
            19.38473100767286,
            64.85187954398376
        ],
        [
            60.52848230412717,
            68.97464639827136
        ],
        [
            45.389957049350784,
            69.01969107829079
        ],
        [
            66.42092807490334,
            69.2605862991473
        ],
        [
            69.46466367170669,
            48.35361090333157
        ],
        [
            43.171216474571175,
            31.398515862915612
        ]
    ],
    "edges": [
        [
            16,
            8
        ],
        [
            8,
            16
        ],
        [
            16,
            20
        ],
        [
            20,
            16
        ],
        [
            8,
            17
        ],
        [
            17,
            8
        ],
        [
            20,
            17
        ],
        [
            17,
            20
        ],
        [
            6,
            24
        ],
        [
            24,
            6
        ],
        [
            25,
            7
        ],
        [
            7,
            25
        ],
        [
            16,
            17
        ],
        [
            17,
            16
        ],
        [
            20,
            8
        ],
        [
            8,
            20
        ],
        [
            8,
            4
        ],
        [
            4,
            8
        ],
        [
            17,
            4
        ],
        [
            4,
            17
        ],
        [
            24,
            4
        ],
        [
            4,
            24
        ],
        [
            2,
            3
        ],
        [
            3,
            2
        ],
        [
            19,
            8
        ],
        [
            8,
            19
        ],
        [
            19,
            25
        ],
        [
            25,
            19
        ],
        [
            0,
            11
        ],
        [
            11,
            0
        ],
        [
            9,
            10
        ],
        [
            10,
            9
        ],
        [
            11,
            10
        ],
        [
            10,
            11
        ],
        [
            0,
            11
        ],
        [
            11,
            0
        ],
        [
            0,
            10
        ],
        [
            10,
            0
        ],
        [
            11,
            9
        ],
        [
            9,
            11
        ],
        [
            20,
            1
        ],
        [
            1,
            20
        ],
        [
            14,
            18
        ],
        [
            18,
            14
        ],
        [
            1,
            18
        ],
        [
            18,
            1
        ],
        [
            20,
            18
        ],
        [
            18,
            20
        ],
        [
            22,
            7
        ],
        [
            7,
            22
        ],
        [
            5,
            23
        ],
        [
            23,
            5
        ],
        [
            21,
            13
        ],
        [
            13,
            21
        ],
        [
            12,
            15
        ],
        [
            15,
            12
        ],
        [
            0,
            0
        ],
        [
            1,
            1
        ],
        [
            2,
            2
        ],
        [
            3,
            3
        ],
        [
            4,
            4
        ],
        [
            5,
            5
        ],
        [
            6,
            6
        ],
        [
            7,
            7
        ],
        [
            8,
            8
        ],
        [
            9,
            9
        ],
        [
            10,
            10
        ],
        [
            11,
            11
        ],
        [
            12,
            12
        ],
        [
            13,
            13
        ],
        [
            14,
            14
        ],
        [
            15,
            15
        ],
        [
            16,
            16
        ],
        [
            17,
            17
        ],
        [
            18,
            18
        ],
        [
            19,
            19
        ],
        [
            20,
            20
        ],
        [
            21,
            21
        ],
        [
            22,
            22
        ],
        [
            23,
            23
        ],
        [
            24,
            24
        ],
        [
            25,
            25
        ]
    ],
    "similarity": 0.62
}