{
    "coords": [
        [
            41.44152857420353,
            66.26865155436067
        ],
        [
            17.17337280480141,
            26.498021080145264
        ],
        [
            67.4383252298757,
            31.391538475786223
        ],
        [
            21.833126128940027,
            68.75941915261144
        ],
        [
            67.7346614940041,
            63.50310395155704
        ],
        [
            19.656320740703915,
            50.222561116385464
        ],
        [
            66.51027396724214,
            50.27524745023012
        ],
        [
            49.12402270108407,
            26.164888862269322
        ]
    ],
    "edges": [
        [
            1,
            2
        ],
        [
            2,
            1
        ],
        [
            1,
            3
        ],
        [
            3,
            1
        ],
        [
            2,
            4
        ],
        [
            4,
            2
        ],
        [
            3,
            4
        ],
        [
            4,
            3
        ],
        [
            5,
            6
        ],
        [
            6,
            5
        ],
        [
            7,
            0
        ],
        [
            0,
            7
        ],
        [
            0,
            0
        ],
        [
            1,
            1
        ],
        [
            2,
            2
        ],
        [
            3,
            3
        ],
        [
            4,
            4
        ],
        [
            5,
            5
        ],
        [
            6,
            6
        ],
        [
            7,
            7
        ]
    ],
    "similarity": 0.14
}