{
    "coords": [
        [
            19.93466348307093,
            36.95703335170743
        ],
        [
            18.292668667035308,
            76.59558187851249
        ],
        [
            74.87130705586087,
            36.15940532047488
        ],
        [
            75.25385777330794,
            58.42933765968331
        ],
        [
            89.62360049760007,
            45.51917954983215
        ],
        [
            28.15476851508592,
            70.54254295823151
        ],
        [
            20.47533812620351,
            47.44655322123215
        ],
        [
            43.28197691955036,
            64.19438291974406
        ],
        [
            70.58501647688743,
            28.031472255066745
        ],
        [
            19.68598355903436,
            57.53058166636298
        ],
        [
            31.233614598123413,
            56.09197751020339
        ],
        [
            33.68135769805693,
            39.914562791646595
        ],
        [
            29.770382633470643,
            64.97432444955314
        ],
        [
            18.864452188122574,
            28.523050848360167
        ],
        [
            72.02116003672897,
            65.79753276279997
        ],
        [
            30.049530962136213,
            73.32696706246486
        ],
        [
            44.625185761435866,
            19.692008168873123
        ],
        [
            18.447333442814845,
            62.987871692098885
        ],
        [
            45.3387218545187,
            69.1022212375685
        ],
        [
            66.17893928084781,
            67.99577323787683
        ],
        [
            71.52703570792403,
            49.1483089869486
        ],
        [
            45.16071906180655,
            28.907955662062868
        ]
    ],
    "edges": [
        [
            13,
            8
        ],
        [
            8,
            13
        ],
        [
            13,
            17
        ],
        [
            17,
            13
        ],
        [
            8,
            14
        ],
        [
            14,
            8
        ],
        [
            17,
            14
        ],
        [
            14,
            17
        ],
        [
            6,
            20
        ],
        [
            20,
            6
        ],
        [
            21,
            7
        ],
        [
            7,
            21
        ],
        [
            13,
            14
        ],
        [
            14,
            13
        ],
        [
            17,
            8
        ],
        [
            8,
            17
        ],
        [
            8,
            4
        ],
        [
            4,
            8
        ],
        [
            14,
            4
        ],
        [
            4,
            14
        ],
        [
            20,
            4
        ],
        [
            4,
            20
        ],
        [
            2,
            3
        ],
        [
            3,
            2
        ],
        [
            16,
            8
        ],
        [
            8,
            16
        ],
        [
            16,
            21
        ],
        [
            21,
            16
        ],
        [
            0,
            11
        ],
        [
            11,
            0
        ],
        [
            9,
            10
        ],
        [
            10,
            9
        ],
        [
            11,
            10
        ],
        [
            10,
            11
        ],
        [
            0,
            11
        ],
        [
            11,
            0
        ],
        [
            0,
            10
        ],
        [
            10,
            0
        ],
        [
            11,
            9
        ],
        [
            9,
            11
        ],
        [
            17,
            1
        ],
        [
            1,
            17
        ],
        [
            12,
            15
        ],
        [
            15,
            12
        ],
        [
            1,
            15
        ],
        [
            15,
            1
        ],
        [
            17,
            15
        ],
        [
            15,
            17
        ],
        [
            18,
            7
        ],
        [
            7,
            18
        ],
        [
            5,
            19
        ],
        [
            19,
            5
        ],
        [
            0,
            0
        ],
        [
            1,
            1
        ],
        [
            2,
            2
        ],
        [
            3,
            3
        ],
        [
            4,
            4
        ],
        [
            5,
            5
        ],
        [
            6,
            6
        ],
        [
            7,
            7
        ],
        [
            8,
            8
        ],
        [
            9,
            9
        ],
        [
            10,
            10
        ],
        [
            11,
            11
        ],
        [
            12,
            12
        ],
        [
            13,
            13
        ],
        [
            14,
            14
        ],
        [
            15,
            15
        ],
        [
            16,
            16
        ],
        [
            17,
            17
        ],
        [
            18,
            18
        ],
        [
            19,
            19
        ],
        [
            20,
            20
        ],
        [
            21,
            21
        ]
    ],
    "similarity": 0.59
}