{
    "coords": [
        [
            44.23968749280941,
            63.876974604850844
        ],
        [
            20.853180429655605,
            32.791499794456456
        ],
        [
            70.85617334335556,
            29.530668435320806
        ],
        [
            19.266847664709466,
            68.27581869755656
        ],
        [
            66.48059662419088,
            62.05930432765448
        ],
        [
            91.52225922950883,
            45.710231180856596
        ],
        [
            20.72364250485977,
            48.321301105250775
        ],
        [
            70.35849017921211,
            44.64342139317901
        ],
        [
            45.55926345331891,
            31.539968557836968
        ]
    ],
    "edges": [
        [
            1,
            2
        ],
        [
            2,
            1
        ],
        [
            1,
            3
        ],
        [
            3,
            1
        ],
        [
            2,
            4
        ],
        [
            4,
            2
        ],
        [
            3,
            4
        ],
        [
            4,
            3
        ],
        [
            6,
            7
        ],
        [
            7,
            6
        ],
        [
            8,
            0
        ],
        [
            0,
            8
        ],
        [
            1,
            4
        ],
        [
            4,
            1
        ],
        [
            3,
            2
        ],
        [
            2,
            3
        ],
        [
            2,
            5
        ],
        [
            5,
            2
        ],
        [
            4,
            5
        ],
        [
            5,
            4
        ],
        [
            0,
            0
        ],
        [
            1,
            1
        ],
        [
            2,
            2
        ],
        [
            3,
            3
        ],
        [
            4,
            4
        ],
        [
            5,
            5
        ],
        [
            6,
            6
        ],
        [
            7,
            7
        ],
        [
            8,
            8
        ]
    ],
    "similarity": 0.2
}