{
    "coords": [
        [
            20.567554972044107,
            38.46617601277872
        ],
        [
            20.070119136866573,
            74.45385713635116
        ],
        [
            77.18044559671702,
            36.779667264559215
        ],
        [
            73.55806027525234,
            60.10121382720108
        ],
        [
            88.17468993192337,
            48.44722048101657
        ],
        [
            29.384529530690585,
            68.18295763095882
        ],
        [
            20.13513161402729,
            46.42755064288564
        ],
        [
            44.75728877438815,
            63.653224733776426
        ],
        [
            71.21369721162161,
            31.26853341673277
        ],
        [
            18.280649302978816,
            54.404549978367335
        ],
        [
            33.563983077920255,
            56.36748685128297
        ],
        [
            30.785926817008743,
            38.397460921367795
        ],
        [
            28.839286222568273,
            63.25955019322683
        ],
        [
            20.861973110248904,
            31.979112955951784
        ],
        [
            68.15433873743443,
            64.16337885129458
        ],
        [
            28.75559121290038,
            75.04996510573963
        ],
        [
            45.766751377970465,
            18.784436065127533
        ],
        [
            21.902365118928333,
            64.96280336056756
        ],
        [
            46.69178615757162,
            71.54916240459025
        ],
        [
            65.71212057948932,
            71.91317328023148
        ],
        [
            70.85158037130694,
            45.85373856456976
        ],
        [
            43.57198138363289,
            31.312739632597754
        ]
    ],
    "edges": [
        [
            13,
            8
        ],
        [
            8,
            13
        ],
        [
            13,
            17
        ],
        [
            17,
            13
        ],
        [
            8,
            14
        ],
        [
            14,
            8
        ],
        [
            17,
            14
        ],
        [
            14,
            17
        ],
        [
            6,
            20
        ],
        [
            20,
            6
        ],
        [
            21,
            7
        ],
        [
            7,
            21
        ],
        [
            13,
            14
        ],
        [
            14,
            13
        ],
        [
            17,
            8
        ],
        [
            8,
            17
        ],
        [
            8,
            4
        ],
        [
            4,
            8
        ],
        [
            14,
            4
        ],
        [
            4,
            14
        ],
        [
            20,
            4
        ],
        [
            4,
            20
        ],
        [
            2,
            3
        ],
        [
            3,
            2
        ],
        [
            16,
            8
        ],
        [
            8,
            16
        ],
        [
            16,
            21
        ],
        [
            21,
            16
        ],
        [
            0,
            11
        ],
        [
            11,
            0
        ],
        [
            9,
            10
        ],
        [
            10,
            9
        ],
        [
            11,
            10
        ],
        [
            10,
            11
        ],
        [
            0,
            11
        ],
        [
            11,
            0
        ],
        [
            0,
            10
        ],
        [
            10,
            0
        ],
        [
            11,
            9
        ],
        [
            9,
            11
        ],
        [
            17,
            1
        ],
        [
            1,
            17
        ],
        [
            12,
            15
        ],
        [
            15,
            12
        ],
        [
            1,
            15
        ],
        [
            15,
            1
        ],
        [
            17,
            15
        ],
        [
            15,
            17
        ],
        [
            18,
            7
        ],
        [
            7,
            18
        ],
        [
            5,
            19
        ],
        [
            19,
            5
        ],
        [
            0,
            0
        ],
        [
            1,
            1
        ],
        [
            2,
            2
        ],
        [
            3,
            3
        ],
        [
            4,
            4
        ],
        [
            5,
            5
        ],
        [
            6,
            6
        ],
        [
            7,
            7
        ],
        [
            8,
            8
        ],
        [
            9,
            9
        ],
        [
            10,
            10
        ],
        [
            11,
            11
        ],
        [
            12,
            12
        ],
        [
            13,
            13
        ],
        [
            14,
            14
        ],
        [
            15,
            15
        ],
        [
            16,
            16
        ],
        [
            17,
            17
        ],
        [
            18,
            18
        ],
        [
            19,
            19
        ],
        [
            20,
            20
        ],
        [
            21,
            21
        ]
    ],
    "similarity": 0.58
}