{
    "coords": [
        [
            43.848838327355935,
            37.48849308779483
        ],
        [
            19.75644154129765,
            37.00119544065617
        ],
        [
            18.616474171130612,
            75.03836527760924
        ],
        [
            32.33337200421778,
            40.133774059771454
        ],
        [
            73.90722289524824,
            36.34385389569836
        ],
        [
            77.16392247411642,
            58.835479439542105
        ],
        [
            89.53059062109615,
            46.45856489398351
        ],
        [
            28.376065017213012,
            70.9418735277259
        ],
        [
            20.572344087994182,
            47.20789642439369
        ],
        [
            45.40805109007413,
            66.37743816191004
        ],
        [
            29.63021211209539,
            38.58743786597608
        ],
        [
            69.45505912034251,
            31.663173067673124
        ],
        [
            19.358919603384035,
            56.6344607804272
        ],
        [
            33.59971665870034,
            56.62976369203419
        ],
        [
            25.688192695793635,
            32.413632650033875
        ],
        [
            61.53028071783303,
            71.0485762359637
        ],
        [
            28.483270096961352,
            66.2555881140987
        ],
        [
            43.74464180841036,
            35.07056418388541
        ],
        [
            20.105260492432798,
            30.538871563159212
        ],
        [
            69.10809733894452,
            64.79015527683653
        ],
        [
            43.683211655128964,
            39.761912176968636
        ],
        [
            31.27774141536701,
            76.33088978387465
        ],
        [
            44.4675133251839,
            20.191304805335534
        ],
        [
            19.0675436631876,
            64.6565144048623
        ],
        [
            59.561011729316,
            67.86727278832737
        ],
        [
            44.91620173218481,
            68.88061193083495
        ],
        [
            64.2923818085852,
            69.4477228934832
        ],
        [
            70.13870759736778,
            46.15122028238975
        ],
        [
            43.42081395157672,
            29.54202198729487
        ]
    ],
    "edges": [
        [
            18,
            11
        ],
        [
            11,
            18
        ],
        [
            18,
            23
        ],
        [
            23,
            18
        ],
        [
            11,
            19
        ],
        [
            19,
            11
        ],
        [
            23,
            19
        ],
        [
            19,
            23
        ],
        [
            8,
            27
        ],
        [
            27,
            8
        ],
        [
            28,
            9
        ],
        [
            9,
            28
        ],
        [
            18,
            19
        ],
        [
            19,
            18
        ],
        [
            23,
            11
        ],
        [
            11,
            23
        ],
        [
            11,
            6
        ],
        [
            6,
            11
        ],
        [
            19,
            6
        ],
        [
            6,
            19
        ],
        [
            27,
            6
        ],
        [
            6,
            27
        ],
        [
            4,
            5
        ],
        [
            5,
            4
        ],
        [
            22,
            11
        ],
        [
            11,
            22
        ],
        [
            22,
            28
        ],
        [
            28,
            22
        ],
        [
            1,
            3
        ],
        [
            3,
            1
        ],
        [
            12,
            13
        ],
        [
            13,
            12
        ],
        [
            3,
            13
        ],
        [
            13,
            3
        ],
        [
            1,
            10
        ],
        [
            10,
            1
        ],
        [
            1,
            13
        ],
        [
            13,
            1
        ],
        [
            3,
            12
        ],
        [
            12,
            3
        ],
        [
            23,
            2
        ],
        [
            2,
            23
        ],
        [
            16,
            21
        ],
        [
            21,
            16
        ],
        [
            2,
            21
        ],
        [
            21,
            2
        ],
        [
            23,
            21
        ],
        [
            21,
            23
        ],
        [
            25,
            9
        ],
        [
            9,
            25
        ],
        [
            7,
            26
        ],
        [
            26,
            7
        ],
        [
            24,
            15
        ],
        [
            15,
            24
        ],
        [
            14,
            17
        ],
        [
            17,
            14
        ],
        [
            10,
            0
        ],
        [
            0,
            10
        ],
        [
            3,
            20
        ],
        [
            20,
            3
        ],
        [
            0,
            0
        ],
        [
            1,
            1
        ],
        [
            2,
            2
        ],
        [
            3,
            3
        ],
        [
            4,
            4
        ],
        [
            5,
            5
        ],
        [
            6,
            6
        ],
        [
            7,
            7
        ],
        [
            8,
            8
        ],
        [
            9,
            9
        ],
        [
            10,
            10
        ],
        [
            11,
            11
        ],
        [
            12,
            12
        ],
        [
            13,
            13
        ],
        [
            14,
            14
        ],
        [
            15,
            15
        ],
        [
            16,
            16
        ],
        [
            17,
            17
        ],
        [
            18,
            18
        ],
        [
            19,
            19
        ],
        [
            20,
            20
        ],
        [
            21,
            21
        ],
        [
            22,
            22
        ],
        [
            23,
            23
        ],
        [
            24,
            24
        ],
        [
            25,
            25
        ],
        [
            26,
            26
        ],
        [
            27,
            27
        ],
        [
            28,
            28
        ]
    ],
    "similarity": 0.66
}