{
    "coords": [
        [
            48.415751800407236,
            67.42331793408144
        ],
        [
            22.452199237893034,
            26.7243418577962
        ],
        [
            69.46965686524507,
            30.149173536572725
        ],
        [
            20.686540663335368,
            66.12245060614252
        ],
        [
            68.70736470721471,
            65.76911459249642
        ],
        [
            91.54885037122811,
            48.525806676996865
        ],
        [
            18.099344228652363,
            43.72665357042626
        ],
        [
            66.62995255098643,
            48.10352548662503
        ],
        [
            48.573471216652514,
            31.35254689926749
        ]
    ],
    "edges": [
        [
            1,
            2
        ],
        [
            2,
            1
        ],
        [
            1,
            3
        ],
        [
            3,
            1
        ],
        [
            2,
            4
        ],
        [
            4,
            2
        ],
        [
            3,
            4
        ],
        [
            4,
            3
        ],
        [
            6,
            7
        ],
        [
            7,
            6
        ],
        [
            8,
            0
        ],
        [
            0,
            8
        ],
        [
            1,
            4
        ],
        [
            4,
            1
        ],
        [
            3,
            2
        ],
        [
            2,
            3
        ],
        [
            2,
            5
        ],
        [
            5,
            2
        ],
        [
            4,
            5
        ],
        [
            5,
            4
        ],
        [
            0,
            0
        ],
        [
            1,
            1
        ],
        [
            2,
            2
        ],
        [
            3,
            3
        ],
        [
            4,
            4
        ],
        [
            5,
            5
        ],
        [
            6,
            6
        ],
        [
            7,
            7
        ],
        [
            8,
            8
        ]
    ],
    "similarity": 0.23
}