{
    "coords": [
        [
            19.093631722714775,
            36.31175511503187
        ],
        [
            19.790339579753162,
            76.69207523520869
        ],
        [
            74.31957881288602,
            36.016338725279724
        ],
        [
            75.5576824373633,
            61.512031012332336
        ],
        [
            89.17080056852993,
            49.66423048245245
        ],
        [
            22.23492145634551,
            46.35170865902096
        ],
        [
            44.65790828564037,
            65.61986336128894
        ],
        [
            68.18840832847677,
            30.085919246838294
        ],
        [
            21.247489373198036,
            58.39569977692758
        ],
        [
            32.32503762404604,
            56.243432796728406
        ],
        [
            33.5290445315938,
            36.30261402049513
        ],
        [
            30.972559432026408,
            62.737005798444045
        ],
        [
            20.1476480900493,
            32.03726811258029
        ],
        [
            71.77032562801502,
            63.9015698122343
        ],
        [
            29.36749620082952,
            74.06732756937862
        ],
        [
            45.05128713084417,
            19.485603685467424
        ],
        [
            20.6836356227012,
            64.17790602118328
        ],
        [
            67.83041396152987,
            46.5312453483967
        ],
        [
            43.02544713284276,
            27.72243745503383
        ]
    ],
    "edges": [
        [
            12,
            7
        ],
        [
            7,
            12
        ],
        [
            12,
            16
        ],
        [
            16,
            12
        ],
        [
            7,
            13
        ],
        [
            13,
            7
        ],
        [
            16,
            13
        ],
        [
            13,
            16
        ],
        [
            5,
            17
        ],
        [
            17,
            5
        ],
        [
            18,
            6
        ],
        [
            6,
            18
        ],
        [
            12,
            13
        ],
        [
            13,
            12
        ],
        [
            16,
            7
        ],
        [
            7,
            16
        ],
        [
            7,
            4
        ],
        [
            4,
            7
        ],
        [
            13,
            4
        ],
        [
            4,
            13
        ],
        [
            17,
            4
        ],
        [
            4,
            17
        ],
        [
            2,
            3
        ],
        [
            3,
            2
        ],
        [
            15,
            7
        ],
        [
            7,
            15
        ],
        [
            15,
            18
        ],
        [
            18,
            15
        ],
        [
            0,
            10
        ],
        [
            10,
            0
        ],
        [
            8,
            9
        ],
        [
            9,
            8
        ],
        [
            10,
            9
        ],
        [
            9,
            10
        ],
        [
            0,
            10
        ],
        [
            10,
            0
        ],
        [
            0,
            9
        ],
        [
            9,
            0
        ],
        [
            10,
            8
        ],
        [
            8,
            10
        ],
        [
            16,
            1
        ],
        [
            1,
            16
        ],
        [
            11,
            14
        ],
        [
            14,
            11
        ],
        [
            1,
            14
        ],
        [
            14,
            1
        ],
        [
            16,
            14
        ],
        [
            14,
            16
        ],
        [
            0,
            0
        ],
        [
            1,
            1
        ],
        [
            2,
            2
        ],
        [
            3,
            3
        ],
        [
            4,
            4
        ],
        [
            5,
            5
        ],
        [
            6,
            6
        ],
        [
            7,
            7
        ],
        [
            8,
            8
        ],
        [
            9,
            9
        ],
        [
            10,
            10
        ],
        [
            11,
            11
        ],
        [
            12,
            12
        ],
        [
            13,
            13
        ],
        [
            14,
            14
        ],
        [
            15,
            15
        ],
        [
            16,
            16
        ],
        [
            17,
            17
        ],
        [
            18,
            18
        ]
    ],
    "similarity": 0.51
}