{
    "coords": [
        [
            18.577104469819076,
            61.428555949363066
        ],
        [
            68.07632091596255,
            60.621657319429254
        ],
        [
            23.82821807058437,
            29.837555707922906
        ],
        [
            70.42329568521797,
            31.87003974297452
        ]
    ],
    "edges": [
        [
            2,
            3
        ],
        [
            3,
            2
        ],
        [
            2,
            0
        ],
        [
            0,
            2
        ],
        [
            3,
            1
        ],
        [
            1,
            3
        ],
        [
            0,
            1
        ],
        [
            1,
            0
        ],
        [
            0,
            0
        ],
        [
            1,
            1
        ],
        [
            2,
            2
        ],
        [
            3,
            3
        ]
    ],
    "similarity": 0.02
}