{
    "coords": [
        [
            44.00951423701679,
            64.3015437236003
        ],
        [
            16.582582796873975,
            31.82746727741087
        ],
        [
            67.08897311595878,
            30.614034955109585
        ],
        [
            17.443681930931923,
            64.03923857339343
        ],
        [
            72.94333561258061,
            63.462328817438916
        ],
        [
            76.43687329815215,
            38.55290839959605
        ],
        [
            74.2402516182681,
            57.35941106397244
        ],
        [
            90.35162919288321,
            50.39610225400566
        ],
        [
            23.332439459356703,
            44.469923395678094
        ],
        [
            68.57171077184319,
            47.74800638758847
        ],
        [
            43.04384952378943,
            32.28748662485077
        ]
    ],
    "edges": [
        [
            1,
            2
        ],
        [
            2,
            1
        ],
        [
            1,
            3
        ],
        [
            3,
            1
        ],
        [
            2,
            4
        ],
        [
            4,
            2
        ],
        [
            3,
            4
        ],
        [
            4,
            3
        ],
        [
            8,
            9
        ],
        [
            9,
            8
        ],
        [
            10,
            0
        ],
        [
            0,
            10
        ],
        [
            1,
            4
        ],
        [
            4,
            1
        ],
        [
            3,
            2
        ],
        [
            2,
            3
        ],
        [
            2,
            7
        ],
        [
            7,
            2
        ],
        [
            4,
            7
        ],
        [
            7,
            4
        ],
        [
            9,
            7
        ],
        [
            7,
            9
        ],
        [
            5,
            6
        ],
        [
            6,
            5
        ],
        [
            0,
            0
        ],
        [
            1,
            1
        ],
        [
            2,
            2
        ],
        [
            3,
            3
        ],
        [
            4,
            4
        ],
        [
            5,
            5
        ],
        [
            6,
            6
        ],
        [
            7,
            7
        ],
        [
            8,
            8
        ],
        [
            9,
            9
        ],
        [
            10,
            10
        ]
    ],
    "similarity": 0.23
}