{
    "coords": [
        [
            19.170827121678464,
            36.25093158112122
        ],
        [
            19.232055689232684,
            73.20912300951031
        ],
        [
            76.51492695028666,
            35.88513519369055
        ],
        [
            77.30148523890492,
            61.99292277172678
        ],
        [
            92.01330599521994,
            48.906047901402964
        ],
        [
            28.183866010510293,
            70.34592340505691
        ],
        [
            20.442858476252344,
            47.786852847861205
        ],
        [
            43.912833219094345,
            63.450888039080276
        ],
        [
            69.51601848477637,
            28.37586732342223
        ],
        [
            18.11725255905792,
            53.99792082181419
        ],
        [
            34.619097908912174,
            53.95944158589805
        ],
        [
            30.519001512742015,
            38.32595875354888
        ],
        [
            25.395224206301176,
            33.19460592680101
        ],
        [
            58.601609056229705,
            71.84468795703258
        ],
        [
            29.35429654586857,
            63.11486707250734
        ],
        [
            45.41819121993905,
            35.10050737187739
        ],
        [
            18.874909437149057,
            30.341107354270754
        ],
        [
            68.61740305650957,
            65.0855172736091
        ],
        [
            29.19748527180677,
            76.3683405652313
        ],
        [
            45.48786537787419,
            20.493543536618173
        ],
        [
            18.39561948501154,
            63.27291828242955
        ],
        [
            59.89860302678455,
            66.18264632289251
        ],
        [
            45.235469709180684,
            68.42994716508339
        ],
        [
            65.68861511980573,
            71.37280609098744
        ],
        [
            71.68012800582511,
            45.692668487143465
        ],
        [
            43.00768059201819,
            30.02178467878846
        ]
    ],
    "edges": [
        [
            16,
            8
        ],
        [
            8,
            16
        ],
        [
            16,
            20
        ],
        [
            20,
            16
        ],
        [
            8,
            17
        ],
        [
            17,
            8
        ],
        [
            20,
            17
        ],
        [
            17,
            20
        ],
        [
            6,
            24
        ],
        [
            24,
            6
        ],
        [
            25,
            7
        ],
        [
            7,
            25
        ],
        [
            16,
            17
        ],
        [
            17,
            16
        ],
        [
            20,
            8
        ],
        [
            8,
            20
        ],
        [
            8,
            4
        ],
        [
            4,
            8
        ],
        [
            17,
            4
        ],
        [
            4,
            17
        ],
        [
            24,
            4
        ],
        [
            4,
            24
        ],
        [
            2,
            3
        ],
        [
            3,
            2
        ],
        [
            19,
            8
        ],
        [
            8,
            19
        ],
        [
            19,
            25
        ],
        [
            25,
            19
        ],
        [
            0,
            11
        ],
        [
            11,
            0
        ],
        [
            9,
            10
        ],
        [
            10,
            9
        ],
        [
            11,
            10
        ],
        [
            10,
            11
        ],
        [
            0,
            11
        ],
        [
            11,
            0
        ],
        [
            0,
            10
        ],
        [
            10,
            0
        ],
        [
            11,
            9
        ],
        [
            9,
            11
        ],
        [
            20,
            1
        ],
        [
            1,
            20
        ],
        [
            14,
            18
        ],
        [
            18,
            14
        ],
        [
            1,
            18
        ],
        [
            18,
            1
        ],
        [
            20,
            18
        ],
        [
            18,
            20
        ],
        [
            22,
            7
        ],
        [
            7,
            22
        ],
        [
            5,
            23
        ],
        [
            23,
            5
        ],
        [
            21,
            13
        ],
        [
            13,
            21
        ],
        [
            12,
            15
        ],
        [
            15,
            12
        ],
        [
            0,
            0
        ],
        [
            1,
            1
        ],
        [
            2,
            2
        ],
        [
            3,
            3
        ],
        [
            4,
            4
        ],
        [
            5,
            5
        ],
        [
            6,
            6
        ],
        [
            7,
            7
        ],
        [
            8,
            8
        ],
        [
            9,
            9
        ],
        [
            10,
            10
        ],
        [
            11,
            11
        ],
        [
            12,
            12
        ],
        [
            13,
            13
        ],
        [
            14,
            14
        ],
        [
            15,
            15
        ],
        [
            16,
            16
        ],
        [
            17,
            17
        ],
        [
            18,
            18
        ],
        [
            19,
            19
        ],
        [
            20,
            20
        ],
        [
            21,
            21
        ],
        [
            22,
            22
        ],
        [
            23,
            23
        ],
        [
            24,
            24
        ],
        [
            25,
            25
        ]
    ],
    "similarity": 0.59
}