{
    "coords": [
        [
            42.344079666272286,
            62.80802761751336
        ],
        [
            44.03613106920081,
            19.495829447587745
        ],
        [
            23.23732074259294,
            32.22895215952537
        ],
        [
            68.38859137989424,
            29.84088402101291
        ],
        [
            18.228457802247597,
            64.92202328649603
        ],
        [
            67.51948754572292,
            66.76221412145523
        ],
        [
            78.2036852790355,
            37.76143595236533
        ],
        [
            73.0836402580273,
            62.36435639312726
        ],
        [
            87.78054514632426,
            48.447849314044475
        ],
        [
            17.686117618782998,
            48.047926700604926
        ],
        [
            69.21996776362046,
            46.53283535855021
        ],
        [
            47.249400526449854,
            27.255156202076506
        ]
    ],
    "edges": [
        [
            2,
            3
        ],
        [
            3,
            2
        ],
        [
            2,
            4
        ],
        [
            4,
            2
        ],
        [
            3,
            5
        ],
        [
            5,
            3
        ],
        [
            4,
            5
        ],
        [
            5,
            4
        ],
        [
            9,
            10
        ],
        [
            10,
            9
        ],
        [
            11,
            0
        ],
        [
            0,
            11
        ],
        [
            2,
            5
        ],
        [
            5,
            2
        ],
        [
            4,
            3
        ],
        [
            3,
            4
        ],
        [
            3,
            8
        ],
        [
            8,
            3
        ],
        [
            5,
            8
        ],
        [
            8,
            5
        ],
        [
            10,
            8
        ],
        [
            8,
            10
        ],
        [
            6,
            7
        ],
        [
            7,
            6
        ],
        [
            1,
            3
        ],
        [
            3,
            1
        ],
        [
            1,
            11
        ],
        [
            11,
            1
        ],
        [
            0,
            0
        ],
        [
            1,
            1
        ],
        [
            2,
            2
        ],
        [
            3,
            3
        ],
        [
            4,
            4
        ],
        [
            5,
            5
        ],
        [
            6,
            6
        ],
        [
            7,
            7
        ],
        [
            8,
            8
        ],
        [
            9,
            9
        ],
        [
            10,
            10
        ],
        [
            11,
            11
        ]
    ],
    "similarity": 0.31
}