{
    "coords": [
        [
            42.65468484268594,
            63.93513522646913
        ],
        [
            16.279760176161627,
            31.506260073085834
        ],
        [
            68.56933228760687,
            28.061977497049966
        ],
        [
            22.50501693358099,
            68.75978616268955
        ],
        [
            66.38126719995034,
            67.1355258700162
        ],
        [
            92.03218558431759,
            50.409345958593086
        ],
        [
            20.277028276594567,
            46.720280742674866
        ],
        [
            69.75018054203473,
            50.85519097621188
        ],
        [
            46.85896429436547,
            32.79021052852202
        ]
    ],
    "edges": [
        [
            1,
            2
        ],
        [
            2,
            1
        ],
        [
            1,
            3
        ],
        [
            3,
            1
        ],
        [
            2,
            4
        ],
        [
            4,
            2
        ],
        [
            3,
            4
        ],
        [
            4,
            3
        ],
        [
            6,
            7
        ],
        [
            7,
            6
        ],
        [
            8,
            0
        ],
        [
            0,
            8
        ],
        [
            1,
            4
        ],
        [
            4,
            1
        ],
        [
            3,
            2
        ],
        [
            2,
            3
        ],
        [
            2,
            5
        ],
        [
            5,
            2
        ],
        [
            4,
            5
        ],
        [
            5,
            4
        ],
        [
            7,
            5
        ],
        [
            5,
            7
        ],
        [
            0,
            0
        ],
        [
            1,
            1
        ],
        [
            2,
            2
        ],
        [
            3,
            3
        ],
        [
            4,
            4
        ],
        [
            5,
            5
        ],
        [
            6,
            6
        ],
        [
            7,
            7
        ],
        [
            8,
            8
        ]
    ],
    "similarity": 0.21
}