{
    "coords": [
        [
            45.57901559671749,
            65.34742630112717
        ],
        [
            42.16229400436478,
            17.981408311810295
        ],
        [
            18.816297510121757,
            30.44577260211255
        ],
        [
            72.88777683601613,
            31.3110679534822
        ],
        [
            19.898460881951358,
            63.762191281418254
        ],
        [
            70.18154919880631,
            64.44475202929894
        ],
        [
            73.03848376538033,
            35.71397186456435
        ],
        [
            21.78114692699721,
            40.454868220677284
        ],
        [
            18.81582507966905,
            53.2137476267271
        ],
        [
            75.49456325527584,
            62.143755465230235
        ],
        [
            91.23703199401803,
            47.14165828468642
        ],
        [
            32.54574916566044,
            54.79081075892834
        ],
        [
            33.29596186813756,
            39.36178414491707
        ],
        [
            22.697185993298024,
            50.353930392579926
        ],
        [
            67.62796478819791,
            46.57679750040199
        ],
        [
            45.888003670618694,
            32.08351608596401
        ]
    ],
    "edges": [
        [
            2,
            3
        ],
        [
            3,
            2
        ],
        [
            2,
            4
        ],
        [
            4,
            2
        ],
        [
            3,
            5
        ],
        [
            5,
            3
        ],
        [
            4,
            5
        ],
        [
            5,
            4
        ],
        [
            13,
            14
        ],
        [
            14,
            13
        ],
        [
            15,
            0
        ],
        [
            0,
            15
        ],
        [
            2,
            5
        ],
        [
            5,
            2
        ],
        [
            4,
            3
        ],
        [
            3,
            4
        ],
        [
            3,
            10
        ],
        [
            10,
            3
        ],
        [
            5,
            10
        ],
        [
            10,
            5
        ],
        [
            14,
            10
        ],
        [
            10,
            14
        ],
        [
            6,
            9
        ],
        [
            9,
            6
        ],
        [
            1,
            3
        ],
        [
            3,
            1
        ],
        [
            1,
            15
        ],
        [
            15,
            1
        ],
        [
            7,
            12
        ],
        [
            12,
            7
        ],
        [
            8,
            11
        ],
        [
            11,
            8
        ],
        [
            12,
            11
        ],
        [
            11,
            12
        ],
        [
            7,
            12
        ],
        [
            12,
            7
        ],
        [
            7,
            11
        ],
        [
            11,
            7
        ],
        [
            12,
            8
        ],
        [
            8,
            12
        ],
        [
            0,
            0
        ],
        [
            1,
            1
        ],
        [
            2,
            2
        ],
        [
            3,
            3
        ],
        [
            4,
            4
        ],
        [
            5,
            5
        ],
        [
            6,
            6
        ],
        [
            7,
            7
        ],
        [
            8,
            8
        ],
        [
            9,
            9
        ],
        [
            10,
            10
        ],
        [
            11,
            11
        ],
        [
            12,
            12
        ],
        [
            13,
            13
        ],
        [
            14,
            14
        ],
        [
            15,
            15
        ]
    ],
    "similarity": 0.42
}