{
    "coords": [
        [
            44.86633217118741,
            67.07276747003606
        ],
        [
            47.23541496759552,
            17.734806218241225
        ],
        [
            17.440121459090903,
            32.05052440652178
        ],
        [
            67.78092125419013,
            27.106811666582896
        ],
        [
            19.871739983719625,
            64.54689713627833
        ],
        [
            70.67856252103746,
            64.00476359211987
        ],
        [
            77.50733419038937,
            35.902492509290084
        ],
        [
            19.360195023945003,
            38.399862526814005
        ],
        [
            19.526526011253356,
            54.44824815727404
        ],
        [
            75.09619985876552,
            62.391090595491725
        ],
        [
            92.14050902385127,
            46.230006245830765
        ],
        [
            33.07961981179905,
            53.60591773638966
        ],
        [
            29.017997437401707,
            39.437293057603306
        ],
        [
            18.203695729971717,
            47.29988310053059
        ],
        [
            70.1844868703951,
            47.68120354570815
        ],
        [
            42.28867836930709,
            29.100685821562262
        ]
    ],
    "edges": [
        [
            2,
            3
        ],
        [
            3,
            2
        ],
        [
            2,
            4
        ],
        [
            4,
            2
        ],
        [
            3,
            5
        ],
        [
            5,
            3
        ],
        [
            4,
            5
        ],
        [
            5,
            4
        ],
        [
            13,
            14
        ],
        [
            14,
            13
        ],
        [
            15,
            0
        ],
        [
            0,
            15
        ],
        [
            2,
            5
        ],
        [
            5,
            2
        ],
        [
            4,
            3
        ],
        [
            3,
            4
        ],
        [
            3,
            10
        ],
        [
            10,
            3
        ],
        [
            5,
            10
        ],
        [
            10,
            5
        ],
        [
            14,
            10
        ],
        [
            10,
            14
        ],
        [
            6,
            9
        ],
        [
            9,
            6
        ],
        [
            1,
            3
        ],
        [
            3,
            1
        ],
        [
            1,
            15
        ],
        [
            15,
            1
        ],
        [
            7,
            12
        ],
        [
            12,
            7
        ],
        [
            8,
            11
        ],
        [
            11,
            8
        ],
        [
            12,
            11
        ],
        [
            11,
            12
        ],
        [
            7,
            12
        ],
        [
            12,
            7
        ],
        [
            7,
            11
        ],
        [
            11,
            7
        ],
        [
            12,
            8
        ],
        [
            8,
            12
        ],
        [
            0,
            0
        ],
        [
            1,
            1
        ],
        [
            2,
            2
        ],
        [
            3,
            3
        ],
        [
            4,
            4
        ],
        [
            5,
            5
        ],
        [
            6,
            6
        ],
        [
            7,
            7
        ],
        [
            8,
            8
        ],
        [
            9,
            9
        ],
        [
            10,
            10
        ],
        [
            11,
            11
        ],
        [
            12,
            12
        ],
        [
            13,
            13
        ],
        [
            14,
            14
        ],
        [
            15,
            15
        ]
    ],
    "similarity": 0.4
}