{
    "coords": [
        [
            19.031114940138025,
            40.262269105922435
        ],
        [
            21.086915475615882,
            73.85844598009436
        ],
        [
            76.1225808793684,
            34.62445275327379
        ],
        [
            74.2592601759283,
            57.506073936495994
        ],
        [
            88.52203868336542,
            45.40782812505616
        ],
        [
            17.31048858236601,
            48.32154269463945
        ],
        [
            46.385577772289004,
            66.2654848564592
        ],
        [
            70.5815760404136,
            31.1016050288747
        ],
        [
            18.455224658929215,
            57.854034721535086
        ],
        [
            34.363743885842275,
            58.03820189759566
        ],
        [
            31.691424923267814,
            39.5369283505126
        ],
        [
            28.876412521445477,
            63.43702133549288
        ],
        [
            17.70927075160229,
            30.40214715789283
        ],
        [
            72.27314710358016,
            65.1609277748205
        ],
        [
            29.541936851607243,
            72.30088563670624
        ],
        [
            46.93412809605583,
            20.539639619427827
        ],
        [
            18.701613851037713,
            64.97681415795306
        ],
        [
            71.19083685146919,
            45.14835336875627
        ],
        [
            45.01881641731859,
            30.86762168770963
        ]
    ],
    "edges": [
        [
            12,
            7
        ],
        [
            7,
            12
        ],
        [
            12,
            16
        ],
        [
            16,
            12
        ],
        [
            7,
            13
        ],
        [
            13,
            7
        ],
        [
            16,
            13
        ],
        [
            13,
            16
        ],
        [
            5,
            17
        ],
        [
            17,
            5
        ],
        [
            18,
            6
        ],
        [
            6,
            18
        ],
        [
            12,
            13
        ],
        [
            13,
            12
        ],
        [
            16,
            7
        ],
        [
            7,
            16
        ],
        [
            7,
            4
        ],
        [
            4,
            7
        ],
        [
            13,
            4
        ],
        [
            4,
            13
        ],
        [
            17,
            4
        ],
        [
            4,
            17
        ],
        [
            2,
            3
        ],
        [
            3,
            2
        ],
        [
            15,
            7
        ],
        [
            7,
            15
        ],
        [
            15,
            18
        ],
        [
            18,
            15
        ],
        [
            0,
            10
        ],
        [
            10,
            0
        ],
        [
            8,
            9
        ],
        [
            9,
            8
        ],
        [
            10,
            9
        ],
        [
            9,
            10
        ],
        [
            0,
            10
        ],
        [
            10,
            0
        ],
        [
            0,
            9
        ],
        [
            9,
            0
        ],
        [
            10,
            8
        ],
        [
            8,
            10
        ],
        [
            16,
            1
        ],
        [
            1,
            16
        ],
        [
            11,
            14
        ],
        [
            14,
            11
        ],
        [
            1,
            14
        ],
        [
            14,
            1
        ],
        [
            16,
            14
        ],
        [
            14,
            16
        ],
        [
            0,
            0
        ],
        [
            1,
            1
        ],
        [
            2,
            2
        ],
        [
            3,
            3
        ],
        [
            4,
            4
        ],
        [
            5,
            5
        ],
        [
            6,
            6
        ],
        [
            7,
            7
        ],
        [
            8,
            8
        ],
        [
            9,
            9
        ],
        [
            10,
            10
        ],
        [
            11,
            11
        ],
        [
            12,
            12
        ],
        [
            13,
            13
        ],
        [
            14,
            14
        ],
        [
            15,
            15
        ],
        [
            16,
            16
        ],
        [
            17,
            17
        ],
        [
            18,
            18
        ]
    ],
    "similarity": 0.46
}