{
    "coords": [
        [
            21.244584702976418,
            66.76952207689764
        ],
        [
            73.44282379188573,
            63.47978513853579
        ],
        [
            18.57623194397168,
            34.261246149040105
        ],
        [
            68.82585179351507,
            28.110012025976634
        ]
    ],
    "edges": [
        [
            2,
            3
        ],
        [
            3,
            2
        ],
        [
            2,
            0
        ],
        [
            0,
            2
        ],
        [
            3,
            1
        ],
        [
            1,
            3
        ],
        [
            0,
            1
        ],
        [
            1,
            0
        ],
        [
            0,
            0
        ],
        [
            1,
            1
        ],
        [
            2,
            2
        ],
        [
            3,
            3
        ]
    ],
    "similarity": 0.08
}