{
    "coords": [
        [
            24.599049649801398,
            68.48363888525616
        ],
        [
            66.92081505447626,
            67.97535412054715
        ],
        [
            24.33275663763115,
            27.55418201316364
        ],
        [
            65.80788090150868,
            28.73886114884753
        ]
    ],
    "edges": [
        [
            2,
            3
        ],
        [
            3,
            2
        ],
        [
            2,
            0
        ],
        [
            0,
            2
        ],
        [
            3,
            1
        ],
        [
            1,
            3
        ],
        [
            0,
            1
        ],
        [
            1,
            0
        ],
        [
            0,
            0
        ],
        [
            1,
            1
        ],
        [
            2,
            2
        ],
        [
            3,
            3
        ]
    ],
    "similarity": 0.08
}