{
    "coords": [
        [
            49.27648862352814,
            62.44112850081282
        ],
        [
            22.34023668701179,
            27.411854209321767
        ],
        [
            72.01959381388731,
            30.3554720651463
        ],
        [
            23.01603503834635,
            66.4820753647361
        ],
        [
            68.46534060535919,
            66.81904026037057
        ],
        [
            21.339841883675604,
            49.60295691302456
        ],
        [
            74.22901538639897,
            47.347691757631466
        ],
        [
            48.02467141606387,
            30.662514067016694
        ]
    ],
    "edges": [
        [
            1,
            2
        ],
        [
            2,
            1
        ],
        [
            1,
            3
        ],
        [
            3,
            1
        ],
        [
            2,
            4
        ],
        [
            4,
            2
        ],
        [
            3,
            4
        ],
        [
            4,
            3
        ],
        [
            5,
            6
        ],
        [
            6,
            5
        ],
        [
            7,
            0
        ],
        [
            0,
            7
        ],
        [
            0,
            0
        ],
        [
            1,
            1
        ],
        [
            2,
            2
        ],
        [
            3,
            3
        ],
        [
            4,
            4
        ],
        [
            5,
            5
        ],
        [
            6,
            6
        ],
        [
            7,
            7
        ]
    ],
    "similarity": 0.1
}