{
    "coords": [
        [
            21.86792168641653,
            68.11650798599071
        ],
        [
            73.3118354631245,
            69.02471893679952
        ],
        [
            21.001049438621376,
            32.83629969324693
        ],
        [
            69.16378490596885,
            26.52469817576543
        ]
    ],
    "edges": [
        [
            2,
            3
        ],
        [
            3,
            2
        ],
        [
            2,
            0
        ],
        [
            0,
            2
        ],
        [
            3,
            1
        ],
        [
            1,
            3
        ],
        [
            0,
            1
        ],
        [
            1,
            0
        ],
        [
            0,
            0
        ],
        [
            1,
            1
        ],
        [
            2,
            2
        ],
        [
            3,
            3
        ]
    ],
    "similarity": 0.08
}