{
    "coords": [
        [
            42.95971369787556,
            63.99181652765888
        ],
        [
            47.53145987408327,
            22.062550596973125
        ],
        [
            22.045097740445826,
            31.480651946859123
        ],
        [
            68.64199946238914,
            26.89392593975653
        ],
        [
            20.976688207890877,
            66.46793640071212
        ],
        [
            68.3569911467826,
            65.90594787480174
        ],
        [
            76.21362878516209,
            35.34564559577606
        ],
        [
            23.321648049355343,
            39.10610570622637
        ],
        [
            20.75570889058759,
            53.85359496143967
        ],
        [
            76.80723684566722,
            60.04690819873147
        ],
        [
            89.67776267588317,
            49.609851626126705
        ],
        [
            34.97660291942959,
            55.12020754200604
        ],
        [
            22.197711514982714,
            49.229934589622694
        ],
        [
            73.08272642826157,
            49.138263741148066
        ],
        [
            35.010736545717016,
            37.60054622003147
        ],
        [
            43.33877684840734,
            29.320876788496772
        ]
    ],
    "edges": [
        [
            2,
            3
        ],
        [
            3,
            2
        ],
        [
            2,
            4
        ],
        [
            4,
            2
        ],
        [
            3,
            5
        ],
        [
            5,
            3
        ],
        [
            4,
            5
        ],
        [
            5,
            4
        ],
        [
            12,
            13
        ],
        [
            13,
            12
        ],
        [
            15,
            0
        ],
        [
            0,
            15
        ],
        [
            2,
            5
        ],
        [
            5,
            2
        ],
        [
            4,
            3
        ],
        [
            3,
            4
        ],
        [
            3,
            10
        ],
        [
            10,
            3
        ],
        [
            5,
            10
        ],
        [
            10,
            5
        ],
        [
            13,
            10
        ],
        [
            10,
            13
        ],
        [
            6,
            9
        ],
        [
            9,
            6
        ],
        [
            1,
            3
        ],
        [
            3,
            1
        ],
        [
            1,
            15
        ],
        [
            15,
            1
        ],
        [
            7,
            14
        ],
        [
            14,
            7
        ],
        [
            8,
            11
        ],
        [
            11,
            8
        ],
        [
            0,
            0
        ],
        [
            1,
            1
        ],
        [
            2,
            2
        ],
        [
            3,
            3
        ],
        [
            4,
            4
        ],
        [
            5,
            5
        ],
        [
            6,
            6
        ],
        [
            7,
            7
        ],
        [
            8,
            8
        ],
        [
            9,
            9
        ],
        [
            10,
            10
        ],
        [
            11,
            11
        ],
        [
            12,
            12
        ],
        [
            13,
            13
        ],
        [
            14,
            14
        ],
        [
            15,
            15
        ]
    ],
    "similarity": 0.32
}