{
    "coords": [
        [
            41.1828383474718,
            61.96459846934305
        ],
        [
            17.023927011819723,
            27.894903451747314
        ],
        [
            66.85279770178542,
            28.698184000117738
        ],
        [
            23.46484742880521,
            61.76766499007579
        ],
        [
            69.74004171280296,
            61.829305398545856
        ],
        [
            86.89098899827714,
            49.58390597873291
        ],
        [
            16.627464126486913,
            45.42803979039074
        ],
        [
            67.33350440605791,
            45.97775832085614
        ],
        [
            41.97895984534673,
            30.492142123551854
        ]
    ],
    "edges": [
        [
            1,
            2
        ],
        [
            2,
            1
        ],
        [
            1,
            3
        ],
        [
            3,
            1
        ],
        [
            2,
            4
        ],
        [
            4,
            2
        ],
        [
            3,
            4
        ],
        [
            4,
            3
        ],
        [
            6,
            7
        ],
        [
            7,
            6
        ],
        [
            8,
            0
        ],
        [
            0,
            8
        ],
        [
            1,
            4
        ],
        [
            4,
            1
        ],
        [
            3,
            2
        ],
        [
            2,
            3
        ],
        [
            2,
            5
        ],
        [
            5,
            2
        ],
        [
            4,
            5
        ],
        [
            5,
            4
        ],
        [
            0,
            0
        ],
        [
            1,
            1
        ],
        [
            2,
            2
        ],
        [
            3,
            3
        ],
        [
            4,
            4
        ],
        [
            5,
            5
        ],
        [
            6,
            6
        ],
        [
            7,
            7
        ],
        [
            8,
            8
        ]
    ],
    "similarity": 0.23
}