{
    "coords": [
        [
            47.82179367707421,
            66.66167037345619
        ],
        [
            20.949492574621086,
            28.639226449563765
        ],
        [
            67.9544877469349,
            26.501226902816178
        ],
        [
            20.72391504729513,
            67.24297174712918
        ],
        [
            67.2377869024133,
            63.52423466026894
        ],
        [
            22.246239755914054,
            46.28783079370039
        ],
        [
            66.71075284179011,
            44.48824889768525
        ],
        [
            47.94379898848979,
            29.217097411913574
        ]
    ],
    "edges": [
        [
            1,
            2
        ],
        [
            2,
            1
        ],
        [
            1,
            3
        ],
        [
            3,
            1
        ],
        [
            2,
            4
        ],
        [
            4,
            2
        ],
        [
            3,
            4
        ],
        [
            4,
            3
        ],
        [
            5,
            6
        ],
        [
            6,
            5
        ],
        [
            7,
            0
        ],
        [
            0,
            7
        ],
        [
            1,
            4
        ],
        [
            4,
            1
        ],
        [
            3,
            2
        ],
        [
            2,
            3
        ],
        [
            0,
            0
        ],
        [
            1,
            1
        ],
        [
            2,
            2
        ],
        [
            3,
            3
        ],
        [
            4,
            4
        ],
        [
            5,
            5
        ],
        [
            6,
            6
        ],
        [
            7,
            7
        ]
    ],
    "similarity": 0.15
}