{
    "coords": [
        [
            45.41267391681146,
            63.30152549398092
        ],
        [
            45.52645157146071,
            20.72627465747738
        ],
        [
            18.552086540657456,
            31.569433369813847
        ],
        [
            71.68080518373984,
            31.260548879047715
        ],
        [
            22.482592157471853,
            62.91536744511684
        ],
        [
            71.66453887081957,
            64.38755841038231
        ],
        [
            77.14184280138396,
            32.7249163873751
        ],
        [
            18.33409591524939,
            40.58026920923177
        ],
        [
            20.55573075068938,
            55.44116540497886
        ],
        [
            76.17888296444683,
            59.861706389400965
        ],
        [
            88.0260198610657,
            45.62729560193125
        ],
        [
            32.188142495961415,
            54.89990106399032
        ],
        [
            33.520858161625725,
            38.401969923368306
        ],
        [
            19.319275809233183,
            44.81150576399397
        ],
        [
            67.27563367150753,
            45.08726522036666
        ],
        [
            46.28454376791122,
            30.735170198320425
        ]
    ],
    "edges": [
        [
            2,
            3
        ],
        [
            3,
            2
        ],
        [
            2,
            4
        ],
        [
            4,
            2
        ],
        [
            3,
            5
        ],
        [
            5,
            3
        ],
        [
            4,
            5
        ],
        [
            5,
            4
        ],
        [
            13,
            14
        ],
        [
            14,
            13
        ],
        [
            15,
            0
        ],
        [
            0,
            15
        ],
        [
            2,
            5
        ],
        [
            5,
            2
        ],
        [
            4,
            3
        ],
        [
            3,
            4
        ],
        [
            3,
            10
        ],
        [
            10,
            3
        ],
        [
            5,
            10
        ],
        [
            10,
            5
        ],
        [
            14,
            10
        ],
        [
            10,
            14
        ],
        [
            6,
            9
        ],
        [
            9,
            6
        ],
        [
            1,
            3
        ],
        [
            3,
            1
        ],
        [
            1,
            15
        ],
        [
            15,
            1
        ],
        [
            7,
            12
        ],
        [
            12,
            7
        ],
        [
            8,
            11
        ],
        [
            11,
            8
        ],
        [
            12,
            11
        ],
        [
            11,
            12
        ],
        [
            7,
            12
        ],
        [
            12,
            7
        ],
        [
            7,
            11
        ],
        [
            11,
            7
        ],
        [
            12,
            8
        ],
        [
            8,
            12
        ],
        [
            0,
            0
        ],
        [
            1,
            1
        ],
        [
            2,
            2
        ],
        [
            3,
            3
        ],
        [
            4,
            4
        ],
        [
            5,
            5
        ],
        [
            6,
            6
        ],
        [
            7,
            7
        ],
        [
            8,
            8
        ],
        [
            9,
            9
        ],
        [
            10,
            10
        ],
        [
            11,
            11
        ],
        [
            12,
            12
        ],
        [
            13,
            13
        ],
        [
            14,
            14
        ],
        [
            15,
            15
        ]
    ],
    "similarity": 0.44
}