{
    "coords": [
        [
            42.56561732583142,
            63.55925189121477
        ],
        [
            46.69309631333529,
            18.421098196215734
        ],
        [
            16.591224551924128,
            29.45625494956531
        ],
        [
            69.25467019194353,
            26.94532282919548
        ],
        [
            19.05208512837496,
            65.3437484687257
        ],
        [
            68.37180359154495,
            64.95866784240451
        ],
        [
            75.60946109384928,
            31.571981672156028
        ],
        [
            77.59312320889796,
            61.813244413711736
        ],
        [
            86.76679977570849,
            50.19693160752254
        ],
        [
            21.211896878412816,
            49.46725521911278
        ],
        [
            68.38805907859393,
            47.973042767215134
        ],
        [
            46.837749402842604,
            28.3997407314482
        ]
    ],
    "edges": [
        [
            2,
            3
        ],
        [
            3,
            2
        ],
        [
            2,
            4
        ],
        [
            4,
            2
        ],
        [
            3,
            5
        ],
        [
            5,
            3
        ],
        [
            4,
            5
        ],
        [
            5,
            4
        ],
        [
            9,
            10
        ],
        [
            10,
            9
        ],
        [
            11,
            0
        ],
        [
            0,
            11
        ],
        [
            2,
            5
        ],
        [
            5,
            2
        ],
        [
            4,
            3
        ],
        [
            3,
            4
        ],
        [
            3,
            8
        ],
        [
            8,
            3
        ],
        [
            5,
            8
        ],
        [
            8,
            5
        ],
        [
            10,
            8
        ],
        [
            8,
            10
        ],
        [
            6,
            7
        ],
        [
            7,
            6
        ],
        [
            1,
            3
        ],
        [
            3,
            1
        ],
        [
            0,
            0
        ],
        [
            1,
            1
        ],
        [
            2,
            2
        ],
        [
            3,
            3
        ],
        [
            4,
            4
        ],
        [
            5,
            5
        ],
        [
            6,
            6
        ],
        [
            7,
            7
        ],
        [
            8,
            8
        ],
        [
            9,
            9
        ],
        [
            10,
            10
        ],
        [
            11,
            11
        ]
    ],
    "similarity": 0.3
}