{
    "coords": [
        [
            20.492966357055142,
            74.94060380668819
        ],
        [
            76.04055324656366,
            35.24619701835377
        ],
        [
            75.44872609870269,
            60.2060175622874
        ],
        [
            89.8474735992569,
            47.61133783906847
        ],
        [
            20.11778569617966,
            47.98269897635113
        ],
        [
            45.04307780991356,
            65.28979995497758
        ],
        [
            29.74886396252589,
            36.830842477198736
        ],
        [
            69.85710936709786,
            29.652479753370514
        ],
        [
            30.196625883142516,
            57.87158766757885
        ],
        [
            29.994929406355553,
            65.47696353734233
        ],
        [
            20.22871431785421,
            30.13784872970468
        ],
        [
            69.87670302426903,
            65.04051294180715
        ],
        [
            20.132122089886273,
            36.80904276548692
        ],
        [
            29.754059114386028,
            75.12004983692309
        ],
        [
            20.023500517493403,
            57.813127977744955
        ],
        [
            44.77969385237664,
            20.25038606146917
        ],
        [
            20.175677055271958,
            64.81638093638219
        ],
        [
            45.45522818824614,
            70.15522610840083
        ],
        [
            69.6686835742579,
            48.028146241738206
        ],
        [
            45.43579875503482,
            30.021958043834058
        ]
    ],
    "edges": [
        [
            10,
            7
        ],
        [
            7,
            10
        ],
        [
            10,
            16
        ],
        [
            16,
            10
        ],
        [
            7,
            11
        ],
        [
            11,
            7
        ],
        [
            16,
            11
        ],
        [
            11,
            16
        ],
        [
            4,
            18
        ],
        [
            18,
            4
        ],
        [
            19,
            5
        ],
        [
            5,
            19
        ],
        [
            10,
            11
        ],
        [
            11,
            10
        ],
        [
            16,
            7
        ],
        [
            7,
            16
        ],
        [
            7,
            3
        ],
        [
            3,
            7
        ],
        [
            11,
            3
        ],
        [
            3,
            11
        ],
        [
            18,
            3
        ],
        [
            3,
            18
        ],
        [
            1,
            2
        ],
        [
            2,
            1
        ],
        [
            15,
            7
        ],
        [
            7,
            15
        ],
        [
            15,
            19
        ],
        [
            19,
            15
        ],
        [
            12,
            6
        ],
        [
            6,
            12
        ],
        [
            14,
            8
        ],
        [
            8,
            14
        ],
        [
            6,
            8
        ],
        [
            8,
            6
        ],
        [
            12,
            8
        ],
        [
            8,
            12
        ],
        [
            6,
            14
        ],
        [
            14,
            6
        ],
        [
            16,
            0
        ],
        [
            0,
            16
        ],
        [
            9,
            13
        ],
        [
            13,
            9
        ],
        [
            0,
            13
        ],
        [
            13,
            0
        ],
        [
            16,
            13
        ],
        [
            13,
            16
        ],
        [
            17,
            5
        ],
        [
            5,
            17
        ],
        [
            0,
            0
        ],
        [
            1,
            1
        ],
        [
            2,
            2
        ],
        [
            3,
            3
        ],
        [
            4,
            4
        ],
        [
            5,
            5
        ],
        [
            6,
            6
        ],
        [
            7,
            7
        ],
        [
            8,
            8
        ],
        [
            9,
            9
        ],
        [
            10,
            10
        ],
        [
            11,
            11
        ],
        [
            12,
            12
        ],
        [
            13,
            13
        ],
        [
            14,
            14
        ],
        [
            15,
            15
        ],
        [
            16,
            16
        ],
        [
            17,
            17
        ],
        [
            18,
            18
        ],
        [
            19,
            19
        ]
    ],
    "similarity": 0.89
}