{
    "coords": [
        [
            44.77231565081611,
            63.97978522901256
        ],
        [
            17.940369074797328,
            33.54201876697223
        ],
        [
            72.9933319771956,
            30.28356664766867
        ],
        [
            20.49745347592671,
            63.67421221288483
        ],
        [
            70.69640585938302,
            62.86788937405766
        ],
        [
            21.563175146977787,
            51.14148465392962
        ],
        [
            67.63636216751381,
            50.09027989184832
        ],
        [
            46.885229226441346,
            30.170763211868568
        ]
    ],
    "edges": [
        [
            1,
            2
        ],
        [
            2,
            1
        ],
        [
            1,
            3
        ],
        [
            3,
            1
        ],
        [
            2,
            4
        ],
        [
            4,
            2
        ],
        [
            3,
            4
        ],
        [
            4,
            3
        ],
        [
            5,
            6
        ],
        [
            6,
            5
        ],
        [
            7,
            0
        ],
        [
            0,
            7
        ],
        [
            1,
            4
        ],
        [
            4,
            1
        ],
        [
            3,
            2
        ],
        [
            2,
            3
        ],
        [
            0,
            0
        ],
        [
            1,
            1
        ],
        [
            2,
            2
        ],
        [
            3,
            3
        ],
        [
            4,
            4
        ],
        [
            5,
            5
        ],
        [
            6,
            6
        ],
        [
            7,
            7
        ]
    ],
    "similarity": 0.17
}