{
    "coords": [
        [
            45.86633296771203,
            64.4272015171227
        ],
        [
            44.274406240058326,
            22.09891687485102
        ],
        [
            19.07280857972802,
            32.89696898353764
        ],
        [
            69.6616521997705,
            29.657300191392686
        ],
        [
            21.443793061055157,
            66.62171627243706
        ],
        [
            67.20294723181439,
            66.10526303648737
        ],
        [
            73.15218261560229,
            31.98277618981985
        ],
        [
            22.681222510568386,
            40.42523787650489
        ],
        [
            21.78924208264282,
            58.1178107249553
        ],
        [
            78.34070437443533,
            61.297141845655815
        ],
        [
            89.81063610593,
            46.967392369713906
        ],
        [
            32.60394903879288,
            55.881493738206004
        ],
        [
            33.36240547341743,
            36.4459014403268
        ],
        [
            22.743779932709593,
            47.90197757849873
        ],
        [
            68.67104514732102,
            49.991288752613784
        ],
        [
            46.060708067360984,
            27.427202468972055
        ]
    ],
    "edges": [
        [
            2,
            3
        ],
        [
            3,
            2
        ],
        [
            2,
            4
        ],
        [
            4,
            2
        ],
        [
            3,
            5
        ],
        [
            5,
            3
        ],
        [
            4,
            5
        ],
        [
            5,
            4
        ],
        [
            13,
            14
        ],
        [
            14,
            13
        ],
        [
            15,
            0
        ],
        [
            0,
            15
        ],
        [
            2,
            5
        ],
        [
            5,
            2
        ],
        [
            4,
            3
        ],
        [
            3,
            4
        ],
        [
            3,
            10
        ],
        [
            10,
            3
        ],
        [
            5,
            10
        ],
        [
            10,
            5
        ],
        [
            14,
            10
        ],
        [
            10,
            14
        ],
        [
            6,
            9
        ],
        [
            9,
            6
        ],
        [
            1,
            3
        ],
        [
            3,
            1
        ],
        [
            1,
            15
        ],
        [
            15,
            1
        ],
        [
            7,
            12
        ],
        [
            12,
            7
        ],
        [
            8,
            11
        ],
        [
            11,
            8
        ],
        [
            12,
            11
        ],
        [
            11,
            12
        ],
        [
            7,
            12
        ],
        [
            12,
            7
        ],
        [
            0,
            0
        ],
        [
            1,
            1
        ],
        [
            2,
            2
        ],
        [
            3,
            3
        ],
        [
            4,
            4
        ],
        [
            5,
            5
        ],
        [
            6,
            6
        ],
        [
            7,
            7
        ],
        [
            8,
            8
        ],
        [
            9,
            9
        ],
        [
            10,
            10
        ],
        [
            11,
            11
        ],
        [
            12,
            12
        ],
        [
            13,
            13
        ],
        [
            14,
            14
        ],
        [
            15,
            15
        ]
    ],
    "similarity": 0.38
}