{
    "coords": [
        [
            46.8489341651805,
            65.87359040019682
        ],
        [
            42.167766632140996,
            23.105289710599568
        ],
        [
            19.346518305464404,
            27.778203985257214
        ],
        [
            73.34299198853003,
            32.484737188053906
        ],
        [
            21.274354372751983,
            64.22951434549569
        ],
        [
            69.8434047701663,
            67.0261760855928
        ],
        [
            78.61398038651754,
            32.51822149882033
        ],
        [
            75.10835449491847,
            62.199842529980266
        ],
        [
            88.90397312691964,
            47.849351499294414
        ],
        [
            19.194537115533148,
            50.624755110840276
        ],
        [
            71.76133207871638,
            45.258707174513695
        ],
        [
            46.97922193481725,
            30.017048824516806
        ]
    ],
    "edges": [
        [
            2,
            3
        ],
        [
            3,
            2
        ],
        [
            2,
            4
        ],
        [
            4,
            2
        ],
        [
            3,
            5
        ],
        [
            5,
            3
        ],
        [
            4,
            5
        ],
        [
            5,
            4
        ],
        [
            9,
            10
        ],
        [
            10,
            9
        ],
        [
            11,
            0
        ],
        [
            0,
            11
        ],
        [
            2,
            5
        ],
        [
            5,
            2
        ],
        [
            4,
            3
        ],
        [
            3,
            4
        ],
        [
            3,
            8
        ],
        [
            8,
            3
        ],
        [
            5,
            8
        ],
        [
            8,
            5
        ],
        [
            10,
            8
        ],
        [
            8,
            10
        ],
        [
            6,
            7
        ],
        [
            7,
            6
        ],
        [
            1,
            3
        ],
        [
            3,
            1
        ],
        [
            1,
            11
        ],
        [
            11,
            1
        ],
        [
            0,
            0
        ],
        [
            1,
            1
        ],
        [
            2,
            2
        ],
        [
            3,
            3
        ],
        [
            4,
            4
        ],
        [
            5,
            5
        ],
        [
            6,
            6
        ],
        [
            7,
            7
        ],
        [
            8,
            8
        ],
        [
            9,
            9
        ],
        [
            10,
            10
        ],
        [
            11,
            11
        ]
    ],
    "similarity": 0.29
}