{
    "coords": [
        [
            44.8996386337988,
            63.727992221161536
        ],
        [
            48.18841061074186,
            20.785907820518204
        ],
        [
            22.92795127626401,
            33.137539466616055
        ],
        [
            67.14721830809727,
            29.456524201422575
        ],
        [
            17.9285056397436,
            67.0840931194325
        ],
        [
            69.02884358942153,
            65.21691899505345
        ],
        [
            72.98928059143114,
            34.42557022927278
        ],
        [
            17.04715874804551,
            39.51117595551256
        ],
        [
            18.651507788490342,
            57.93058280093536
        ],
        [
            75.95746492025472,
            57.25063416680943
        ],
        [
            87.43230796495658,
            44.89017868329644
        ],
        [
            33.874786475121454,
            56.93256959222304
        ],
        [
            16.848935946398708,
            44.42758799590253
        ],
        [
            72.2403417066105,
            48.50830482128467
        ],
        [
            33.74101827891961,
            36.14585674838699
        ],
        [
            48.00620678207544,
            32.08918727218706
        ]
    ],
    "edges": [
        [
            2,
            3
        ],
        [
            3,
            2
        ],
        [
            2,
            4
        ],
        [
            4,
            2
        ],
        [
            3,
            5
        ],
        [
            5,
            3
        ],
        [
            4,
            5
        ],
        [
            5,
            4
        ],
        [
            12,
            13
        ],
        [
            13,
            12
        ],
        [
            15,
            0
        ],
        [
            0,
            15
        ],
        [
            2,
            5
        ],
        [
            5,
            2
        ],
        [
            4,
            3
        ],
        [
            3,
            4
        ],
        [
            3,
            10
        ],
        [
            10,
            3
        ],
        [
            5,
            10
        ],
        [
            10,
            5
        ],
        [
            13,
            10
        ],
        [
            10,
            13
        ],
        [
            6,
            9
        ],
        [
            9,
            6
        ],
        [
            1,
            3
        ],
        [
            3,
            1
        ],
        [
            1,
            15
        ],
        [
            15,
            1
        ],
        [
            7,
            14
        ],
        [
            14,
            7
        ],
        [
            8,
            11
        ],
        [
            11,
            8
        ],
        [
            0,
            0
        ],
        [
            1,
            1
        ],
        [
            2,
            2
        ],
        [
            3,
            3
        ],
        [
            4,
            4
        ],
        [
            5,
            5
        ],
        [
            6,
            6
        ],
        [
            7,
            7
        ],
        [
            8,
            8
        ],
        [
            9,
            9
        ],
        [
            10,
            10
        ],
        [
            11,
            11
        ],
        [
            12,
            12
        ],
        [
            13,
            13
        ],
        [
            14,
            14
        ],
        [
            15,
            15
        ]
    ],
    "similarity": 0.35
}