{
    "coords": [
        [
            41.68285860769961,
            62.005963271313796
        ],
        [
            19.32473228663069,
            29.76386660227807
        ],
        [
            67.49658829707997,
            33.49165936141154
        ],
        [
            17.157086411717316,
            65.52660994906643
        ],
        [
            69.61247951885021,
            64.88992180075923
        ],
        [
            22.727700791712397,
            47.81943347774775
        ],
        [
            74.04213756223098,
            47.6622232758891
        ],
        [
            48.08520518717456,
            27.019085905644445
        ]
    ],
    "edges": [
        [
            1,
            2
        ],
        [
            2,
            1
        ],
        [
            1,
            3
        ],
        [
            3,
            1
        ],
        [
            2,
            4
        ],
        [
            4,
            2
        ],
        [
            3,
            4
        ],
        [
            4,
            3
        ],
        [
            5,
            6
        ],
        [
            6,
            5
        ],
        [
            7,
            0
        ],
        [
            0,
            7
        ],
        [
            1,
            4
        ],
        [
            4,
            1
        ],
        [
            3,
            2
        ],
        [
            2,
            3
        ],
        [
            0,
            0
        ],
        [
            1,
            1
        ],
        [
            2,
            2
        ],
        [
            3,
            3
        ],
        [
            4,
            4
        ],
        [
            5,
            5
        ],
        [
            6,
            6
        ],
        [
            7,
            7
        ]
    ],
    "similarity": 0.19
}