{
    "coords": [
        [
            46.335081055833754,
            63.937386737245504
        ],
        [
            21.225769378244724,
            26.22399307685889
        ],
        [
            71.83973744701328,
            32.38546973562073
        ],
        [
            22.64834614337584,
            68.68257274023081
        ],
        [
            68.09230538804653,
            68.06071730085219
        ],
        [
            71.87662568287537,
            37.540901268421436
        ],
        [
            77.86976779879797,
            59.85022328556198
        ],
        [
            93.0108052896446,
            48.44999074601213
        ],
        [
            16.825586031456513,
            48.360357496650835
        ],
        [
            68.12536984645544,
            45.02416758833719
        ],
        [
            42.86072684968755,
            29.171120070188973
        ]
    ],
    "edges": [
        [
            1,
            2
        ],
        [
            2,
            1
        ],
        [
            1,
            3
        ],
        [
            3,
            1
        ],
        [
            2,
            4
        ],
        [
            4,
            2
        ],
        [
            3,
            4
        ],
        [
            4,
            3
        ],
        [
            8,
            9
        ],
        [
            9,
            8
        ],
        [
            10,
            0
        ],
        [
            0,
            10
        ],
        [
            1,
            4
        ],
        [
            4,
            1
        ],
        [
            3,
            2
        ],
        [
            2,
            3
        ],
        [
            2,
            7
        ],
        [
            7,
            2
        ],
        [
            4,
            7
        ],
        [
            7,
            4
        ],
        [
            9,
            7
        ],
        [
            7,
            9
        ],
        [
            5,
            6
        ],
        [
            6,
            5
        ],
        [
            0,
            0
        ],
        [
            1,
            1
        ],
        [
            2,
            2
        ],
        [
            3,
            3
        ],
        [
            4,
            4
        ],
        [
            5,
            5
        ],
        [
            6,
            6
        ],
        [
            7,
            7
        ],
        [
            8,
            8
        ],
        [
            9,
            9
        ],
        [
            10,
            10
        ]
    ],
    "similarity": 0.24
}