{
    "coords": [
        [
            19.206428110063868,
            38.55739590798401
        ],
        [
            18.97106546566076,
            73.23442778283426
        ],
        [
            73.31794511815123,
            37.05091192071458
        ],
        [
            74.15147603782917,
            59.20359706606737
        ],
        [
            88.01774449789102,
            46.70079744505546
        ],
        [
            21.1721037058841,
            45.76835803373577
        ],
        [
            43.302256288609904,
            63.718600500196644
        ],
        [
            69.40300012780895,
            28.738637067427977
        ],
        [
            17.77654144820954,
            55.368771282962996
        ],
        [
            34.087172969574766,
            56.68065473747493
        ],
        [
            30.5567650678455,
            37.5395660680904
        ],
        [
            29.227452918205426,
            66.11202331929711
        ],
        [
            20.268454908530323,
            31.60612556995068
        ],
        [
            70.67811449875023,
            64.75606733921798
        ],
        [
            30.412674980686678,
            74.27030976431905
        ],
        [
            44.2661587612875,
            20.727396124063276
        ],
        [
            22.22166529304823,
            64.32702028829968
        ],
        [
            71.07264135430898,
            45.524658939672065
        ],
        [
            45.04826995155447,
            29.68285026713675
        ]
    ],
    "edges": [
        [
            12,
            7
        ],
        [
            7,
            12
        ],
        [
            12,
            16
        ],
        [
            16,
            12
        ],
        [
            7,
            13
        ],
        [
            13,
            7
        ],
        [
            16,
            13
        ],
        [
            13,
            16
        ],
        [
            5,
            17
        ],
        [
            17,
            5
        ],
        [
            18,
            6
        ],
        [
            6,
            18
        ],
        [
            12,
            13
        ],
        [
            13,
            12
        ],
        [
            16,
            7
        ],
        [
            7,
            16
        ],
        [
            7,
            4
        ],
        [
            4,
            7
        ],
        [
            13,
            4
        ],
        [
            4,
            13
        ],
        [
            17,
            4
        ],
        [
            4,
            17
        ],
        [
            2,
            3
        ],
        [
            3,
            2
        ],
        [
            15,
            7
        ],
        [
            7,
            15
        ],
        [
            15,
            18
        ],
        [
            18,
            15
        ],
        [
            0,
            10
        ],
        [
            10,
            0
        ],
        [
            8,
            9
        ],
        [
            9,
            8
        ],
        [
            10,
            9
        ],
        [
            9,
            10
        ],
        [
            0,
            10
        ],
        [
            10,
            0
        ],
        [
            0,
            9
        ],
        [
            9,
            0
        ],
        [
            10,
            8
        ],
        [
            8,
            10
        ],
        [
            16,
            1
        ],
        [
            1,
            16
        ],
        [
            11,
            14
        ],
        [
            14,
            11
        ],
        [
            1,
            14
        ],
        [
            14,
            1
        ],
        [
            16,
            14
        ],
        [
            14,
            16
        ],
        [
            0,
            0
        ],
        [
            1,
            1
        ],
        [
            2,
            2
        ],
        [
            3,
            3
        ],
        [
            4,
            4
        ],
        [
            5,
            5
        ],
        [
            6,
            6
        ],
        [
            7,
            7
        ],
        [
            8,
            8
        ],
        [
            9,
            9
        ],
        [
            10,
            10
        ],
        [
            11,
            11
        ],
        [
            12,
            12
        ],
        [
            13,
            13
        ],
        [
            14,
            14
        ],
        [
            15,
            15
        ],
        [
            16,
            16
        ],
        [
            17,
            17
        ],
        [
            18,
            18
        ]
    ],
    "similarity": 0.54
}