{
    "coords": [
        [
            47.420724351260965,
            65.89892332816758
        ],
        [
            17.81386677483977,
            27.371965062633013
        ],
        [
            73.53381565660419,
            32.84630149516768
        ],
        [
            20.5023126337165,
            68.07188226471267
        ],
        [
            73.55549955962691,
            62.65630266235376
        ],
        [
            93.44632011005227,
            49.368846689170475
        ],
        [
            22.278969509404625,
            44.10856433064046
        ],
        [
            67.62701598626008,
            50.938674120235255
        ],
        [
            44.33480944236362,
            29.004665108693374
        ]
    ],
    "edges": [
        [
            1,
            2
        ],
        [
            2,
            1
        ],
        [
            1,
            3
        ],
        [
            3,
            1
        ],
        [
            2,
            4
        ],
        [
            4,
            2
        ],
        [
            3,
            4
        ],
        [
            4,
            3
        ],
        [
            6,
            7
        ],
        [
            7,
            6
        ],
        [
            8,
            0
        ],
        [
            0,
            8
        ],
        [
            1,
            4
        ],
        [
            4,
            1
        ],
        [
            3,
            2
        ],
        [
            2,
            3
        ],
        [
            2,
            5
        ],
        [
            5,
            2
        ],
        [
            4,
            5
        ],
        [
            5,
            4
        ],
        [
            0,
            0
        ],
        [
            1,
            1
        ],
        [
            2,
            2
        ],
        [
            3,
            3
        ],
        [
            4,
            4
        ],
        [
            5,
            5
        ],
        [
            6,
            6
        ],
        [
            7,
            7
        ],
        [
            8,
            8
        ]
    ],
    "similarity": 0.23
}