{
    "coords": [
        [
            21.929650378873305,
            36.43436796992513
        ],
        [
            18.60206548495569,
            74.53240692966025
        ],
        [
            77.13708662981108,
            33.206877762232644
        ],
        [
            75.60089287042625,
            60.377910741865335
        ],
        [
            88.43981750969232,
            49.95543887947099
        ],
        [
            17.779785011158086,
            48.18585415241181
        ],
        [
            47.14783290081701,
            63.85998971071281
        ],
        [
            70.77926405565348,
            30.527426886632796
        ],
        [
            17.884520234646594,
            58.03883996796405
        ],
        [
            32.66437231780925,
            55.24199471935031
        ],
        [
            33.235156454205,
            38.02235691550388
        ],
        [
            30.3281021163065,
            64.53864606248584
        ],
        [
            21.31102753038075,
            29.655038185804468
        ],
        [
            71.38226314613249,
            65.28457568365229
        ],
        [
            30.238484052060794,
            72.97033831888139
        ],
        [
            46.40646735016361,
            21.647890434912618
        ],
        [
            22.277767907259708,
            63.058825051444366
        ],
        [
            71.14729420876054,
            46.042308909839235
        ],
        [
            44.6153479179811,
            31.9130190944392
        ]
    ],
    "edges": [
        [
            12,
            7
        ],
        [
            7,
            12
        ],
        [
            12,
            16
        ],
        [
            16,
            12
        ],
        [
            7,
            13
        ],
        [
            13,
            7
        ],
        [
            16,
            13
        ],
        [
            13,
            16
        ],
        [
            5,
            17
        ],
        [
            17,
            5
        ],
        [
            18,
            6
        ],
        [
            6,
            18
        ],
        [
            12,
            13
        ],
        [
            13,
            12
        ],
        [
            16,
            7
        ],
        [
            7,
            16
        ],
        [
            7,
            4
        ],
        [
            4,
            7
        ],
        [
            13,
            4
        ],
        [
            4,
            13
        ],
        [
            17,
            4
        ],
        [
            4,
            17
        ],
        [
            2,
            3
        ],
        [
            3,
            2
        ],
        [
            15,
            7
        ],
        [
            7,
            15
        ],
        [
            15,
            18
        ],
        [
            18,
            15
        ],
        [
            0,
            10
        ],
        [
            10,
            0
        ],
        [
            8,
            9
        ],
        [
            9,
            8
        ],
        [
            10,
            9
        ],
        [
            9,
            10
        ],
        [
            0,
            10
        ],
        [
            10,
            0
        ],
        [
            0,
            9
        ],
        [
            9,
            0
        ],
        [
            10,
            8
        ],
        [
            8,
            10
        ],
        [
            16,
            1
        ],
        [
            1,
            16
        ],
        [
            11,
            14
        ],
        [
            14,
            11
        ],
        [
            0,
            0
        ],
        [
            1,
            1
        ],
        [
            2,
            2
        ],
        [
            3,
            3
        ],
        [
            4,
            4
        ],
        [
            5,
            5
        ],
        [
            6,
            6
        ],
        [
            7,
            7
        ],
        [
            8,
            8
        ],
        [
            9,
            9
        ],
        [
            10,
            10
        ],
        [
            11,
            11
        ],
        [
            12,
            12
        ],
        [
            13,
            13
        ],
        [
            14,
            14
        ],
        [
            15,
            15
        ],
        [
            16,
            16
        ],
        [
            17,
            17
        ],
        [
            18,
            18
        ]
    ],
    "similarity": 0.5
}