{
    "coords": [
        [
            43.73777745156605,
            65.43425168887867
        ],
        [
            44.353459957867805,
            20.188186334513254
        ],
        [
            29.164023668543003,
            37.36912553295857
        ],
        [
            20.113975820904177,
            29.400662709277345
        ],
        [
            68.45290107272662,
            28.854409699351464
        ],
        [
            19.498847533483854,
            64.68591207539528
        ],
        [
            70.77928975945281,
            64.82290866691206
        ],
        [
            74.91146087093149,
            35.98682414605501
        ],
        [
            19.79565628346667,
            35.63784358437377
        ],
        [
            18.854779546895166,
            74.22881309644508
        ],
        [
            75.6175406692433,
            59.68203529489765
        ],
        [
            88.90661037622378,
            46.37609551264952
        ],
        [
            30.883910156170707,
            57.28014573779758
        ],
        [
            20.909257454298757,
            46.460353048504835
        ],
        [
            70.15624447985971,
            46.82608258590021
        ],
        [
            21.083906665146564,
            59.520885559718685
        ],
        [
            45.54258965288463,
            28.949595153417093
        ]
    ],
    "edges": [
        [
            3,
            4
        ],
        [
            4,
            3
        ],
        [
            3,
            5
        ],
        [
            5,
            3
        ],
        [
            4,
            6
        ],
        [
            6,
            4
        ],
        [
            5,
            6
        ],
        [
            6,
            5
        ],
        [
            13,
            14
        ],
        [
            14,
            13
        ],
        [
            16,
            0
        ],
        [
            0,
            16
        ],
        [
            3,
            6
        ],
        [
            6,
            3
        ],
        [
            5,
            4
        ],
        [
            4,
            5
        ],
        [
            4,
            11
        ],
        [
            11,
            4
        ],
        [
            6,
            11
        ],
        [
            11,
            6
        ],
        [
            14,
            11
        ],
        [
            11,
            14
        ],
        [
            7,
            10
        ],
        [
            10,
            7
        ],
        [
            1,
            4
        ],
        [
            4,
            1
        ],
        [
            1,
            16
        ],
        [
            16,
            1
        ],
        [
            8,
            2
        ],
        [
            2,
            8
        ],
        [
            15,
            12
        ],
        [
            12,
            15
        ],
        [
            2,
            12
        ],
        [
            12,
            2
        ],
        [
            8,
            12
        ],
        [
            12,
            8
        ],
        [
            2,
            15
        ],
        [
            15,
            2
        ],
        [
            5,
            9
        ],
        [
            9,
            5
        ],
        [
            0,
            0
        ],
        [
            1,
            1
        ],
        [
            2,
            2
        ],
        [
            3,
            3
        ],
        [
            4,
            4
        ],
        [
            5,
            5
        ],
        [
            6,
            6
        ],
        [
            7,
            7
        ],
        [
            8,
            8
        ],
        [
            9,
            9
        ],
        [
            10,
            10
        ],
        [
            11,
            11
        ],
        [
            12,
            12
        ],
        [
            13,
            13
        ],
        [
            14,
            14
        ],
        [
            15,
            15
        ],
        [
            16,
            16
        ]
    ],
    "similarity": 0.69
}