{
    "coords": [
        [
            48.3474758360949,
            67.71122225343377
        ],
        [
            19.44569700871882,
            32.400601945933424
        ],
        [
            68.6649160102793,
            29.145469379343535
        ],
        [
            18.7825111259231,
            64.63479648549219
        ],
        [
            70.9105949794805,
            68.57516658512824
        ],
        [
            77.39696926150543,
            38.10026974328106
        ],
        [
            74.63724914192515,
            56.90909692796795
        ],
        [
            90.2761637933893,
            46.862721481938316
        ],
        [
            22.576197830816493,
            47.5420703071216
        ],
        [
            67.11620791269041,
            44.0774046076462
        ],
        [
            44.31848245984081,
            26.487033012440065
        ]
    ],
    "edges": [
        [
            1,
            2
        ],
        [
            2,
            1
        ],
        [
            1,
            3
        ],
        [
            3,
            1
        ],
        [
            2,
            4
        ],
        [
            4,
            2
        ],
        [
            3,
            4
        ],
        [
            4,
            3
        ],
        [
            8,
            9
        ],
        [
            9,
            8
        ],
        [
            10,
            0
        ],
        [
            0,
            10
        ],
        [
            1,
            4
        ],
        [
            4,
            1
        ],
        [
            3,
            2
        ],
        [
            2,
            3
        ],
        [
            2,
            7
        ],
        [
            7,
            2
        ],
        [
            4,
            7
        ],
        [
            7,
            4
        ],
        [
            9,
            7
        ],
        [
            7,
            9
        ],
        [
            5,
            6
        ],
        [
            6,
            5
        ],
        [
            0,
            0
        ],
        [
            1,
            1
        ],
        [
            2,
            2
        ],
        [
            3,
            3
        ],
        [
            4,
            4
        ],
        [
            5,
            5
        ],
        [
            6,
            6
        ],
        [
            7,
            7
        ],
        [
            8,
            8
        ],
        [
            9,
            9
        ],
        [
            10,
            10
        ]
    ],
    "similarity": 0.22
}