{
    "coords": [
        [
            46.274870736687845,
            63.080402058954576
        ],
        [
            42.10007959624687,
            22.82860037086774
        ],
        [
            18.896323326553592,
            27.576619836484557
        ],
        [
            68.97667348385126,
            28.975697792829838
        ],
        [
            23.058460869717294,
            64.33245145815997
        ],
        [
            68.89905215831766,
            66.26408428158128
        ],
        [
            74.42596679704195,
            34.53097381018813
        ],
        [
            18.82825305352125,
            40.256474346335864
        ],
        [
            19.1751509649413,
            55.9612838101014
        ],
        [
            78.49870273428758,
            60.69935326404374
        ],
        [
            89.18860955079005,
            48.447076484414296
        ],
        [
            29.951782465606463,
            55.819826652705515
        ],
        [
            22.290508007028095,
            49.95663147945092
        ],
        [
            67.08697520919495,
            44.41475490792774
        ],
        [
            30.90054937094108,
            39.78891274412113
        ],
        [
            48.13852546128112,
            32.662295925700754
        ]
    ],
    "edges": [
        [
            2,
            3
        ],
        [
            3,
            2
        ],
        [
            2,
            4
        ],
        [
            4,
            2
        ],
        [
            3,
            5
        ],
        [
            5,
            3
        ],
        [
            4,
            5
        ],
        [
            5,
            4
        ],
        [
            12,
            13
        ],
        [
            13,
            12
        ],
        [
            15,
            0
        ],
        [
            0,
            15
        ],
        [
            2,
            5
        ],
        [
            5,
            2
        ],
        [
            4,
            3
        ],
        [
            3,
            4
        ],
        [
            3,
            10
        ],
        [
            10,
            3
        ],
        [
            5,
            10
        ],
        [
            10,
            5
        ],
        [
            13,
            10
        ],
        [
            10,
            13
        ],
        [
            6,
            9
        ],
        [
            9,
            6
        ],
        [
            1,
            3
        ],
        [
            3,
            1
        ],
        [
            1,
            15
        ],
        [
            15,
            1
        ],
        [
            7,
            14
        ],
        [
            14,
            7
        ],
        [
            8,
            11
        ],
        [
            11,
            8
        ],
        [
            0,
            0
        ],
        [
            1,
            1
        ],
        [
            2,
            2
        ],
        [
            3,
            3
        ],
        [
            4,
            4
        ],
        [
            5,
            5
        ],
        [
            6,
            6
        ],
        [
            7,
            7
        ],
        [
            8,
            8
        ],
        [
            9,
            9
        ],
        [
            10,
            10
        ],
        [
            11,
            11
        ],
        [
            12,
            12
        ],
        [
            13,
            13
        ],
        [
            14,
            14
        ],
        [
            15,
            15
        ]
    ],
    "similarity": 0.34
}