{
    "coords": [
        [
            19.336960873713394,
            38.67814406874783
        ],
        [
            19.362782313987157,
            74.57993431400918
        ],
        [
            76.85687393120212,
            33.523043098209385
        ],
        [
            75.51966361464319,
            59.02251972699257
        ],
        [
            89.72596350424641,
            47.18564285827495
        ],
        [
            29.42696593988664,
            71.15030434385666
        ],
        [
            19.505091354435898,
            47.443471459460284
        ],
        [
            44.1903958511105,
            65.91306712767276
        ],
        [
            70.62374637308112,
            31.467860317733468
        ],
        [
            19.98722697197222,
            56.68558678979756
        ],
        [
            31.87844469416516,
            55.64901771872343
        ],
        [
            31.32055930372062,
            38.195232798277424
        ],
        [
            25.36395177200197,
            33.39836063252765
        ],
        [
            59.17549785333242,
            72.29402361605176
        ],
        [
            31.48268881533241,
            66.30091613827395
        ],
        [
            46.93658906818343,
            34.529780675646016
        ],
        [
            21.18035457128874,
            29.41786673529598
        ],
        [
            71.66325004292418,
            64.76872099728747
        ],
        [
            29.830280554507898,
            74.92835952247711
        ],
        [
            45.88265199375692,
            20.480340907478237
        ],
        [
            18.312604252930612,
            63.8598119690127
        ],
        [
            58.17018146876863,
            67.64616588196868
        ],
        [
            44.04571926458728,
            69.8128194427985
        ],
        [
            65.15796226991226,
            71.84178154906724
        ],
        [
            70.78566582745962,
            47.37166161352188
        ],
        [
            46.70123485006796,
            29.397148056668648
        ]
    ],
    "edges": [
        [
            16,
            8
        ],
        [
            8,
            16
        ],
        [
            16,
            20
        ],
        [
            20,
            16
        ],
        [
            8,
            17
        ],
        [
            17,
            8
        ],
        [
            20,
            17
        ],
        [
            17,
            20
        ],
        [
            6,
            24
        ],
        [
            24,
            6
        ],
        [
            25,
            7
        ],
        [
            7,
            25
        ],
        [
            16,
            17
        ],
        [
            17,
            16
        ],
        [
            20,
            8
        ],
        [
            8,
            20
        ],
        [
            8,
            4
        ],
        [
            4,
            8
        ],
        [
            17,
            4
        ],
        [
            4,
            17
        ],
        [
            24,
            4
        ],
        [
            4,
            24
        ],
        [
            2,
            3
        ],
        [
            3,
            2
        ],
        [
            19,
            8
        ],
        [
            8,
            19
        ],
        [
            19,
            25
        ],
        [
            25,
            19
        ],
        [
            0,
            11
        ],
        [
            11,
            0
        ],
        [
            9,
            10
        ],
        [
            10,
            9
        ],
        [
            11,
            10
        ],
        [
            10,
            11
        ],
        [
            0,
            11
        ],
        [
            11,
            0
        ],
        [
            0,
            10
        ],
        [
            10,
            0
        ],
        [
            11,
            9
        ],
        [
            9,
            11
        ],
        [
            20,
            1
        ],
        [
            1,
            20
        ],
        [
            14,
            18
        ],
        [
            18,
            14
        ],
        [
            1,
            18
        ],
        [
            18,
            1
        ],
        [
            20,
            18
        ],
        [
            18,
            20
        ],
        [
            22,
            7
        ],
        [
            7,
            22
        ],
        [
            5,
            23
        ],
        [
            23,
            5
        ],
        [
            21,
            13
        ],
        [
            13,
            21
        ],
        [
            12,
            15
        ],
        [
            15,
            12
        ],
        [
            0,
            0
        ],
        [
            1,
            1
        ],
        [
            2,
            2
        ],
        [
            3,
            3
        ],
        [
            4,
            4
        ],
        [
            5,
            5
        ],
        [
            6,
            6
        ],
        [
            7,
            7
        ],
        [
            8,
            8
        ],
        [
            9,
            9
        ],
        [
            10,
            10
        ],
        [
            11,
            11
        ],
        [
            12,
            12
        ],
        [
            13,
            13
        ],
        [
            14,
            14
        ],
        [
            15,
            15
        ],
        [
            16,
            16
        ],
        [
            17,
            17
        ],
        [
            18,
            18
        ],
        [
            19,
            19
        ],
        [
            20,
            20
        ],
        [
            21,
            21
        ],
        [
            22,
            22
        ],
        [
            23,
            23
        ],
        [
            24,
            24
        ],
        [
            25,
            25
        ]
    ],
    "similarity": 0.61
}