{
    "coords": [
        [
            41.321412760617854,
            67.59168134958018
        ],
        [
            24.084157765731746,
            33.421871819989526
        ],
        [
            67.26499012959009,
            26.26520609569349
        ],
        [
            23.368869415214157,
            66.92246019847101
        ],
        [
            73.69699356449078,
            63.204549387571205
        ],
        [
            21.003040902671138,
            49.739095477518035
        ],
        [
            73.68689972586876,
            46.427492534771325
        ],
        [
            43.362394366595446,
            30.48118832766062
        ]
    ],
    "edges": [
        [
            1,
            2
        ],
        [
            2,
            1
        ],
        [
            1,
            3
        ],
        [
            3,
            1
        ],
        [
            2,
            4
        ],
        [
            4,
            2
        ],
        [
            3,
            4
        ],
        [
            4,
            3
        ],
        [
            5,
            6
        ],
        [
            6,
            5
        ],
        [
            7,
            0
        ],
        [
            0,
            7
        ],
        [
            1,
            4
        ],
        [
            4,
            1
        ],
        [
            3,
            2
        ],
        [
            2,
            3
        ],
        [
            0,
            0
        ],
        [
            1,
            1
        ],
        [
            2,
            2
        ],
        [
            3,
            3
        ],
        [
            4,
            4
        ],
        [
            5,
            5
        ],
        [
            6,
            6
        ],
        [
            7,
            7
        ]
    ],
    "similarity": 0.13
}