{
    "coords": [
        [
            45.59135691788723,
            37.423731381712784
        ],
        [
            21.175280180878403,
            37.87934178226973
        ],
        [
            20.10024489203316,
            76.65059669166087
        ],
        [
            35.6451063054719,
            39.714338918404756
        ],
        [
            74.57948084968969,
            35.297305586844615
        ],
        [
            75.1042681151646,
            60.83740110098954
        ],
        [
            88.40668997908709,
            48.44896514611407
        ],
        [
            31.179834603456847,
            69.12332953704099
        ],
        [
            20.986060540399556,
            47.79535825423176
        ],
        [
            43.28177673488588,
            64.46141996507208
        ],
        [
            28.706309698034914,
            35.564313903822544
        ],
        [
            71.33314787516049,
            30.071839860778667
        ],
        [
            18.952191957299092,
            55.361818927956186
        ],
        [
            33.30943155948669,
            56.96125194260472
        ],
        [
            24.094095883291857,
            34.03863814893842
        ],
        [
            60.05625334279644,
            73.37218172752303
        ],
        [
            30.91545996489868,
            64.84590033880254
        ],
        [
            44.35699600560678,
            34.86503052365104
        ],
        [
            18.589463810191987,
            28.670878786974807
        ],
        [
            69.30029372708978,
            65.02706203588095
        ],
        [
            46.74542487465518,
            41.15793560668596
        ],
        [
            28.567207588150026,
            76.23163886200865
        ],
        [
            43.98210113146784,
            21.27024484502421
        ],
        [
            20.947949675191268,
            64.03601979652784
        ],
        [
            58.56446844523236,
            68.39445292077552
        ],
        [
            43.93660688309087,
            68.51854867015557
        ],
        [
            63.5509981512953,
            71.00337672238865
        ],
        [
            70.53576798260521,
            48.09117266521549
        ],
        [
            43.98630329956564,
            30.822704496467786
        ]
    ],
    "edges": [
        [
            18,
            11
        ],
        [
            11,
            18
        ],
        [
            18,
            23
        ],
        [
            23,
            18
        ],
        [
            11,
            19
        ],
        [
            19,
            11
        ],
        [
            23,
            19
        ],
        [
            19,
            23
        ],
        [
            8,
            27
        ],
        [
            27,
            8
        ],
        [
            28,
            9
        ],
        [
            9,
            28
        ],
        [
            18,
            19
        ],
        [
            19,
            18
        ],
        [
            23,
            11
        ],
        [
            11,
            23
        ],
        [
            11,
            6
        ],
        [
            6,
            11
        ],
        [
            19,
            6
        ],
        [
            6,
            19
        ],
        [
            27,
            6
        ],
        [
            6,
            27
        ],
        [
            4,
            5
        ],
        [
            5,
            4
        ],
        [
            22,
            11
        ],
        [
            11,
            22
        ],
        [
            22,
            28
        ],
        [
            28,
            22
        ],
        [
            1,
            3
        ],
        [
            3,
            1
        ],
        [
            12,
            13
        ],
        [
            13,
            12
        ],
        [
            3,
            13
        ],
        [
            13,
            3
        ],
        [
            1,
            10
        ],
        [
            10,
            1
        ],
        [
            1,
            13
        ],
        [
            13,
            1
        ],
        [
            3,
            12
        ],
        [
            12,
            3
        ],
        [
            23,
            2
        ],
        [
            2,
            23
        ],
        [
            16,
            21
        ],
        [
            21,
            16
        ],
        [
            2,
            21
        ],
        [
            21,
            2
        ],
        [
            23,
            21
        ],
        [
            21,
            23
        ],
        [
            25,
            9
        ],
        [
            9,
            25
        ],
        [
            7,
            26
        ],
        [
            26,
            7
        ],
        [
            24,
            15
        ],
        [
            15,
            24
        ],
        [
            14,
            17
        ],
        [
            17,
            14
        ],
        [
            10,
            0
        ],
        [
            0,
            10
        ],
        [
            3,
            20
        ],
        [
            20,
            3
        ],
        [
            0,
            0
        ],
        [
            1,
            1
        ],
        [
            2,
            2
        ],
        [
            3,
            3
        ],
        [
            4,
            4
        ],
        [
            5,
            5
        ],
        [
            6,
            6
        ],
        [
            7,
            7
        ],
        [
            8,
            8
        ],
        [
            9,
            9
        ],
        [
            10,
            10
        ],
        [
            11,
            11
        ],
        [
            12,
            12
        ],
        [
            13,
            13
        ],
        [
            14,
            14
        ],
        [
            15,
            15
        ],
        [
            16,
            16
        ],
        [
            17,
            17
        ],
        [
            18,
            18
        ],
        [
            19,
            19
        ],
        [
            20,
            20
        ],
        [
            21,
            21
        ],
        [
            22,
            22
        ],
        [
            23,
            23
        ],
        [
            24,
            24
        ],
        [
            25,
            25
        ],
        [
            26,
            26
        ],
        [
            27,
            27
        ],
        [
            28,
            28
        ]
    ],
    "similarity": 0.65
}