{
    "coords": [
        [
            18.333086491531567,
            39.409938109082525
        ],
        [
            18.423159682367352,
            74.97711760635329
        ],
        [
            75.71170696302688,
            36.93580240680471
        ],
        [
            75.20500906858435,
            59.01581920313143
        ],
        [
            87.64081128821007,
            46.83065025330426
        ],
        [
            21.485170193381705,
            49.17020807142308
        ],
        [
            43.771526014805225,
            64.65407836119361
        ],
        [
            68.01334864658382,
            28.05305920816133
        ],
        [
            18.776729313577192,
            57.579144201575104
        ],
        [
            34.19729430345297,
            56.6508815139658
        ],
        [
            31.051759186242805,
            40.228215753828856
        ],
        [
            31.29313943957844,
            65.51149702396995
        ],
        [
            18.20280775461628,
            28.6878265899028
        ],
        [
            70.05692294467042,
            63.58617241885247
        ],
        [
            29.98701923868568,
            75.0797046866587
        ],
        [
            42.8278166754875,
            20.627594394138164
        ],
        [
            20.48757842010189,
            63.23730310125026
        ],
        [
            70.40820595801607,
            49.03923610504153
        ],
        [
            45.90780976201414,
            30.284054496473686
        ]
    ],
    "edges": [
        [
            12,
            7
        ],
        [
            7,
            12
        ],
        [
            12,
            16
        ],
        [
            16,
            12
        ],
        [
            7,
            13
        ],
        [
            13,
            7
        ],
        [
            16,
            13
        ],
        [
            13,
            16
        ],
        [
            5,
            17
        ],
        [
            17,
            5
        ],
        [
            18,
            6
        ],
        [
            6,
            18
        ],
        [
            12,
            13
        ],
        [
            13,
            12
        ],
        [
            16,
            7
        ],
        [
            7,
            16
        ],
        [
            7,
            4
        ],
        [
            4,
            7
        ],
        [
            13,
            4
        ],
        [
            4,
            13
        ],
        [
            17,
            4
        ],
        [
            4,
            17
        ],
        [
            2,
            3
        ],
        [
            3,
            2
        ],
        [
            15,
            7
        ],
        [
            7,
            15
        ],
        [
            15,
            18
        ],
        [
            18,
            15
        ],
        [
            0,
            10
        ],
        [
            10,
            0
        ],
        [
            8,
            9
        ],
        [
            9,
            8
        ],
        [
            10,
            9
        ],
        [
            9,
            10
        ],
        [
            0,
            10
        ],
        [
            10,
            0
        ],
        [
            0,
            9
        ],
        [
            9,
            0
        ],
        [
            10,
            8
        ],
        [
            8,
            10
        ],
        [
            16,
            1
        ],
        [
            1,
            16
        ],
        [
            11,
            14
        ],
        [
            14,
            11
        ],
        [
            1,
            14
        ],
        [
            14,
            1
        ],
        [
            16,
            14
        ],
        [
            14,
            16
        ],
        [
            0,
            0
        ],
        [
            1,
            1
        ],
        [
            2,
            2
        ],
        [
            3,
            3
        ],
        [
            4,
            4
        ],
        [
            5,
            5
        ],
        [
            6,
            6
        ],
        [
            7,
            7
        ],
        [
            8,
            8
        ],
        [
            9,
            9
        ],
        [
            10,
            10
        ],
        [
            11,
            11
        ],
        [
            12,
            12
        ],
        [
            13,
            13
        ],
        [
            14,
            14
        ],
        [
            15,
            15
        ],
        [
            16,
            16
        ],
        [
            17,
            17
        ],
        [
            18,
            18
        ]
    ],
    "similarity": 0.52
}