{
    "coords": [
        [
            45.64895958205565,
            64.46061743385002
        ],
        [
            42.00058989240469,
            21.934079999466235
        ],
        [
            22.354586230540374,
            30.142450092395922
        ],
        [
            68.78680262587172,
            30.460670907971696
        ],
        [
            18.532584857097333,
            66.9070782437727
        ],
        [
            68.01197874134498,
            65.92310841159534
        ],
        [
            75.07035692894105,
            34.685587040364396
        ],
        [
            75.03488754543565,
            62.3093322964562
        ],
        [
            87.10052833233088,
            49.91036103739459
        ],
        [
            21.978130641891344,
            47.355237940745006
        ],
        [
            68.48101214050165,
            48.10293287396709
        ],
        [
            45.62995276494824,
            30.748128493373933
        ]
    ],
    "edges": [
        [
            2,
            3
        ],
        [
            3,
            2
        ],
        [
            2,
            4
        ],
        [
            4,
            2
        ],
        [
            3,
            5
        ],
        [
            5,
            3
        ],
        [
            4,
            5
        ],
        [
            5,
            4
        ],
        [
            9,
            10
        ],
        [
            10,
            9
        ],
        [
            11,
            0
        ],
        [
            0,
            11
        ],
        [
            2,
            5
        ],
        [
            5,
            2
        ],
        [
            4,
            3
        ],
        [
            3,
            4
        ],
        [
            3,
            8
        ],
        [
            8,
            3
        ],
        [
            5,
            8
        ],
        [
            8,
            5
        ],
        [
            10,
            8
        ],
        [
            8,
            10
        ],
        [
            6,
            7
        ],
        [
            7,
            6
        ],
        [
            1,
            3
        ],
        [
            3,
            1
        ],
        [
            1,
            11
        ],
        [
            11,
            1
        ],
        [
            0,
            0
        ],
        [
            1,
            1
        ],
        [
            2,
            2
        ],
        [
            3,
            3
        ],
        [
            4,
            4
        ],
        [
            5,
            5
        ],
        [
            6,
            6
        ],
        [
            7,
            7
        ],
        [
            8,
            8
        ],
        [
            9,
            9
        ],
        [
            10,
            10
        ],
        [
            11,
            11
        ]
    ],
    "similarity": 0.32
}