{
    "coords": [
        [
            19.967040500316415,
            75.0332946832035
        ],
        [
            75.52998693596834,
            35.04156127667931
        ],
        [
            75.53157200419686,
            59.97686822017722
        ],
        [
            89.98305810688687,
            47.46434612515234
        ],
        [
            29.97878730325434,
            70.01218311274273
        ],
        [
            20.01131718845631,
            47.51375382273608
        ],
        [
            45.03041929977344,
            65.04446610898223
        ],
        [
            29.978752141516043,
            36.985252279091554
        ],
        [
            70.043418782946,
            29.985648512564328
        ],
        [
            29.99441998486125,
            58.03673674087597
        ],
        [
            59.978250593416185,
            72.53474766685781
        ],
        [
            29.973961803423247,
            65.04470643135141
        ],
        [
            20.04149915864811,
            29.978218449438746
        ],
        [
            69.96156431782248,
            64.97534041910491
        ],
        [
            20.049284127793356,
            37.00033169464893
        ],
        [
            29.954789204120548,
            74.97252833593814
        ],
        [
            20.003513794721535,
            58.006536249798856
        ],
        [
            45.030133731349444,
            19.990641593882017
        ],
        [
            20.025153233790107,
            65.02435689393234
        ],
        [
            59.95346920777176,
            67.53045285311806
        ],
        [
            44.984155051736636,
            69.97319849104805
        ],
        [
            65.04311981898141,
            69.97201255755157
        ],
        [
            69.98218472534892,
            47.49176883987679
        ],
        [
            44.98561209317879,
            29.96805253555839
        ]
    ],
    "edges": [
        [
            12,
            8
        ],
        [
            8,
            12
        ],
        [
            12,
            18
        ],
        [
            18,
            12
        ],
        [
            8,
            13
        ],
        [
            13,
            8
        ],
        [
            18,
            13
        ],
        [
            13,
            18
        ],
        [
            5,
            22
        ],
        [
            22,
            5
        ],
        [
            23,
            6
        ],
        [
            6,
            23
        ],
        [
            12,
            13
        ],
        [
            13,
            12
        ],
        [
            18,
            8
        ],
        [
            8,
            18
        ],
        [
            8,
            3
        ],
        [
            3,
            8
        ],
        [
            13,
            3
        ],
        [
            3,
            13
        ],
        [
            22,
            3
        ],
        [
            3,
            22
        ],
        [
            1,
            2
        ],
        [
            2,
            1
        ],
        [
            17,
            8
        ],
        [
            8,
            17
        ],
        [
            17,
            23
        ],
        [
            23,
            17
        ],
        [
            14,
            7
        ],
        [
            7,
            14
        ],
        [
            16,
            9
        ],
        [
            9,
            16
        ],
        [
            7,
            9
        ],
        [
            9,
            7
        ],
        [
            14,
            9
        ],
        [
            9,
            14
        ],
        [
            7,
            16
        ],
        [
            16,
            7
        ],
        [
            18,
            0
        ],
        [
            0,
            18
        ],
        [
            11,
            15
        ],
        [
            15,
            11
        ],
        [
            0,
            15
        ],
        [
            15,
            0
        ],
        [
            18,
            15
        ],
        [
            15,
            18
        ],
        [
            20,
            6
        ],
        [
            6,
            20
        ],
        [
            4,
            21
        ],
        [
            21,
            4
        ],
        [
            19,
            10
        ],
        [
            10,
            19
        ],
        [
            0,
            0
        ],
        [
            1,
            1
        ],
        [
            2,
            2
        ],
        [
            3,
            3
        ],
        [
            4,
            4
        ],
        [
            5,
            5
        ],
        [
            6,
            6
        ],
        [
            7,
            7
        ],
        [
            8,
            8
        ],
        [
            9,
            9
        ],
        [
            10,
            10
        ],
        [
            11,
            11
        ],
        [
            12,
            12
        ],
        [
            13,
            13
        ],
        [
            14,
            14
        ],
        [
            15,
            15
        ],
        [
            16,
            16
        ],
        [
            17,
            17
        ],
        [
            18,
            18
        ],
        [
            19,
            19
        ],
        [
            20,
            20
        ],
        [
            21,
            21
        ],
        [
            22,
            22
        ],
        [
            23,
            23
        ]
    ],
    "similarity": 0.99
}