{
    "coords": [
        [
            21.003991242169388,
            62.70028114095535
        ],
        [
            71.32025280036896,
            63.90170774605648
        ],
        [
            24.001341383723847,
            30.77440444610466
        ],
        [
            69.35382571653788,
            30.170443952848164
        ]
    ],
    "edges": [
        [
            2,
            3
        ],
        [
            3,
            2
        ],
        [
            2,
            0
        ],
        [
            0,
            2
        ],
        [
            3,
            1
        ],
        [
            1,
            3
        ],
        [
            0,
            1
        ],
        [
            1,
            0
        ],
        [
            0,
            0
        ],
        [
            1,
            1
        ],
        [
            2,
            2
        ],
        [
            3,
            3
        ]
    ],
    "similarity": 0.02
}