{
    "coords": [
        [
            44.19476613550363,
            68.47743389993553
        ],
        [
            22.61160630691572,
            30.122543539158762
        ],
        [
            70.93611914106422,
            28.573904260606334
        ],
        [
            19.73264904190536,
            66.06000265882095
        ],
        [
            71.2641876486268,
            66.66081629091099
        ],
        [
            94.44705289015504,
            49.68715271790013
        ],
        [
            21.186060686181783,
            45.60029559817581
        ],
        [
            70.53419672777767,
            46.489242210026006
        ],
        [
            42.68637289243904,
            30.168825756509456
        ]
    ],
    "edges": [
        [
            1,
            2
        ],
        [
            2,
            1
        ],
        [
            1,
            3
        ],
        [
            3,
            1
        ],
        [
            2,
            4
        ],
        [
            4,
            2
        ],
        [
            3,
            4
        ],
        [
            4,
            3
        ],
        [
            6,
            7
        ],
        [
            7,
            6
        ],
        [
            8,
            0
        ],
        [
            0,
            8
        ],
        [
            1,
            4
        ],
        [
            4,
            1
        ],
        [
            3,
            2
        ],
        [
            2,
            3
        ],
        [
            2,
            5
        ],
        [
            5,
            2
        ],
        [
            0,
            0
        ],
        [
            1,
            1
        ],
        [
            2,
            2
        ],
        [
            3,
            3
        ],
        [
            4,
            4
        ],
        [
            5,
            5
        ],
        [
            6,
            6
        ],
        [
            7,
            7
        ],
        [
            8,
            8
        ]
    ],
    "similarity": 0.1
}