{
    "coords": [
        [
            46.10542229253384,
            36.41220156286649
        ],
        [
            19.741217720250937,
            38.69206034208019
        ],
        [
            19.81824661404837,
            75.86757649035367
        ],
        [
            35.3054549386165,
            40.051852933194
        ],
        [
            76.83519547561485,
            35.45447718161339
        ],
        [
            77.24183466601107,
            59.66688093847755
        ],
        [
            90.73424534925641,
            47.83812742998043
        ],
        [
            31.386114047883357,
            68.21750899727166
        ],
        [
            20.705237835477703,
            47.558862071788326
        ],
        [
            43.29097978652416,
            64.04852091806661
        ],
        [
            29.341082340715655,
            36.404739270295856
        ],
        [
            70.93370080079347,
            30.293622492842108
        ],
        [
            18.738146321511707,
            56.431896877520856
        ],
        [
            33.611964114396926,
            56.55690087013025
        ],
        [
            23.468796070774072,
            33.769599549805854
        ],
        [
            59.99906641671218,
            71.9262429293708
        ],
        [
            30.114119051150467,
            63.356927857702054
        ],
        [
            44.154561936265424,
            35.13440780148236
        ],
        [
            20.658784496824286,
            29.769935477909847
        ],
        [
            69.34134912729044,
            66.5274004494081
        ],
        [
            44.20457566124302,
            39.28337465573122
        ],
        [
            30.732951083124288,
            76.02904122665225
        ],
        [
            46.05079328490504,
            19.51175540651378
        ],
        [
            21.088010073747633,
            63.551450199494326
        ],
        [
            60.6847432552479,
            68.90739747236479
        ],
        [
            44.52505859077095,
            70.16346269544161
        ],
        [
            65.93692701783466,
            68.984723059072
        ],
        [
            71.49447743381738,
            47.080569694893754
        ],
        [
            44.76230580060329,
            31.036850040182387
        ]
    ],
    "edges": [
        [
            18,
            11
        ],
        [
            11,
            18
        ],
        [
            18,
            23
        ],
        [
            23,
            18
        ],
        [
            11,
            19
        ],
        [
            19,
            11
        ],
        [
            23,
            19
        ],
        [
            19,
            23
        ],
        [
            8,
            27
        ],
        [
            27,
            8
        ],
        [
            28,
            9
        ],
        [
            9,
            28
        ],
        [
            18,
            19
        ],
        [
            19,
            18
        ],
        [
            23,
            11
        ],
        [
            11,
            23
        ],
        [
            11,
            6
        ],
        [
            6,
            11
        ],
        [
            19,
            6
        ],
        [
            6,
            19
        ],
        [
            27,
            6
        ],
        [
            6,
            27
        ],
        [
            4,
            5
        ],
        [
            5,
            4
        ],
        [
            22,
            11
        ],
        [
            11,
            22
        ],
        [
            22,
            28
        ],
        [
            28,
            22
        ],
        [
            1,
            3
        ],
        [
            3,
            1
        ],
        [
            12,
            13
        ],
        [
            13,
            12
        ],
        [
            3,
            13
        ],
        [
            13,
            3
        ],
        [
            1,
            10
        ],
        [
            10,
            1
        ],
        [
            1,
            13
        ],
        [
            13,
            1
        ],
        [
            3,
            12
        ],
        [
            12,
            3
        ],
        [
            23,
            2
        ],
        [
            2,
            23
        ],
        [
            16,
            21
        ],
        [
            21,
            16
        ],
        [
            2,
            21
        ],
        [
            21,
            2
        ],
        [
            23,
            21
        ],
        [
            21,
            23
        ],
        [
            25,
            9
        ],
        [
            9,
            25
        ],
        [
            7,
            26
        ],
        [
            26,
            7
        ],
        [
            24,
            15
        ],
        [
            15,
            24
        ],
        [
            14,
            17
        ],
        [
            17,
            14
        ],
        [
            10,
            0
        ],
        [
            0,
            10
        ],
        [
            3,
            20
        ],
        [
            20,
            3
        ],
        [
            0,
            0
        ],
        [
            1,
            1
        ],
        [
            2,
            2
        ],
        [
            3,
            3
        ],
        [
            4,
            4
        ],
        [
            5,
            5
        ],
        [
            6,
            6
        ],
        [
            7,
            7
        ],
        [
            8,
            8
        ],
        [
            9,
            9
        ],
        [
            10,
            10
        ],
        [
            11,
            11
        ],
        [
            12,
            12
        ],
        [
            13,
            13
        ],
        [
            14,
            14
        ],
        [
            15,
            15
        ],
        [
            16,
            16
        ],
        [
            17,
            17
        ],
        [
            18,
            18
        ],
        [
            19,
            19
        ],
        [
            20,
            20
        ],
        [
            21,
            21
        ],
        [
            22,
            22
        ],
        [
            23,
            23
        ],
        [
            24,
            24
        ],
        [
            25,
            25
        ],
        [
            26,
            26
        ],
        [
            27,
            27
        ],
        [
            28,
            28
        ]
    ],
    "similarity": 0.64
}