{
    "coords": [
        [
            20.545111655483574,
            63.97908084582877
        ],
        [
            66.02217710291424,
            66.59331836327476
        ],
        [
            16.30101164615756,
            28.470274237181446
        ],
        [
            70.38490338805889,
            27.366158155406943
        ]
    ],
    "edges": [
        [
            2,
            3
        ],
        [
            3,
            2
        ],
        [
            2,
            0
        ],
        [
            0,
            2
        ],
        [
            3,
            1
        ],
        [
            1,
            3
        ],
        [
            0,
            1
        ],
        [
            1,
            0
        ],
        [
            0,
            0
        ],
        [
            1,
            1
        ],
        [
            2,
            2
        ],
        [
            3,
            3
        ]
    ],
    "similarity": 0.1
}