{
    "coords": [
        [
            45.186429429050825,
            35.38695800867602
        ],
        [
            20.080934841323735,
            36.94585070526208
        ],
        [
            18.722294897674217,
            76.06921822471622
        ],
        [
            35.60821525086624,
            38.960637945915146
        ],
        [
            75.01831866973387,
            35.38111054095458
        ],
        [
            74.12930315306366,
            61.47946878167015
        ],
        [
            89.8966797340426,
            48.697348335206925
        ],
        [
            31.36999724058426,
            69.51835349813338
        ],
        [
            19.83544012209182,
            49.18565079321739
        ],
        [
            44.33218959386638,
            66.23162141546001
        ],
        [
            31.263494413231726,
            38.80791697959948
        ],
        [
            69.38344633903637,
            29.546817073817017
        ],
        [
            21.292257798638683,
            57.148435099651756
        ],
        [
            33.663080154704765,
            57.077604077799926
        ],
        [
            26.3229714704636,
            35.155241121532356
        ],
        [
            59.480793269764845,
            72.42747768021825
        ],
        [
            30.701237894100093,
            63.36572979278477
        ],
        [
            44.29774720850451,
            33.05992929785299
        ],
        [
            19.525850342295755,
            30.21277843859126
        ],
        [
            69.72658158101245,
            64.08110489698929
        ],
        [
            44.07941719407139,
            41.12940266125752
        ],
        [
            30.523207191121145,
            76.3285704012122
        ],
        [
            46.1328429155551,
            20.3607300264146
        ],
        [
            18.74163266720088,
            66.3562329016899
        ],
        [
            60.189571202360604,
            68.30279116337684
        ],
        [
            44.09488569840246,
            68.4616470565816
        ],
        [
            65.11255949828302,
            70.9013755910432
        ],
        [
            71.12283655334775,
            48.15235535435741
        ],
        [
            46.30360582720346,
            30.658460705190592
        ]
    ],
    "edges": [
        [
            18,
            11
        ],
        [
            11,
            18
        ],
        [
            18,
            23
        ],
        [
            23,
            18
        ],
        [
            11,
            19
        ],
        [
            19,
            11
        ],
        [
            23,
            19
        ],
        [
            19,
            23
        ],
        [
            8,
            27
        ],
        [
            27,
            8
        ],
        [
            28,
            9
        ],
        [
            9,
            28
        ],
        [
            18,
            19
        ],
        [
            19,
            18
        ],
        [
            23,
            11
        ],
        [
            11,
            23
        ],
        [
            11,
            6
        ],
        [
            6,
            11
        ],
        [
            19,
            6
        ],
        [
            6,
            19
        ],
        [
            27,
            6
        ],
        [
            6,
            27
        ],
        [
            4,
            5
        ],
        [
            5,
            4
        ],
        [
            22,
            11
        ],
        [
            11,
            22
        ],
        [
            22,
            28
        ],
        [
            28,
            22
        ],
        [
            1,
            3
        ],
        [
            3,
            1
        ],
        [
            12,
            13
        ],
        [
            13,
            12
        ],
        [
            3,
            13
        ],
        [
            13,
            3
        ],
        [
            1,
            10
        ],
        [
            10,
            1
        ],
        [
            1,
            13
        ],
        [
            13,
            1
        ],
        [
            3,
            12
        ],
        [
            12,
            3
        ],
        [
            23,
            2
        ],
        [
            2,
            23
        ],
        [
            16,
            21
        ],
        [
            21,
            16
        ],
        [
            2,
            21
        ],
        [
            21,
            2
        ],
        [
            23,
            21
        ],
        [
            21,
            23
        ],
        [
            25,
            9
        ],
        [
            9,
            25
        ],
        [
            7,
            26
        ],
        [
            26,
            7
        ],
        [
            24,
            15
        ],
        [
            15,
            24
        ],
        [
            14,
            17
        ],
        [
            17,
            14
        ],
        [
            10,
            0
        ],
        [
            0,
            10
        ],
        [
            3,
            20
        ],
        [
            20,
            3
        ],
        [
            0,
            0
        ],
        [
            1,
            1
        ],
        [
            2,
            2
        ],
        [
            3,
            3
        ],
        [
            4,
            4
        ],
        [
            5,
            5
        ],
        [
            6,
            6
        ],
        [
            7,
            7
        ],
        [
            8,
            8
        ],
        [
            9,
            9
        ],
        [
            10,
            10
        ],
        [
            11,
            11
        ],
        [
            12,
            12
        ],
        [
            13,
            13
        ],
        [
            14,
            14
        ],
        [
            15,
            15
        ],
        [
            16,
            16
        ],
        [
            17,
            17
        ],
        [
            18,
            18
        ],
        [
            19,
            19
        ],
        [
            20,
            20
        ],
        [
            21,
            21
        ],
        [
            22,
            22
        ],
        [
            23,
            23
        ],
        [
            24,
            24
        ],
        [
            25,
            25
        ],
        [
            26,
            26
        ],
        [
            27,
            27
        ],
        [
            28,
            28
        ]
    ],
    "similarity": 0.66
}