{
    "coords": [
        [
            44.551551788446076,
            61.97292653527304
        ],
        [
            22.666475389438222,
            31.32347291272607
        ],
        [
            71.24609160192301,
            29.423234597299025
        ],
        [
            20.993595119469333,
            62.91086419551405
        ],
        [
            68.25842129417059,
            68.74163129694024
        ],
        [
            18.79280977490013,
            50.93285215675209
        ],
        [
            72.35174908116497,
            45.34353755477373
        ],
        [
            42.87877815767005,
            28.630365322401172
        ]
    ],
    "edges": [
        [
            1,
            2
        ],
        [
            2,
            1
        ],
        [
            1,
            3
        ],
        [
            3,
            1
        ],
        [
            2,
            4
        ],
        [
            4,
            2
        ],
        [
            3,
            4
        ],
        [
            4,
            3
        ],
        [
            5,
            6
        ],
        [
            6,
            5
        ],
        [
            7,
            0
        ],
        [
            0,
            7
        ],
        [
            1,
            4
        ],
        [
            4,
            1
        ],
        [
            3,
            2
        ],
        [
            2,
            3
        ],
        [
            0,
            0
        ],
        [
            1,
            1
        ],
        [
            2,
            2
        ],
        [
            3,
            3
        ],
        [
            4,
            4
        ],
        [
            5,
            5
        ],
        [
            6,
            6
        ],
        [
            7,
            7
        ]
    ],
    "similarity": 0.19
}