{
    "coords": [
        [
            42.02846251247548,
            63.496724872454756
        ],
        [
            45.16212792562065,
            20.757406744906532
        ],
        [
            19.56089792236706,
            31.932092815106767
        ],
        [
            67.50282621595126,
            31.62551272661552
        ],
        [
            19.439859812021282,
            66.35054933638015
        ],
        [
            70.87357799807387,
            62.81675240198135
        ],
        [
            77.17937719731364,
            33.254652966538835
        ],
        [
            18.6586767945221,
            37.975841993072976
        ],
        [
            17.62847698630696,
            55.58926496462545
        ],
        [
            72.26636463126648,
            60.27575777787681
        ],
        [
            88.62956433016001,
            46.934379613574635
        ],
        [
            30.57586183666244,
            54.69614743408654
        ],
        [
            19.58283753596504,
            47.54973096696811
        ],
        [
            72.75891017284793,
            46.13108686582453
        ],
        [
            31.665297641404642,
            39.24474277476057
        ],
        [
            44.26422495782531,
            32.78702579250399
        ]
    ],
    "edges": [
        [
            2,
            3
        ],
        [
            3,
            2
        ],
        [
            2,
            4
        ],
        [
            4,
            2
        ],
        [
            3,
            5
        ],
        [
            5,
            3
        ],
        [
            4,
            5
        ],
        [
            5,
            4
        ],
        [
            12,
            13
        ],
        [
            13,
            12
        ],
        [
            15,
            0
        ],
        [
            0,
            15
        ],
        [
            2,
            5
        ],
        [
            5,
            2
        ],
        [
            4,
            3
        ],
        [
            3,
            4
        ],
        [
            3,
            10
        ],
        [
            10,
            3
        ],
        [
            5,
            10
        ],
        [
            10,
            5
        ],
        [
            13,
            10
        ],
        [
            10,
            13
        ],
        [
            6,
            9
        ],
        [
            9,
            6
        ],
        [
            1,
            3
        ],
        [
            3,
            1
        ],
        [
            1,
            15
        ],
        [
            15,
            1
        ],
        [
            7,
            14
        ],
        [
            14,
            7
        ],
        [
            8,
            11
        ],
        [
            11,
            8
        ],
        [
            0,
            0
        ],
        [
            1,
            1
        ],
        [
            2,
            2
        ],
        [
            3,
            3
        ],
        [
            4,
            4
        ],
        [
            5,
            5
        ],
        [
            6,
            6
        ],
        [
            7,
            7
        ],
        [
            8,
            8
        ],
        [
            9,
            9
        ],
        [
            10,
            10
        ],
        [
            11,
            11
        ],
        [
            12,
            12
        ],
        [
            13,
            13
        ],
        [
            14,
            14
        ],
        [
            15,
            15
        ]
    ],
    "similarity": 0.32
}