{
    "coords": [
        [
            44.85056371109388,
            64.03051772637828
        ],
        [
            47.26852152090184,
            23.213287722414822
        ],
        [
            22.378286249430474,
            28.513995335720047
        ],
        [
            69.43115016082042,
            28.535100754349582
        ],
        [
            20.82222585999456,
            66.5293218774894
        ],
        [
            68.6278483688892,
            63.62447124893909
        ],
        [
            78.00408534121965,
            34.731786141143814
        ],
        [
            20.458386316578306,
            36.0973083398126
        ],
        [
            22.261281734758768,
            55.13701156212693
        ],
        [
            74.1974008784985,
            59.86475693433835
        ],
        [
            88.45006703777162,
            49.34926637804176
        ],
        [
            33.632640006692476,
            59.346336068679086
        ],
        [
            17.766057962256333,
            48.07544595026073
        ],
        [
            66.97569200162032,
            49.3235744343278
        ],
        [
            34.85825306176773,
            41.42884049061602
        ],
        [
            45.172520776694,
            28.423097786420104
        ]
    ],
    "edges": [
        [
            2,
            3
        ],
        [
            3,
            2
        ],
        [
            2,
            4
        ],
        [
            4,
            2
        ],
        [
            3,
            5
        ],
        [
            5,
            3
        ],
        [
            4,
            5
        ],
        [
            5,
            4
        ],
        [
            12,
            13
        ],
        [
            13,
            12
        ],
        [
            15,
            0
        ],
        [
            0,
            15
        ],
        [
            2,
            5
        ],
        [
            5,
            2
        ],
        [
            4,
            3
        ],
        [
            3,
            4
        ],
        [
            3,
            10
        ],
        [
            10,
            3
        ],
        [
            5,
            10
        ],
        [
            10,
            5
        ],
        [
            13,
            10
        ],
        [
            10,
            13
        ],
        [
            6,
            9
        ],
        [
            9,
            6
        ],
        [
            1,
            3
        ],
        [
            3,
            1
        ],
        [
            1,
            15
        ],
        [
            15,
            1
        ],
        [
            7,
            14
        ],
        [
            14,
            7
        ],
        [
            8,
            11
        ],
        [
            11,
            8
        ],
        [
            0,
            0
        ],
        [
            1,
            1
        ],
        [
            2,
            2
        ],
        [
            3,
            3
        ],
        [
            4,
            4
        ],
        [
            5,
            5
        ],
        [
            6,
            6
        ],
        [
            7,
            7
        ],
        [
            8,
            8
        ],
        [
            9,
            9
        ],
        [
            10,
            10
        ],
        [
            11,
            11
        ],
        [
            12,
            12
        ],
        [
            13,
            13
        ],
        [
            14,
            14
        ],
        [
            15,
            15
        ]
    ],
    "similarity": 0.33
}