{
    "coords": [
        [
            41.048934010310006,
            66.00809106312784
        ],
        [
            20.094037370448504,
            33.182442905734376
        ],
        [
            69.94285161779683,
            32.26164330602707
        ],
        [
            19.27190050796584,
            68.33244717434269
        ],
        [
            69.07035949189495,
            65.46971166680501
        ],
        [
            89.64158719425537,
            46.85192133235908
        ],
        [
            19.431403878055697,
            49.166716816287305
        ],
        [
            66.19453915347226,
            44.46987231662814
        ],
        [
            42.03034003938489,
            26.866698302163257
        ]
    ],
    "edges": [
        [
            1,
            2
        ],
        [
            2,
            1
        ],
        [
            1,
            3
        ],
        [
            3,
            1
        ],
        [
            2,
            4
        ],
        [
            4,
            2
        ],
        [
            3,
            4
        ],
        [
            4,
            3
        ],
        [
            6,
            7
        ],
        [
            7,
            6
        ],
        [
            8,
            0
        ],
        [
            0,
            8
        ],
        [
            1,
            4
        ],
        [
            4,
            1
        ],
        [
            3,
            2
        ],
        [
            2,
            3
        ],
        [
            2,
            5
        ],
        [
            5,
            2
        ],
        [
            0,
            0
        ],
        [
            1,
            1
        ],
        [
            2,
            2
        ],
        [
            3,
            3
        ],
        [
            4,
            4
        ],
        [
            5,
            5
        ],
        [
            6,
            6
        ],
        [
            7,
            7
        ],
        [
            8,
            8
        ]
    ],
    "similarity": 0.12
}