{
    "coords": [
        [
            19.95622049094753,
            37.54955136305658
        ],
        [
            18.939882814997947,
            76.04331072714837
        ],
        [
            74.18597865232579,
            35.040287404665165
        ],
        [
            76.51606530419592,
            60.28130151051968
        ],
        [
            92.10516346770963,
            45.74271520321582
        ],
        [
            21.39112274376341,
            47.31621583890847
        ],
        [
            43.544087078824845,
            65.40220732315294
        ],
        [
            71.13266160772379,
            29.302408931085342
        ],
        [
            19.286835286199,
            56.98237840964955
        ],
        [
            31.20825552872282,
            54.061430860837426
        ],
        [
            32.18492669019879,
            37.34810818494437
        ],
        [
            29.25710454514456,
            66.48479338724746
        ],
        [
            21.798272827641274,
            29.110150664358716
        ],
        [
            70.43192627999564,
            64.64842411835774
        ],
        [
            30.22356123606277,
            74.50017071636762
        ],
        [
            42.77258408998018,
            20.337245250305955
        ],
        [
            18.729566910161918,
            64.26739764441741
        ],
        [
            68.88789428343009,
            49.67957764017753
        ],
        [
            44.63831691016631,
            28.204087262089136
        ]
    ],
    "edges": [
        [
            12,
            7
        ],
        [
            7,
            12
        ],
        [
            12,
            16
        ],
        [
            16,
            12
        ],
        [
            7,
            13
        ],
        [
            13,
            7
        ],
        [
            16,
            13
        ],
        [
            13,
            16
        ],
        [
            5,
            17
        ],
        [
            17,
            5
        ],
        [
            18,
            6
        ],
        [
            6,
            18
        ],
        [
            12,
            13
        ],
        [
            13,
            12
        ],
        [
            16,
            7
        ],
        [
            7,
            16
        ],
        [
            7,
            4
        ],
        [
            4,
            7
        ],
        [
            13,
            4
        ],
        [
            4,
            13
        ],
        [
            17,
            4
        ],
        [
            4,
            17
        ],
        [
            2,
            3
        ],
        [
            3,
            2
        ],
        [
            15,
            7
        ],
        [
            7,
            15
        ],
        [
            15,
            18
        ],
        [
            18,
            15
        ],
        [
            0,
            10
        ],
        [
            10,
            0
        ],
        [
            8,
            9
        ],
        [
            9,
            8
        ],
        [
            10,
            9
        ],
        [
            9,
            10
        ],
        [
            0,
            10
        ],
        [
            10,
            0
        ],
        [
            0,
            9
        ],
        [
            9,
            0
        ],
        [
            10,
            8
        ],
        [
            8,
            10
        ],
        [
            16,
            1
        ],
        [
            1,
            16
        ],
        [
            11,
            14
        ],
        [
            14,
            11
        ],
        [
            1,
            14
        ],
        [
            14,
            1
        ],
        [
            16,
            14
        ],
        [
            14,
            16
        ],
        [
            0,
            0
        ],
        [
            1,
            1
        ],
        [
            2,
            2
        ],
        [
            3,
            3
        ],
        [
            4,
            4
        ],
        [
            5,
            5
        ],
        [
            6,
            6
        ],
        [
            7,
            7
        ],
        [
            8,
            8
        ],
        [
            9,
            9
        ],
        [
            10,
            10
        ],
        [
            11,
            11
        ],
        [
            12,
            12
        ],
        [
            13,
            13
        ],
        [
            14,
            14
        ],
        [
            15,
            15
        ],
        [
            16,
            16
        ],
        [
            17,
            17
        ],
        [
            18,
            18
        ]
    ],
    "similarity": 0.54
}