{
    "coords": [
        [
            45.73941077543402,
            35.49901016809954
        ],
        [
            19.202800941478838,
            38.29017748199112
        ],
        [
            18.549230787601644,
            74.10337526660268
        ],
        [
            34.46129355641717,
            39.26942064460662
        ],
        [
            75.05619162517192,
            35.154371211439646
        ],
        [
            76.92677078879771,
            59.203539982738754
        ],
        [
            91.55130288315178,
            48.196265880467784
        ],
        [
            31.09582324837466,
            69.44998815876428
        ],
        [
            20.140153466559617,
            47.17535725104138
        ],
        [
            44.73879371770959,
            64.72710767777127
        ],
        [
            31.827843831426485,
            35.96155617079907
        ],
        [
            71.36618542554471,
            31.43881211259599
        ],
        [
            19.644977406695563,
            55.38495268790416
        ],
        [
            34.210271396994806,
            57.44962337519529
        ],
        [
            23.87995868580125,
            33.994147425739925
        ],
        [
            58.76642127379659,
            72.09682642298097
        ],
        [
            28.692482962728455,
            63.74757007227434
        ],
        [
            45.67304124359091,
            34.00996724807068
        ],
        [
            19.82929085457974,
            30.010049723235728
        ],
        [
            71.02471718787804,
            65.56688472371641
        ],
        [
            43.584802501756776,
            41.250384863704035
        ],
        [
            28.940082478433787,
            74.7896684789975
        ],
        [
            46.3058445040322,
            20.848967769013484
        ],
        [
            20.70681440513096,
            65.26996922961001
        ],
        [
            58.654895074776405,
            66.4955229475018
        ],
        [
            43.8085048958256,
            70.70082917165885
        ],
        [
            65.74011102273386,
            69.96878713095316
        ],
        [
            69.09077829734389,
            47.29430841218592
        ],
        [
            45.01067022177882,
            31.084127136500666
        ]
    ],
    "edges": [
        [
            18,
            11
        ],
        [
            11,
            18
        ],
        [
            18,
            23
        ],
        [
            23,
            18
        ],
        [
            11,
            19
        ],
        [
            19,
            11
        ],
        [
            23,
            19
        ],
        [
            19,
            23
        ],
        [
            8,
            27
        ],
        [
            27,
            8
        ],
        [
            28,
            9
        ],
        [
            9,
            28
        ],
        [
            18,
            19
        ],
        [
            19,
            18
        ],
        [
            23,
            11
        ],
        [
            11,
            23
        ],
        [
            11,
            6
        ],
        [
            6,
            11
        ],
        [
            19,
            6
        ],
        [
            6,
            19
        ],
        [
            27,
            6
        ],
        [
            6,
            27
        ],
        [
            4,
            5
        ],
        [
            5,
            4
        ],
        [
            22,
            11
        ],
        [
            11,
            22
        ],
        [
            22,
            28
        ],
        [
            28,
            22
        ],
        [
            1,
            3
        ],
        [
            3,
            1
        ],
        [
            12,
            13
        ],
        [
            13,
            12
        ],
        [
            3,
            13
        ],
        [
            13,
            3
        ],
        [
            1,
            10
        ],
        [
            10,
            1
        ],
        [
            1,
            13
        ],
        [
            13,
            1
        ],
        [
            3,
            12
        ],
        [
            12,
            3
        ],
        [
            23,
            2
        ],
        [
            2,
            23
        ],
        [
            16,
            21
        ],
        [
            21,
            16
        ],
        [
            2,
            21
        ],
        [
            21,
            2
        ],
        [
            23,
            21
        ],
        [
            21,
            23
        ],
        [
            25,
            9
        ],
        [
            9,
            25
        ],
        [
            7,
            26
        ],
        [
            26,
            7
        ],
        [
            24,
            15
        ],
        [
            15,
            24
        ],
        [
            14,
            17
        ],
        [
            17,
            14
        ],
        [
            10,
            0
        ],
        [
            0,
            10
        ],
        [
            3,
            20
        ],
        [
            20,
            3
        ],
        [
            0,
            0
        ],
        [
            1,
            1
        ],
        [
            2,
            2
        ],
        [
            3,
            3
        ],
        [
            4,
            4
        ],
        [
            5,
            5
        ],
        [
            6,
            6
        ],
        [
            7,
            7
        ],
        [
            8,
            8
        ],
        [
            9,
            9
        ],
        [
            10,
            10
        ],
        [
            11,
            11
        ],
        [
            12,
            12
        ],
        [
            13,
            13
        ],
        [
            14,
            14
        ],
        [
            15,
            15
        ],
        [
            16,
            16
        ],
        [
            17,
            17
        ],
        [
            18,
            18
        ],
        [
            19,
            19
        ],
        [
            20,
            20
        ],
        [
            21,
            21
        ],
        [
            22,
            22
        ],
        [
            23,
            23
        ],
        [
            24,
            24
        ],
        [
            25,
            25
        ],
        [
            26,
            26
        ],
        [
            27,
            27
        ],
        [
            28,
            28
        ]
    ],
    "similarity": 0.68
}