{
    "coords": [
        [
            20.60277805518846,
            38.49060880764023
        ],
        [
            18.795604053205754,
            77.33086483677273
        ],
        [
            74.42585900356735,
            34.602401807719275
        ],
        [
            73.0641702997482,
            59.14008975497513
        ],
        [
            89.12815484406147,
            48.17983107899759
        ],
        [
            21.936263601722562,
            46.44061335494142
        ],
        [
            43.57443976374228,
            67.6090628284762
        ],
        [
            71.64837737676302,
            28.981425747126107
        ],
        [
            18.9262083083567,
            58.51246921413172
        ],
        [
            32.77986431960007,
            53.604773091293026
        ],
        [
            29.927828527966188,
            36.58843983269242
        ],
        [
            31.42460897866987,
            66.06472081371311
        ],
        [
            22.6077477044848,
            31.22669365195974
        ],
        [
            70.71211850267906,
            65.73095837239744
        ],
        [
            32.00301552610458,
            72.55241066446173
        ],
        [
            44.72319148963637,
            20.531027711051042
        ],
        [
            22.61925042270715,
            63.98540512223961
        ],
        [
            70.65452552294857,
            48.07813142289709
        ],
        [
            43.10171791441449,
            32.33224543674564
        ]
    ],
    "edges": [
        [
            12,
            7
        ],
        [
            7,
            12
        ],
        [
            12,
            16
        ],
        [
            16,
            12
        ],
        [
            7,
            13
        ],
        [
            13,
            7
        ],
        [
            16,
            13
        ],
        [
            13,
            16
        ],
        [
            5,
            17
        ],
        [
            17,
            5
        ],
        [
            18,
            6
        ],
        [
            6,
            18
        ],
        [
            12,
            13
        ],
        [
            13,
            12
        ],
        [
            16,
            7
        ],
        [
            7,
            16
        ],
        [
            7,
            4
        ],
        [
            4,
            7
        ],
        [
            13,
            4
        ],
        [
            4,
            13
        ],
        [
            17,
            4
        ],
        [
            4,
            17
        ],
        [
            2,
            3
        ],
        [
            3,
            2
        ],
        [
            15,
            7
        ],
        [
            7,
            15
        ],
        [
            15,
            18
        ],
        [
            18,
            15
        ],
        [
            0,
            10
        ],
        [
            10,
            0
        ],
        [
            8,
            9
        ],
        [
            9,
            8
        ],
        [
            10,
            9
        ],
        [
            9,
            10
        ],
        [
            0,
            10
        ],
        [
            10,
            0
        ],
        [
            0,
            9
        ],
        [
            9,
            0
        ],
        [
            10,
            8
        ],
        [
            8,
            10
        ],
        [
            16,
            1
        ],
        [
            1,
            16
        ],
        [
            11,
            14
        ],
        [
            14,
            11
        ],
        [
            0,
            0
        ],
        [
            1,
            1
        ],
        [
            2,
            2
        ],
        [
            3,
            3
        ],
        [
            4,
            4
        ],
        [
            5,
            5
        ],
        [
            6,
            6
        ],
        [
            7,
            7
        ],
        [
            8,
            8
        ],
        [
            9,
            9
        ],
        [
            10,
            10
        ],
        [
            11,
            11
        ],
        [
            12,
            12
        ],
        [
            13,
            13
        ],
        [
            14,
            14
        ],
        [
            15,
            15
        ],
        [
            16,
            16
        ],
        [
            17,
            17
        ],
        [
            18,
            18
        ]
    ],
    "similarity": 0.47
}