{
    "coords": [
        [
            19.56437498318057,
            39.98633325252053
        ],
        [
            19.982865095742483,
            75.49576538238051
        ],
        [
            73.86381482577652,
            34.1846580217607
        ],
        [
            77.23936861508898,
            58.600095596666236
        ],
        [
            92.02660977574635,
            48.641411956567666
        ],
        [
            30.202198479460073,
            70.28641566897097
        ],
        [
            18.75126314803224,
            48.73987029181629
        ],
        [
            43.089987675382034,
            63.99178779910194
        ],
        [
            71.31166820424026,
            30.67879541390786
        ],
        [
            19.28843443880168,
            55.034290058093895
        ],
        [
            33.551996501432924,
            58.08899743856773
        ],
        [
            31.91603439153004,
            38.14789140608182
        ],
        [
            23.756869935623104,
            34.266491022496666
        ],
        [
            58.75378781081726,
            73.42950674551048
        ],
        [
            29.31615877218935,
            66.8491486493324
        ],
        [
            45.1388197419175,
            33.68045855324523
        ],
        [
            21.338086476461957,
            28.990758636957906
        ],
        [
            70.06783929106065,
            63.043747627757284
        ],
        [
            31.90321231359551,
            74.56305162184258
        ],
        [
            44.123060956886086,
            20.499091645451834
        ],
        [
            19.200603974992447,
            65.76764857679188
        ],
        [
            60.46877099036652,
            66.47307332945171
        ],
        [
            44.96820525259552,
            70.20806262343575
        ],
        [
            66.33145456131906,
            69.07559573325355
        ],
        [
            69.53711911759984,
            47.43928821761469
        ],
        [
            46.09948045195526,
            29.916870393733785
        ]
    ],
    "edges": [
        [
            16,
            8
        ],
        [
            8,
            16
        ],
        [
            16,
            20
        ],
        [
            20,
            16
        ],
        [
            8,
            17
        ],
        [
            17,
            8
        ],
        [
            20,
            17
        ],
        [
            17,
            20
        ],
        [
            6,
            24
        ],
        [
            24,
            6
        ],
        [
            25,
            7
        ],
        [
            7,
            25
        ],
        [
            16,
            17
        ],
        [
            17,
            16
        ],
        [
            20,
            8
        ],
        [
            8,
            20
        ],
        [
            8,
            4
        ],
        [
            4,
            8
        ],
        [
            17,
            4
        ],
        [
            4,
            17
        ],
        [
            24,
            4
        ],
        [
            4,
            24
        ],
        [
            2,
            3
        ],
        [
            3,
            2
        ],
        [
            19,
            8
        ],
        [
            8,
            19
        ],
        [
            19,
            25
        ],
        [
            25,
            19
        ],
        [
            0,
            11
        ],
        [
            11,
            0
        ],
        [
            9,
            10
        ],
        [
            10,
            9
        ],
        [
            11,
            10
        ],
        [
            10,
            11
        ],
        [
            0,
            11
        ],
        [
            11,
            0
        ],
        [
            0,
            10
        ],
        [
            10,
            0
        ],
        [
            11,
            9
        ],
        [
            9,
            11
        ],
        [
            20,
            1
        ],
        [
            1,
            20
        ],
        [
            14,
            18
        ],
        [
            18,
            14
        ],
        [
            1,
            18
        ],
        [
            18,
            1
        ],
        [
            20,
            18
        ],
        [
            18,
            20
        ],
        [
            22,
            7
        ],
        [
            7,
            22
        ],
        [
            5,
            23
        ],
        [
            23,
            5
        ],
        [
            21,
            13
        ],
        [
            13,
            21
        ],
        [
            12,
            15
        ],
        [
            15,
            12
        ],
        [
            0,
            0
        ],
        [
            1,
            1
        ],
        [
            2,
            2
        ],
        [
            3,
            3
        ],
        [
            4,
            4
        ],
        [
            5,
            5
        ],
        [
            6,
            6
        ],
        [
            7,
            7
        ],
        [
            8,
            8
        ],
        [
            9,
            9
        ],
        [
            10,
            10
        ],
        [
            11,
            11
        ],
        [
            12,
            12
        ],
        [
            13,
            13
        ],
        [
            14,
            14
        ],
        [
            15,
            15
        ],
        [
            16,
            16
        ],
        [
            17,
            17
        ],
        [
            18,
            18
        ],
        [
            19,
            19
        ],
        [
            20,
            20
        ],
        [
            21,
            21
        ],
        [
            22,
            22
        ],
        [
            23,
            23
        ],
        [
            24,
            24
        ],
        [
            25,
            25
        ]
    ],
    "similarity": 0.57
}