{
    "coords": [
        [
            20.437453891813878,
            75.70523494167371
        ],
        [
            76.31253147712142,
            34.989857872808166
        ],
        [
            75.79019908835761,
            59.82515924318793
        ],
        [
            89.35865625262473,
            47.84963723644146
        ],
        [
            19.15487995304519,
            46.9196824901415
        ],
        [
            44.52074261604377,
            65.28761117771153
        ],
        [
            29.461289661919913,
            37.16349692318004
        ],
        [
            69.15231126568915,
            29.89901603666546
        ],
        [
            30.685841181248414,
            57.41939088578318
        ],
        [
            29.556932478665644,
            65.24439646243009
        ],
        [
            19.504908996576155,
            30.840843902549985
        ],
        [
            70.40052989644269,
            65.67319640232597
        ],
        [
            19.374205184942323,
            36.78998916961045
        ],
        [
            29.24634889848655,
            75.82529809843717
        ],
        [
            19.843578146021446,
            58.616620619994585
        ],
        [
            44.20750944661103,
            20.101510105764337
        ],
        [
            20.636315890501695,
            65.10166500695517
        ],
        [
            69.72545640695346,
            47.288922540671194
        ],
        [
            44.163178499364314,
            30.105969235422293
        ]
    ],
    "edges": [
        [
            10,
            7
        ],
        [
            7,
            10
        ],
        [
            10,
            16
        ],
        [
            16,
            10
        ],
        [
            7,
            11
        ],
        [
            11,
            7
        ],
        [
            16,
            11
        ],
        [
            11,
            16
        ],
        [
            4,
            17
        ],
        [
            17,
            4
        ],
        [
            18,
            5
        ],
        [
            5,
            18
        ],
        [
            10,
            11
        ],
        [
            11,
            10
        ],
        [
            16,
            7
        ],
        [
            7,
            16
        ],
        [
            7,
            3
        ],
        [
            3,
            7
        ],
        [
            11,
            3
        ],
        [
            3,
            11
        ],
        [
            17,
            3
        ],
        [
            3,
            17
        ],
        [
            1,
            2
        ],
        [
            2,
            1
        ],
        [
            15,
            7
        ],
        [
            7,
            15
        ],
        [
            15,
            18
        ],
        [
            18,
            15
        ],
        [
            12,
            6
        ],
        [
            6,
            12
        ],
        [
            14,
            8
        ],
        [
            8,
            14
        ],
        [
            6,
            8
        ],
        [
            8,
            6
        ],
        [
            12,
            8
        ],
        [
            8,
            12
        ],
        [
            6,
            14
        ],
        [
            14,
            6
        ],
        [
            16,
            0
        ],
        [
            0,
            16
        ],
        [
            9,
            13
        ],
        [
            13,
            9
        ],
        [
            0,
            13
        ],
        [
            13,
            0
        ],
        [
            16,
            13
        ],
        [
            13,
            16
        ],
        [
            0,
            0
        ],
        [
            1,
            1
        ],
        [
            2,
            2
        ],
        [
            3,
            3
        ],
        [
            4,
            4
        ],
        [
            5,
            5
        ],
        [
            6,
            6
        ],
        [
            7,
            7
        ],
        [
            8,
            8
        ],
        [
            9,
            9
        ],
        [
            10,
            10
        ],
        [
            11,
            11
        ],
        [
            12,
            12
        ],
        [
            13,
            13
        ],
        [
            14,
            14
        ],
        [
            15,
            15
        ],
        [
            16,
            16
        ],
        [
            17,
            17
        ],
        [
            18,
            18
        ]
    ],
    "similarity": 0.83
}