{
    "coords": [
        [
            46.15380538989584,
            67.67336965182206
        ],
        [
            46.53019681083562,
            20.34935760717814
        ],
        [
            22.20439244140348,
            28.905946521554842
        ],
        [
            71.33244834289992,
            29.469915172892808
        ],
        [
            17.84491455393945,
            62.684470026691514
        ],
        [
            72.45516535762131,
            65.18872357098516
        ],
        [
            77.63449508531343,
            37.71712307444592
        ],
        [
            20.049567275718754,
            37.9436015787553
        ],
        [
            16.819962366264505,
            54.54517057937296
        ],
        [
            76.06486003704036,
            58.82941961058427
        ],
        [
            91.5120068163348,
            45.0964230618922
        ],
        [
            33.56581514158441,
            58.78594489005025
        ],
        [
            19.380600783138675,
            44.43473650611921
        ],
        [
            68.72264834883148,
            48.1400988386074
        ],
        [
            32.92239871023753,
            39.80694897008402
        ],
        [
            48.24303009825934,
            31.236646733650407
        ]
    ],
    "edges": [
        [
            2,
            3
        ],
        [
            3,
            2
        ],
        [
            2,
            4
        ],
        [
            4,
            2
        ],
        [
            3,
            5
        ],
        [
            5,
            3
        ],
        [
            4,
            5
        ],
        [
            5,
            4
        ],
        [
            12,
            13
        ],
        [
            13,
            12
        ],
        [
            15,
            0
        ],
        [
            0,
            15
        ],
        [
            2,
            5
        ],
        [
            5,
            2
        ],
        [
            4,
            3
        ],
        [
            3,
            4
        ],
        [
            3,
            10
        ],
        [
            10,
            3
        ],
        [
            5,
            10
        ],
        [
            10,
            5
        ],
        [
            13,
            10
        ],
        [
            10,
            13
        ],
        [
            6,
            9
        ],
        [
            9,
            6
        ],
        [
            1,
            3
        ],
        [
            3,
            1
        ],
        [
            1,
            15
        ],
        [
            15,
            1
        ],
        [
            7,
            14
        ],
        [
            14,
            7
        ],
        [
            8,
            11
        ],
        [
            11,
            8
        ],
        [
            0,
            0
        ],
        [
            1,
            1
        ],
        [
            2,
            2
        ],
        [
            3,
            3
        ],
        [
            4,
            4
        ],
        [
            5,
            5
        ],
        [
            6,
            6
        ],
        [
            7,
            7
        ],
        [
            8,
            8
        ],
        [
            9,
            9
        ],
        [
            10,
            10
        ],
        [
            11,
            11
        ],
        [
            12,
            12
        ],
        [
            13,
            13
        ],
        [
            14,
            14
        ],
        [
            15,
            15
        ]
    ],
    "similarity": 0.35
}