{
    "coords": [
        [
            46.31767562075349,
            65.06954761646152
        ],
        [
            45.726955315084275,
            20.012814447043805
        ],
        [
            32.25420000111194,
            37.551090408490374
        ],
        [
            22.26848255569745,
            32.38857792380439
        ],
        [
            68.00086679485646,
            28.89358813630791
        ],
        [
            18.12843603713841,
            67.3155081892077
        ],
        [
            72.1008211297604,
            66.32234272780468
        ],
        [
            75.0246228655215,
            36.45589672578745
        ],
        [
            20.449595997295162,
            39.07202937928848
        ],
        [
            74.91409055735475,
            58.31494983533643
        ],
        [
            88.75134865983819,
            47.739549844118045
        ],
        [
            31.38698142593651,
            57.55736252375909
        ],
        [
            20.947053341220222,
            48.92076146682287
        ],
        [
            71.17061114444824,
            47.160137428787344
        ],
        [
            20.862626908277537,
            56.792853115544574
        ],
        [
            44.994405975849034,
            31.324065143581812
        ]
    ],
    "edges": [
        [
            3,
            4
        ],
        [
            4,
            3
        ],
        [
            3,
            5
        ],
        [
            5,
            3
        ],
        [
            4,
            6
        ],
        [
            6,
            4
        ],
        [
            5,
            6
        ],
        [
            6,
            5
        ],
        [
            12,
            13
        ],
        [
            13,
            12
        ],
        [
            15,
            0
        ],
        [
            0,
            15
        ],
        [
            3,
            6
        ],
        [
            6,
            3
        ],
        [
            5,
            4
        ],
        [
            4,
            5
        ],
        [
            4,
            10
        ],
        [
            10,
            4
        ],
        [
            6,
            10
        ],
        [
            10,
            6
        ],
        [
            13,
            10
        ],
        [
            10,
            13
        ],
        [
            7,
            9
        ],
        [
            9,
            7
        ],
        [
            1,
            4
        ],
        [
            4,
            1
        ],
        [
            1,
            15
        ],
        [
            15,
            1
        ],
        [
            8,
            2
        ],
        [
            2,
            8
        ],
        [
            14,
            11
        ],
        [
            11,
            14
        ],
        [
            2,
            11
        ],
        [
            11,
            2
        ],
        [
            0,
            0
        ],
        [
            1,
            1
        ],
        [
            2,
            2
        ],
        [
            3,
            3
        ],
        [
            4,
            4
        ],
        [
            5,
            5
        ],
        [
            6,
            6
        ],
        [
            7,
            7
        ],
        [
            8,
            8
        ],
        [
            9,
            9
        ],
        [
            10,
            10
        ],
        [
            11,
            11
        ],
        [
            12,
            12
        ],
        [
            13,
            13
        ],
        [
            14,
            14
        ],
        [
            15,
            15
        ]
    ],
    "similarity": 0.52
}