{
    "coords": [
        [
            44.995278998508326,
            63.298988367689894
        ],
        [
            16.490863927833303,
            26.771324667718527
        ],
        [
            72.67830450282055,
            27.392413947224888
        ],
        [
            21.542588234424844,
            63.13456040965169
        ],
        [
            69.18748551526411,
            63.52830472851531
        ],
        [
            89.9704650697047,
            49.12598846509197
        ],
        [
            16.825392778068192,
            50.10610750766629
        ],
        [
            66.81549985051592,
            48.56217894562501
        ],
        [
            47.09609574634279,
            27.58971040719228
        ]
    ],
    "edges": [
        [
            1,
            2
        ],
        [
            2,
            1
        ],
        [
            1,
            3
        ],
        [
            3,
            1
        ],
        [
            2,
            4
        ],
        [
            4,
            2
        ],
        [
            3,
            4
        ],
        [
            4,
            3
        ],
        [
            6,
            7
        ],
        [
            7,
            6
        ],
        [
            8,
            0
        ],
        [
            0,
            8
        ],
        [
            1,
            4
        ],
        [
            4,
            1
        ],
        [
            3,
            2
        ],
        [
            2,
            3
        ],
        [
            2,
            5
        ],
        [
            5,
            2
        ],
        [
            4,
            5
        ],
        [
            5,
            4
        ],
        [
            0,
            0
        ],
        [
            1,
            1
        ],
        [
            2,
            2
        ],
        [
            3,
            3
        ],
        [
            4,
            4
        ],
        [
            5,
            5
        ],
        [
            6,
            6
        ],
        [
            7,
            7
        ],
        [
            8,
            8
        ]
    ],
    "similarity": 0.19
}