{
    "coords": [
        [
            47.159221374748,
            66.79269893070065
        ],
        [
            17.92507226552111,
            27.87393969582933
        ],
        [
            67.80636909686697,
            31.882279555610616
        ],
        [
            23.607637319285455,
            66.83741643560202
        ],
        [
            68.54926758768553,
            66.99470998861186
        ],
        [
            78.91250212373883,
            38.03229926639751
        ],
        [
            76.74620481905544,
            59.663725854574224
        ],
        [
            87.49330447302314,
            44.830040913970464
        ],
        [
            18.713802521546874,
            48.090420591064046
        ],
        [
            70.11163655268277,
            49.80173813876415
        ],
        [
            45.636939207371114,
            28.572325273218645
        ]
    ],
    "edges": [
        [
            1,
            2
        ],
        [
            2,
            1
        ],
        [
            1,
            3
        ],
        [
            3,
            1
        ],
        [
            2,
            4
        ],
        [
            4,
            2
        ],
        [
            3,
            4
        ],
        [
            4,
            3
        ],
        [
            8,
            9
        ],
        [
            9,
            8
        ],
        [
            10,
            0
        ],
        [
            0,
            10
        ],
        [
            1,
            4
        ],
        [
            4,
            1
        ],
        [
            3,
            2
        ],
        [
            2,
            3
        ],
        [
            2,
            7
        ],
        [
            7,
            2
        ],
        [
            4,
            7
        ],
        [
            7,
            4
        ],
        [
            9,
            7
        ],
        [
            7,
            9
        ],
        [
            5,
            6
        ],
        [
            6,
            5
        ],
        [
            0,
            0
        ],
        [
            1,
            1
        ],
        [
            2,
            2
        ],
        [
            3,
            3
        ],
        [
            4,
            4
        ],
        [
            5,
            5
        ],
        [
            6,
            6
        ],
        [
            7,
            7
        ],
        [
            8,
            8
        ],
        [
            9,
            9
        ],
        [
            10,
            10
        ]
    ],
    "similarity": 0.25
}