{
    "coords": [
        [
            43.85556363178515,
            62.605879008573176
        ],
        [
            44.14962594986318,
            18.675499977287338
        ],
        [
            22.170874080437628,
            31.989803438903007
        ],
        [
            72.44928948390893,
            32.446980432109925
        ],
        [
            18.944119758078916,
            63.87063814678807
        ],
        [
            68.62328887277832,
            62.005286100139834
        ],
        [
            76.05223521121766,
            35.99313726162328
        ],
        [
            22.304510645943054,
            38.36763128404168
        ],
        [
            22.619804161777882,
            56.29944023402356
        ],
        [
            78.30549203608155,
            61.85215617142097
        ],
        [
            87.79081069980883,
            45.348432365579356
        ],
        [
            34.39962624053024,
            53.7816149300613
        ],
        [
            17.509270101433533,
            45.07820638775345
        ],
        [
            72.79481729417971,
            45.95890126809197
        ],
        [
            33.192559569579444,
            41.645276149425534
        ],
        [
            45.852763037791675,
            28.947782723510155
        ]
    ],
    "edges": [
        [
            2,
            3
        ],
        [
            3,
            2
        ],
        [
            2,
            4
        ],
        [
            4,
            2
        ],
        [
            3,
            5
        ],
        [
            5,
            3
        ],
        [
            4,
            5
        ],
        [
            5,
            4
        ],
        [
            12,
            13
        ],
        [
            13,
            12
        ],
        [
            15,
            0
        ],
        [
            0,
            15
        ],
        [
            2,
            5
        ],
        [
            5,
            2
        ],
        [
            4,
            3
        ],
        [
            3,
            4
        ],
        [
            3,
            10
        ],
        [
            10,
            3
        ],
        [
            5,
            10
        ],
        [
            10,
            5
        ],
        [
            13,
            10
        ],
        [
            10,
            13
        ],
        [
            6,
            9
        ],
        [
            9,
            6
        ],
        [
            1,
            3
        ],
        [
            3,
            1
        ],
        [
            1,
            15
        ],
        [
            15,
            1
        ],
        [
            7,
            14
        ],
        [
            14,
            7
        ],
        [
            8,
            11
        ],
        [
            11,
            8
        ],
        [
            0,
            0
        ],
        [
            1,
            1
        ],
        [
            2,
            2
        ],
        [
            3,
            3
        ],
        [
            4,
            4
        ],
        [
            5,
            5
        ],
        [
            6,
            6
        ],
        [
            7,
            7
        ],
        [
            8,
            8
        ],
        [
            9,
            9
        ],
        [
            10,
            10
        ],
        [
            11,
            11
        ],
        [
            12,
            12
        ],
        [
            13,
            13
        ],
        [
            14,
            14
        ],
        [
            15,
            15
        ]
    ],
    "similarity": 0.35
}