{
    "coords": [
        [
            48.246814349641596,
            67.90050891454676
        ],
        [
            19.724174002157735,
            30.63769302140572
        ],
        [
            72.54620996381746,
            27.063785308326693
        ],
        [
            21.679477298615026,
            66.79652489914567
        ],
        [
            67.64722900133243,
            63.64365580291347
        ],
        [
            86.51015850400483,
            43.92734486234516
        ],
        [
            23.603898179352573,
            50.81321956177333
        ],
        [
            68.53716932743396,
            48.632413278163995
        ],
        [
            47.104670750707115,
            33.86120700261692
        ]
    ],
    "edges": [
        [
            1,
            2
        ],
        [
            2,
            1
        ],
        [
            1,
            3
        ],
        [
            3,
            1
        ],
        [
            2,
            4
        ],
        [
            4,
            2
        ],
        [
            3,
            4
        ],
        [
            4,
            3
        ],
        [
            6,
            7
        ],
        [
            7,
            6
        ],
        [
            8,
            0
        ],
        [
            0,
            8
        ],
        [
            1,
            4
        ],
        [
            4,
            1
        ],
        [
            3,
            2
        ],
        [
            2,
            3
        ],
        [
            2,
            5
        ],
        [
            5,
            2
        ],
        [
            4,
            5
        ],
        [
            5,
            4
        ],
        [
            0,
            0
        ],
        [
            1,
            1
        ],
        [
            2,
            2
        ],
        [
            3,
            3
        ],
        [
            4,
            4
        ],
        [
            5,
            5
        ],
        [
            6,
            6
        ],
        [
            7,
            7
        ],
        [
            8,
            8
        ]
    ],
    "similarity": 0.22
}