{
    "coords": [
        [
            19.789712131724194,
            38.81238455054187
        ],
        [
            20.688809155246624,
            74.81459463727117
        ],
        [
            74.66009569867278,
            34.12156062331779
        ],
        [
            76.86321601315173,
            58.703401218598415
        ],
        [
            90.80242584459663,
            46.789845106187684
        ],
        [
            31.93121881775243,
            68.45270032938924
        ],
        [
            21.11714058743596,
            47.01348442096723
        ],
        [
            43.2901594407031,
            64.93219048606733
        ],
        [
            68.26835256671481,
            31.032491859293916
        ],
        [
            21.79464691570953,
            55.33391520179059
        ],
        [
            31.937343961412942,
            54.824430199956005
        ],
        [
            31.69496779005914,
            36.6329545100376
        ],
        [
            24.9728851010555,
            31.515399311611407
        ],
        [
            60.93949668492572,
            73.29419135359052
        ],
        [
            31.99383454631651,
            65.87712759072448
        ],
        [
            46.6906895852499,
            33.25422656514425
        ],
        [
            20.37851262525716,
            31.206928916739784
        ],
        [
            68.68186426154064,
            63.16594157621369
        ],
        [
            28.692499072306116,
            73.79241125774024
        ],
        [
            44.08476158111994,
            20.750943890594886
        ],
        [
            19.868255836565044,
            66.28489251757627
        ],
        [
            60.82038912319824,
            69.27482239715948
        ],
        [
            45.46196857573198,
            71.93623024769893
        ],
        [
            65.00005739771333,
            68.15691889848597
        ],
        [
            70.36796597777342,
            46.01805283370465
        ],
        [
            46.71127583335409,
            31.410426119933117
        ]
    ],
    "edges": [
        [
            16,
            8
        ],
        [
            8,
            16
        ],
        [
            16,
            20
        ],
        [
            20,
            16
        ],
        [
            8,
            17
        ],
        [
            17,
            8
        ],
        [
            20,
            17
        ],
        [
            17,
            20
        ],
        [
            6,
            24
        ],
        [
            24,
            6
        ],
        [
            25,
            7
        ],
        [
            7,
            25
        ],
        [
            16,
            17
        ],
        [
            17,
            16
        ],
        [
            20,
            8
        ],
        [
            8,
            20
        ],
        [
            8,
            4
        ],
        [
            4,
            8
        ],
        [
            17,
            4
        ],
        [
            4,
            17
        ],
        [
            24,
            4
        ],
        [
            4,
            24
        ],
        [
            2,
            3
        ],
        [
            3,
            2
        ],
        [
            19,
            8
        ],
        [
            8,
            19
        ],
        [
            19,
            25
        ],
        [
            25,
            19
        ],
        [
            0,
            11
        ],
        [
            11,
            0
        ],
        [
            9,
            10
        ],
        [
            10,
            9
        ],
        [
            11,
            10
        ],
        [
            10,
            11
        ],
        [
            0,
            11
        ],
        [
            11,
            0
        ],
        [
            0,
            10
        ],
        [
            10,
            0
        ],
        [
            11,
            9
        ],
        [
            9,
            11
        ],
        [
            20,
            1
        ],
        [
            1,
            20
        ],
        [
            14,
            18
        ],
        [
            18,
            14
        ],
        [
            1,
            18
        ],
        [
            18,
            1
        ],
        [
            20,
            18
        ],
        [
            18,
            20
        ],
        [
            22,
            7
        ],
        [
            7,
            22
        ],
        [
            5,
            23
        ],
        [
            23,
            5
        ],
        [
            21,
            13
        ],
        [
            13,
            21
        ],
        [
            12,
            15
        ],
        [
            15,
            12
        ],
        [
            0,
            0
        ],
        [
            1,
            1
        ],
        [
            2,
            2
        ],
        [
            3,
            3
        ],
        [
            4,
            4
        ],
        [
            5,
            5
        ],
        [
            6,
            6
        ],
        [
            7,
            7
        ],
        [
            8,
            8
        ],
        [
            9,
            9
        ],
        [
            10,
            10
        ],
        [
            11,
            11
        ],
        [
            12,
            12
        ],
        [
            13,
            13
        ],
        [
            14,
            14
        ],
        [
            15,
            15
        ],
        [
            16,
            16
        ],
        [
            17,
            17
        ],
        [
            18,
            18
        ],
        [
            19,
            19
        ],
        [
            20,
            20
        ],
        [
            21,
            21
        ],
        [
            22,
            22
        ],
        [
            23,
            23
        ],
        [
            24,
            24
        ],
        [
            25,
            25
        ]
    ],
    "similarity": 0.56
}