{
    "coords": [
        [
            46.143123137484295,
            63.11793492455959
        ],
        [
            44.27732452721443,
            20.500835375622234
        ],
        [
            17.914774905881913,
            32.49041319474677
        ],
        [
            71.22820521893489,
            32.264887099545426
        ],
        [
            19.658942315420752,
            62.43346583841766
        ],
        [
            70.58567404466552,
            63.72313703459301
        ],
        [
            73.1192504961042,
            32.39010767938033
        ],
        [
            19.39441333944184,
            40.761210162706696
        ],
        [
            19.38437685063777,
            58.69606782036264
        ],
        [
            77.04394381427426,
            57.17862815802886
        ],
        [
            91.545837812172,
            49.834981980003285
        ],
        [
            30.973880366822005,
            55.205133265101246
        ],
        [
            32.21403824564224,
            37.785969038655246
        ],
        [
            21.37603807428397,
            48.29501423939469
        ],
        [
            69.262596842776,
            47.08584302425454
        ],
        [
            46.88787236937706,
            32.97148912918301
        ]
    ],
    "edges": [
        [
            2,
            3
        ],
        [
            3,
            2
        ],
        [
            2,
            4
        ],
        [
            4,
            2
        ],
        [
            3,
            5
        ],
        [
            5,
            3
        ],
        [
            4,
            5
        ],
        [
            5,
            4
        ],
        [
            13,
            14
        ],
        [
            14,
            13
        ],
        [
            15,
            0
        ],
        [
            0,
            15
        ],
        [
            2,
            5
        ],
        [
            5,
            2
        ],
        [
            4,
            3
        ],
        [
            3,
            4
        ],
        [
            3,
            10
        ],
        [
            10,
            3
        ],
        [
            5,
            10
        ],
        [
            10,
            5
        ],
        [
            14,
            10
        ],
        [
            10,
            14
        ],
        [
            6,
            9
        ],
        [
            9,
            6
        ],
        [
            1,
            3
        ],
        [
            3,
            1
        ],
        [
            1,
            15
        ],
        [
            15,
            1
        ],
        [
            7,
            12
        ],
        [
            12,
            7
        ],
        [
            8,
            11
        ],
        [
            11,
            8
        ],
        [
            12,
            11
        ],
        [
            11,
            12
        ],
        [
            7,
            12
        ],
        [
            12,
            7
        ],
        [
            0,
            0
        ],
        [
            1,
            1
        ],
        [
            2,
            2
        ],
        [
            3,
            3
        ],
        [
            4,
            4
        ],
        [
            5,
            5
        ],
        [
            6,
            6
        ],
        [
            7,
            7
        ],
        [
            8,
            8
        ],
        [
            9,
            9
        ],
        [
            10,
            10
        ],
        [
            11,
            11
        ],
        [
            12,
            12
        ],
        [
            13,
            13
        ],
        [
            14,
            14
        ],
        [
            15,
            15
        ]
    ],
    "similarity": 0.39
}