{
    "coords": [
        [
            45.57563473869365,
            66.18248634533805
        ],
        [
            42.73861185911639,
            18.476183500788984
        ],
        [
            16.913327374293978,
            32.81961415511954
        ],
        [
            69.20491458623937,
            28.93500206867691
        ],
        [
            17.642355834593694,
            62.515777069433675
        ],
        [
            70.94299300502661,
            65.2841597389635
        ],
        [
            77.69351948513241,
            35.30671283241111
        ],
        [
            20.084700287775497,
            36.23121720475223
        ],
        [
            22.422282505495488,
            55.01363766943218
        ],
        [
            73.48653595333096,
            59.64176219337825
        ],
        [
            89.4960352502571,
            49.938387234632074
        ],
        [
            33.53434192823285,
            55.64809544741524
        ],
        [
            22.495913633642136,
            47.12973803161193
        ],
        [
            70.67957952734466,
            46.251948931807775
        ],
        [
            33.09034361016267,
            39.10287464240956
        ],
        [
            43.55683196333097,
            31.4376002445139
        ]
    ],
    "edges": [
        [
            2,
            3
        ],
        [
            3,
            2
        ],
        [
            2,
            4
        ],
        [
            4,
            2
        ],
        [
            3,
            5
        ],
        [
            5,
            3
        ],
        [
            4,
            5
        ],
        [
            5,
            4
        ],
        [
            12,
            13
        ],
        [
            13,
            12
        ],
        [
            15,
            0
        ],
        [
            0,
            15
        ],
        [
            2,
            5
        ],
        [
            5,
            2
        ],
        [
            4,
            3
        ],
        [
            3,
            4
        ],
        [
            3,
            10
        ],
        [
            10,
            3
        ],
        [
            5,
            10
        ],
        [
            10,
            5
        ],
        [
            13,
            10
        ],
        [
            10,
            13
        ],
        [
            6,
            9
        ],
        [
            9,
            6
        ],
        [
            1,
            3
        ],
        [
            3,
            1
        ],
        [
            1,
            15
        ],
        [
            15,
            1
        ],
        [
            7,
            14
        ],
        [
            14,
            7
        ],
        [
            8,
            11
        ],
        [
            11,
            8
        ],
        [
            0,
            0
        ],
        [
            1,
            1
        ],
        [
            2,
            2
        ],
        [
            3,
            3
        ],
        [
            4,
            4
        ],
        [
            5,
            5
        ],
        [
            6,
            6
        ],
        [
            7,
            7
        ],
        [
            8,
            8
        ],
        [
            9,
            9
        ],
        [
            10,
            10
        ],
        [
            11,
            11
        ],
        [
            12,
            12
        ],
        [
            13,
            13
        ],
        [
            14,
            14
        ],
        [
            15,
            15
        ]
    ],
    "similarity": 0.35
}