{
    "coords": [
        [
            20.13312040283272,
            38.191222437516
        ],
        [
            21.701446742781666,
            75.14428251344974
        ],
        [
            77.75973551047719,
            33.79240923736995
        ],
        [
            76.48487071511923,
            59.130455672468415
        ],
        [
            88.7878908559485,
            47.21492139574803
        ],
        [
            19.89273453748153,
            48.869518700133376
        ],
        [
            46.310395609410335,
            66.82214449379804
        ],
        [
            72.49532344062348,
            30.394931839621943
        ],
        [
            19.955645242369705,
            55.10348596340105
        ],
        [
            33.45167687084653,
            56.63039602847001
        ],
        [
            33.26896033500989,
            38.51368658455826
        ],
        [
            29.56980111334204,
            64.15873463560797
        ],
        [
            18.884175580930044,
            29.093238713948804
        ],
        [
            69.95564318081546,
            63.74631962492922
        ],
        [
            30.52096150707042,
            73.16695901319777
        ],
        [
            45.89660292504382,
            21.45316380750749
        ],
        [
            18.846303832912056,
            64.41581839689549
        ],
        [
            72.01737087543631,
            49.37235838066717
        ],
        [
            43.22101075503454,
            30.24786925693068
        ]
    ],
    "edges": [
        [
            12,
            7
        ],
        [
            7,
            12
        ],
        [
            12,
            16
        ],
        [
            16,
            12
        ],
        [
            7,
            13
        ],
        [
            13,
            7
        ],
        [
            16,
            13
        ],
        [
            13,
            16
        ],
        [
            5,
            17
        ],
        [
            17,
            5
        ],
        [
            18,
            6
        ],
        [
            6,
            18
        ],
        [
            12,
            13
        ],
        [
            13,
            12
        ],
        [
            16,
            7
        ],
        [
            7,
            16
        ],
        [
            7,
            4
        ],
        [
            4,
            7
        ],
        [
            13,
            4
        ],
        [
            4,
            13
        ],
        [
            17,
            4
        ],
        [
            4,
            17
        ],
        [
            2,
            3
        ],
        [
            3,
            2
        ],
        [
            15,
            7
        ],
        [
            7,
            15
        ],
        [
            15,
            18
        ],
        [
            18,
            15
        ],
        [
            0,
            10
        ],
        [
            10,
            0
        ],
        [
            8,
            9
        ],
        [
            9,
            8
        ],
        [
            10,
            9
        ],
        [
            9,
            10
        ],
        [
            0,
            10
        ],
        [
            10,
            0
        ],
        [
            0,
            9
        ],
        [
            9,
            0
        ],
        [
            10,
            8
        ],
        [
            8,
            10
        ],
        [
            16,
            1
        ],
        [
            1,
            16
        ],
        [
            11,
            14
        ],
        [
            14,
            11
        ],
        [
            1,
            14
        ],
        [
            14,
            1
        ],
        [
            16,
            14
        ],
        [
            14,
            16
        ],
        [
            0,
            0
        ],
        [
            1,
            1
        ],
        [
            2,
            2
        ],
        [
            3,
            3
        ],
        [
            4,
            4
        ],
        [
            5,
            5
        ],
        [
            6,
            6
        ],
        [
            7,
            7
        ],
        [
            8,
            8
        ],
        [
            9,
            9
        ],
        [
            10,
            10
        ],
        [
            11,
            11
        ],
        [
            12,
            12
        ],
        [
            13,
            13
        ],
        [
            14,
            14
        ],
        [
            15,
            15
        ],
        [
            16,
            16
        ],
        [
            17,
            17
        ],
        [
            18,
            18
        ]
    ],
    "similarity": 0.49
}