{
    "coords": [
        [
            44.80277064503268,
            67.11379131220436
        ],
        [
            46.065052379823676,
            18.158349289810616
        ],
        [
            21.401473250718965,
            32.285427479744726
        ],
        [
            70.87457306902195,
            29.1030162527761
        ],
        [
            21.25180599911691,
            63.34303693574907
        ],
        [
            71.62455114638313,
            65.61080424002435
        ],
        [
            73.00558968361024,
            34.38209338481514
        ],
        [
            17.48900668005064,
            39.553789091554044
        ],
        [
            18.06427858587734,
            58.0228942789533
        ],
        [
            74.26231976035331,
            59.30245315406329
        ],
        [
            90.54416746755906,
            47.123751502330585
        ],
        [
            31.85095740716134,
            55.367249553557464
        ],
        [
            34.25388015091517,
            40.366952153940254
        ],
        [
            17.44237162585076,
            49.53397541164069
        ],
        [
            69.85303438645789,
            45.893239444024935
        ],
        [
            47.36005680383386,
            32.27676617984197
        ]
    ],
    "edges": [
        [
            2,
            3
        ],
        [
            3,
            2
        ],
        [
            2,
            4
        ],
        [
            4,
            2
        ],
        [
            3,
            5
        ],
        [
            5,
            3
        ],
        [
            4,
            5
        ],
        [
            5,
            4
        ],
        [
            13,
            14
        ],
        [
            14,
            13
        ],
        [
            15,
            0
        ],
        [
            0,
            15
        ],
        [
            2,
            5
        ],
        [
            5,
            2
        ],
        [
            4,
            3
        ],
        [
            3,
            4
        ],
        [
            3,
            10
        ],
        [
            10,
            3
        ],
        [
            5,
            10
        ],
        [
            10,
            5
        ],
        [
            14,
            10
        ],
        [
            10,
            14
        ],
        [
            6,
            9
        ],
        [
            9,
            6
        ],
        [
            1,
            3
        ],
        [
            3,
            1
        ],
        [
            1,
            15
        ],
        [
            15,
            1
        ],
        [
            7,
            12
        ],
        [
            12,
            7
        ],
        [
            8,
            11
        ],
        [
            11,
            8
        ],
        [
            12,
            11
        ],
        [
            11,
            12
        ],
        [
            7,
            12
        ],
        [
            12,
            7
        ],
        [
            7,
            11
        ],
        [
            11,
            7
        ],
        [
            12,
            8
        ],
        [
            8,
            12
        ],
        [
            0,
            0
        ],
        [
            1,
            1
        ],
        [
            2,
            2
        ],
        [
            3,
            3
        ],
        [
            4,
            4
        ],
        [
            5,
            5
        ],
        [
            6,
            6
        ],
        [
            7,
            7
        ],
        [
            8,
            8
        ],
        [
            9,
            9
        ],
        [
            10,
            10
        ],
        [
            11,
            11
        ],
        [
            12,
            12
        ],
        [
            13,
            13
        ],
        [
            14,
            14
        ],
        [
            15,
            15
        ]
    ],
    "similarity": 0.45
}