{
    "coords": [
        [
            45.35303429549724,
            38.209233251874764
        ],
        [
            21.414723053055045,
            39.88228742168144
        ],
        [
            19.62915638566887,
            75.59155374529058
        ],
        [
            33.84018328157228,
            39.465040770375296
        ],
        [
            75.4954941514749,
            36.10803980418459
        ],
        [
            73.97569666330025,
            60.05715851857462
        ],
        [
            89.60954714527062,
            46.71628346514005
        ],
        [
            29.133975575315553,
            69.25584543940043
        ],
        [
            20.686672410510713,
            46.97838962445258
        ],
        [
            46.19478547154718,
            64.91786359799174
        ],
        [
            29.076639417170398,
            36.51147086458747
        ],
        [
            71.5489529066127,
            30.842105894528984
        ],
        [
            21.110532381100256,
            54.874961765231426
        ],
        [
            32.94473162615496,
            56.96369687613807
        ],
        [
            26.255486659781678,
            33.3417232265121
        ],
        [
            59.19262084960452,
            73.45037104809623
        ],
        [
            30.483372818670418,
            63.95666048007215
        ],
        [
            45.39778193841777,
            34.85494800900491
        ],
        [
            20.06718678533775,
            29.830453150272984
        ],
        [
            69.54314916808292,
            64.08071378686509
        ],
        [
            43.77091074739097,
            40.83712491341236
        ],
        [
            29.3074944165541,
            75.58513595437546
        ],
        [
            44.221124703483284,
            20.906216462998536
        ],
        [
            21.036989831291617,
            63.890167769443984
        ],
        [
            58.64673504024485,
            66.87246727873237
        ],
        [
            46.535520306411776,
            70.12511860107202
        ],
        [
            65.18932790773813,
            71.47888813332243
        ],
        [
            71.04522729121763,
            46.902778774672875
        ],
        [
            46.05706457576034,
            30.493643975216933
        ]
    ],
    "edges": [
        [
            18,
            11
        ],
        [
            11,
            18
        ],
        [
            18,
            23
        ],
        [
            23,
            18
        ],
        [
            11,
            19
        ],
        [
            19,
            11
        ],
        [
            23,
            19
        ],
        [
            19,
            23
        ],
        [
            8,
            27
        ],
        [
            27,
            8
        ],
        [
            28,
            9
        ],
        [
            9,
            28
        ],
        [
            18,
            19
        ],
        [
            19,
            18
        ],
        [
            23,
            11
        ],
        [
            11,
            23
        ],
        [
            11,
            6
        ],
        [
            6,
            11
        ],
        [
            19,
            6
        ],
        [
            6,
            19
        ],
        [
            27,
            6
        ],
        [
            6,
            27
        ],
        [
            4,
            5
        ],
        [
            5,
            4
        ],
        [
            22,
            11
        ],
        [
            11,
            22
        ],
        [
            22,
            28
        ],
        [
            28,
            22
        ],
        [
            1,
            3
        ],
        [
            3,
            1
        ],
        [
            12,
            13
        ],
        [
            13,
            12
        ],
        [
            3,
            13
        ],
        [
            13,
            3
        ],
        [
            1,
            10
        ],
        [
            10,
            1
        ],
        [
            1,
            13
        ],
        [
            13,
            1
        ],
        [
            3,
            12
        ],
        [
            12,
            3
        ],
        [
            23,
            2
        ],
        [
            2,
            23
        ],
        [
            16,
            21
        ],
        [
            21,
            16
        ],
        [
            2,
            21
        ],
        [
            21,
            2
        ],
        [
            23,
            21
        ],
        [
            21,
            23
        ],
        [
            25,
            9
        ],
        [
            9,
            25
        ],
        [
            7,
            26
        ],
        [
            26,
            7
        ],
        [
            24,
            15
        ],
        [
            15,
            24
        ],
        [
            14,
            17
        ],
        [
            17,
            14
        ],
        [
            10,
            0
        ],
        [
            0,
            10
        ],
        [
            3,
            20
        ],
        [
            20,
            3
        ],
        [
            0,
            0
        ],
        [
            1,
            1
        ],
        [
            2,
            2
        ],
        [
            3,
            3
        ],
        [
            4,
            4
        ],
        [
            5,
            5
        ],
        [
            6,
            6
        ],
        [
            7,
            7
        ],
        [
            8,
            8
        ],
        [
            9,
            9
        ],
        [
            10,
            10
        ],
        [
            11,
            11
        ],
        [
            12,
            12
        ],
        [
            13,
            13
        ],
        [
            14,
            14
        ],
        [
            15,
            15
        ],
        [
            16,
            16
        ],
        [
            17,
            17
        ],
        [
            18,
            18
        ],
        [
            19,
            19
        ],
        [
            20,
            20
        ],
        [
            21,
            21
        ],
        [
            22,
            22
        ],
        [
            23,
            23
        ],
        [
            24,
            24
        ],
        [
            25,
            25
        ],
        [
            26,
            26
        ],
        [
            27,
            27
        ],
        [
            28,
            28
        ]
    ],
    "similarity": 0.67
}