{
    "coords": [
        [
            21.860348117038825,
            36.80675898700756
        ],
        [
            22.530746324066957,
            77.64140230988802
        ],
        [
            77.5425887336424,
            34.692325068000855
        ],
        [
            75.15169768859737,
            61.869654515089806
        ],
        [
            89.80818341285668,
            47.49200136362405
        ],
        [
            21.189526644427442,
            47.1178325108353
        ],
        [
            45.52673107947416,
            65.75477486832014
        ],
        [
            69.13138813872575,
            27.621685926366172
        ],
        [
            19.26269188264067,
            57.18440400986077
        ],
        [
            32.77314913694547,
            58.04264010096693
        ],
        [
            33.446241184471745,
            37.3581780881745
        ],
        [
            32.469928451231084,
            66.07334579392202
        ],
        [
            22.097300129760722,
            31.392209274614046
        ],
        [
            70.39170455043927,
            63.68595326618644
        ],
        [
            32.34204443187704,
            73.0397982190151
        ],
        [
            43.61850241129038,
            20.64149339692132
        ],
        [
            17.772501763954857,
            62.62851204696486
        ],
        [
            67.8086870983636,
            45.72974014825779
        ],
        [
            43.40993930497123,
            29.488531761388376
        ]
    ],
    "edges": [
        [
            12,
            7
        ],
        [
            7,
            12
        ],
        [
            12,
            16
        ],
        [
            16,
            12
        ],
        [
            7,
            13
        ],
        [
            13,
            7
        ],
        [
            16,
            13
        ],
        [
            13,
            16
        ],
        [
            5,
            17
        ],
        [
            17,
            5
        ],
        [
            18,
            6
        ],
        [
            6,
            18
        ],
        [
            12,
            13
        ],
        [
            13,
            12
        ],
        [
            16,
            7
        ],
        [
            7,
            16
        ],
        [
            7,
            4
        ],
        [
            4,
            7
        ],
        [
            13,
            4
        ],
        [
            4,
            13
        ],
        [
            17,
            4
        ],
        [
            4,
            17
        ],
        [
            2,
            3
        ],
        [
            3,
            2
        ],
        [
            15,
            7
        ],
        [
            7,
            15
        ],
        [
            15,
            18
        ],
        [
            18,
            15
        ],
        [
            0,
            10
        ],
        [
            10,
            0
        ],
        [
            8,
            9
        ],
        [
            9,
            8
        ],
        [
            10,
            9
        ],
        [
            9,
            10
        ],
        [
            0,
            10
        ],
        [
            10,
            0
        ],
        [
            0,
            9
        ],
        [
            9,
            0
        ],
        [
            10,
            8
        ],
        [
            8,
            10
        ],
        [
            16,
            1
        ],
        [
            1,
            16
        ],
        [
            11,
            14
        ],
        [
            14,
            11
        ],
        [
            1,
            14
        ],
        [
            14,
            1
        ],
        [
            16,
            14
        ],
        [
            14,
            16
        ],
        [
            0,
            0
        ],
        [
            1,
            1
        ],
        [
            2,
            2
        ],
        [
            3,
            3
        ],
        [
            4,
            4
        ],
        [
            5,
            5
        ],
        [
            6,
            6
        ],
        [
            7,
            7
        ],
        [
            8,
            8
        ],
        [
            9,
            9
        ],
        [
            10,
            10
        ],
        [
            11,
            11
        ],
        [
            12,
            12
        ],
        [
            13,
            13
        ],
        [
            14,
            14
        ],
        [
            15,
            15
        ],
        [
            16,
            16
        ],
        [
            17,
            17
        ],
        [
            18,
            18
        ]
    ],
    "similarity": 0.47
}