{
    "coords": [
        [
            18.2269635360494,
            37.81933899894555
        ],
        [
            18.796655510159464,
            75.27024593709046
        ],
        [
            75.03893381957482,
            34.63192480410329
        ],
        [
            74.21900975510144,
            60.55784263027173
        ],
        [
            91.77561481353231,
            48.326052330947725
        ],
        [
            31.010030151115593,
            69.9472483134057
        ],
        [
            20.83780645618302,
            48.994921273783696
        ],
        [
            43.613974805419694,
            66.11504104957956
        ],
        [
            71.02402502246333,
            31.26845347208455
        ],
        [
            21.254898993501826,
            56.428709973773074
        ],
        [
            31.28226898044011,
            55.42273887737503
        ],
        [
            31.83540089891938,
            38.30860129264166
        ],
        [
            23.671916792757305,
            32.51715453159445
        ],
        [
            59.45401637042843,
            71.11704130530663
        ],
        [
            28.759494215985487,
            63.63599219679844
        ],
        [
            44.51569091233325,
            32.25365152095217
        ],
        [
            18.155853264778063,
            29.753492365998298
        ],
        [
            68.83514399720228,
            65.38295542325534
        ],
        [
            31.643477739936696,
            76.57137012907376
        ],
        [
            45.97823289630746,
            21.292121347655563
        ],
        [
            18.73031604654381,
            65.49411667289365
        ],
        [
            59.420440287632964,
            69.2517403216162
        ],
        [
            45.46022987257841,
            70.7255520023502
        ],
        [
            65.21503632858153,
            68.15467318418472
        ],
        [
            69.88714805651837,
            48.48496631031134
        ],
        [
            44.92930111350386,
            28.898106346495986
        ]
    ],
    "edges": [
        [
            16,
            8
        ],
        [
            8,
            16
        ],
        [
            16,
            20
        ],
        [
            20,
            16
        ],
        [
            8,
            17
        ],
        [
            17,
            8
        ],
        [
            20,
            17
        ],
        [
            17,
            20
        ],
        [
            6,
            24
        ],
        [
            24,
            6
        ],
        [
            25,
            7
        ],
        [
            7,
            25
        ],
        [
            16,
            17
        ],
        [
            17,
            16
        ],
        [
            20,
            8
        ],
        [
            8,
            20
        ],
        [
            8,
            4
        ],
        [
            4,
            8
        ],
        [
            17,
            4
        ],
        [
            4,
            17
        ],
        [
            24,
            4
        ],
        [
            4,
            24
        ],
        [
            2,
            3
        ],
        [
            3,
            2
        ],
        [
            19,
            8
        ],
        [
            8,
            19
        ],
        [
            19,
            25
        ],
        [
            25,
            19
        ],
        [
            0,
            11
        ],
        [
            11,
            0
        ],
        [
            9,
            10
        ],
        [
            10,
            9
        ],
        [
            11,
            10
        ],
        [
            10,
            11
        ],
        [
            0,
            11
        ],
        [
            11,
            0
        ],
        [
            0,
            10
        ],
        [
            10,
            0
        ],
        [
            11,
            9
        ],
        [
            9,
            11
        ],
        [
            20,
            1
        ],
        [
            1,
            20
        ],
        [
            14,
            18
        ],
        [
            18,
            14
        ],
        [
            1,
            18
        ],
        [
            18,
            1
        ],
        [
            20,
            18
        ],
        [
            18,
            20
        ],
        [
            22,
            7
        ],
        [
            7,
            22
        ],
        [
            5,
            23
        ],
        [
            23,
            5
        ],
        [
            21,
            13
        ],
        [
            13,
            21
        ],
        [
            12,
            15
        ],
        [
            15,
            12
        ],
        [
            0,
            0
        ],
        [
            1,
            1
        ],
        [
            2,
            2
        ],
        [
            3,
            3
        ],
        [
            4,
            4
        ],
        [
            5,
            5
        ],
        [
            6,
            6
        ],
        [
            7,
            7
        ],
        [
            8,
            8
        ],
        [
            9,
            9
        ],
        [
            10,
            10
        ],
        [
            11,
            11
        ],
        [
            12,
            12
        ],
        [
            13,
            13
        ],
        [
            14,
            14
        ],
        [
            15,
            15
        ],
        [
            16,
            16
        ],
        [
            17,
            17
        ],
        [
            18,
            18
        ],
        [
            19,
            19
        ],
        [
            20,
            20
        ],
        [
            21,
            21
        ],
        [
            22,
            22
        ],
        [
            23,
            23
        ],
        [
            24,
            24
        ],
        [
            25,
            25
        ]
    ],
    "similarity": 0.63
}