{
    "coords": [
        [
            47.173699730866176,
            62.05533042801181
        ],
        [
            18.165966229577094,
            33.86933963435686
        ],
        [
            73.90342418529194,
            29.97406611952926
        ],
        [
            18.378232010939993,
            62.222061731677826
        ],
        [
            66.92113189020195,
            63.77509081627902
        ],
        [
            87.73182941322442,
            44.080520655306785
        ],
        [
            23.103323476296744,
            48.82078195820884
        ],
        [
            71.79661684877162,
            49.907164571442166
        ],
        [
            45.99946340405826,
            31.3736600949855
        ]
    ],
    "edges": [
        [
            1,
            2
        ],
        [
            2,
            1
        ],
        [
            1,
            3
        ],
        [
            3,
            1
        ],
        [
            2,
            4
        ],
        [
            4,
            2
        ],
        [
            3,
            4
        ],
        [
            4,
            3
        ],
        [
            6,
            7
        ],
        [
            7,
            6
        ],
        [
            8,
            0
        ],
        [
            0,
            8
        ],
        [
            1,
            4
        ],
        [
            4,
            1
        ],
        [
            3,
            2
        ],
        [
            2,
            3
        ],
        [
            2,
            5
        ],
        [
            5,
            2
        ],
        [
            4,
            5
        ],
        [
            5,
            4
        ],
        [
            0,
            0
        ],
        [
            1,
            1
        ],
        [
            2,
            2
        ],
        [
            3,
            3
        ],
        [
            4,
            4
        ],
        [
            5,
            5
        ],
        [
            6,
            6
        ],
        [
            7,
            7
        ],
        [
            8,
            8
        ]
    ],
    "similarity": 0.2
}