{
    "coords": [
        [
            43.792228483685165,
            63.06907119614857
        ],
        [
            17.849262890704775,
            31.804613836678325
        ],
        [
            72.87212824681525,
            33.52419538987601
        ],
        [
            21.656779839159462,
            63.09064695197822
        ],
        [
            71.10842297379114,
            67.85208047180441
        ],
        [
            77.05192242994256,
            33.30696144421005
        ],
        [
            72.16319676202167,
            60.41955466314549
        ],
        [
            89.64081495674723,
            44.41169416135378
        ],
        [
            21.378365123936852,
            44.536180342928816
        ],
        [
            68.18345221884584,
            45.638018150031904
        ],
        [
            45.42987558434459,
            31.523038093610584
        ]
    ],
    "edges": [
        [
            1,
            2
        ],
        [
            2,
            1
        ],
        [
            1,
            3
        ],
        [
            3,
            1
        ],
        [
            2,
            4
        ],
        [
            4,
            2
        ],
        [
            3,
            4
        ],
        [
            4,
            3
        ],
        [
            8,
            9
        ],
        [
            9,
            8
        ],
        [
            10,
            0
        ],
        [
            0,
            10
        ],
        [
            1,
            4
        ],
        [
            4,
            1
        ],
        [
            3,
            2
        ],
        [
            2,
            3
        ],
        [
            2,
            7
        ],
        [
            7,
            2
        ],
        [
            4,
            7
        ],
        [
            7,
            4
        ],
        [
            9,
            7
        ],
        [
            7,
            9
        ],
        [
            5,
            6
        ],
        [
            6,
            5
        ],
        [
            0,
            0
        ],
        [
            1,
            1
        ],
        [
            2,
            2
        ],
        [
            3,
            3
        ],
        [
            4,
            4
        ],
        [
            5,
            5
        ],
        [
            6,
            6
        ],
        [
            7,
            7
        ],
        [
            8,
            8
        ],
        [
            9,
            9
        ],
        [
            10,
            10
        ]
    ],
    "similarity": 0.25
}