{
    "coords": [
        [
            17.94204249867281,
            40.189913184671965
        ],
        [
            17.38989956067088,
            76.17314503072544
        ],
        [
            77.38832754337491,
            35.36603906244072
        ],
        [
            75.55064081447712,
            60.98577689071457
        ],
        [
            91.418228166261,
            47.145188213890734
        ],
        [
            18.73769851357914,
            44.93580181645938
        ],
        [
            47.407212553405216,
            66.79553105612963
        ],
        [
            71.95839195996923,
            31.739767905499995
        ],
        [
            18.405474114480196,
            55.63998953801852
        ],
        [
            31.376984246865174,
            54.03221454302572
        ],
        [
            30.470705189330644,
            35.808017854859415
        ],
        [
            32.33084747388771,
            65.54318165957459
        ],
        [
            21.537009010583123,
            27.78644106016324
        ],
        [
            70.24532237397355,
            63.79261346155757
        ],
        [
            32.127112661171864,
            75.61894126066008
        ],
        [
            44.24675427436026,
            21.932828839137397
        ],
        [
            19.063055861614014,
            65.20735847118497
        ],
        [
            68.12719126181243,
            49.37113994313983
        ],
        [
            43.51792431811206,
            29.430205776956974
        ]
    ],
    "edges": [
        [
            12,
            7
        ],
        [
            7,
            12
        ],
        [
            12,
            16
        ],
        [
            16,
            12
        ],
        [
            7,
            13
        ],
        [
            13,
            7
        ],
        [
            16,
            13
        ],
        [
            13,
            16
        ],
        [
            5,
            17
        ],
        [
            17,
            5
        ],
        [
            18,
            6
        ],
        [
            6,
            18
        ],
        [
            12,
            13
        ],
        [
            13,
            12
        ],
        [
            16,
            7
        ],
        [
            7,
            16
        ],
        [
            7,
            4
        ],
        [
            4,
            7
        ],
        [
            13,
            4
        ],
        [
            4,
            13
        ],
        [
            17,
            4
        ],
        [
            4,
            17
        ],
        [
            2,
            3
        ],
        [
            3,
            2
        ],
        [
            15,
            7
        ],
        [
            7,
            15
        ],
        [
            15,
            18
        ],
        [
            18,
            15
        ],
        [
            0,
            10
        ],
        [
            10,
            0
        ],
        [
            8,
            9
        ],
        [
            9,
            8
        ],
        [
            10,
            9
        ],
        [
            9,
            10
        ],
        [
            0,
            10
        ],
        [
            10,
            0
        ],
        [
            0,
            9
        ],
        [
            9,
            0
        ],
        [
            10,
            8
        ],
        [
            8,
            10
        ],
        [
            16,
            1
        ],
        [
            1,
            16
        ],
        [
            11,
            14
        ],
        [
            14,
            11
        ],
        [
            0,
            0
        ],
        [
            1,
            1
        ],
        [
            2,
            2
        ],
        [
            3,
            3
        ],
        [
            4,
            4
        ],
        [
            5,
            5
        ],
        [
            6,
            6
        ],
        [
            7,
            7
        ],
        [
            8,
            8
        ],
        [
            9,
            9
        ],
        [
            10,
            10
        ],
        [
            11,
            11
        ],
        [
            12,
            12
        ],
        [
            13,
            13
        ],
        [
            14,
            14
        ],
        [
            15,
            15
        ],
        [
            16,
            16
        ],
        [
            17,
            17
        ],
        [
            18,
            18
        ]
    ],
    "similarity": 0.47
}