{
    "coords": [
        [
            19.836335595578312,
            68.94663136008609
        ],
        [
            71.86765811555807,
            61.597119884979776
        ],
        [
            20.66554407663471,
            33.854905822449446
        ],
        [
            69.63972803978888,
            32.66405942713968
        ]
    ],
    "edges": [
        [
            2,
            3
        ],
        [
            3,
            2
        ],
        [
            2,
            0
        ],
        [
            0,
            2
        ],
        [
            3,
            1
        ],
        [
            1,
            3
        ],
        [
            0,
            1
        ],
        [
            1,
            0
        ],
        [
            0,
            0
        ],
        [
            1,
            1
        ],
        [
            2,
            2
        ],
        [
            3,
            3
        ]
    ],
    "similarity": 0.04
}