{
    "coords": [
        [
            18.95948905223983,
            37.28083123911025
        ],
        [
            18.557523342451184,
            75.07228381846501
        ],
        [
            74.11048300701147,
            36.10992486860877
        ],
        [
            74.57622259425416,
            58.499386787613574
        ],
        [
            91.88772555755006,
            46.00220448114212
        ],
        [
            29.368646615055425,
            71.20432823132906
        ],
        [
            21.091769030943077,
            46.49681371436678
        ],
        [
            43.60211192705073,
            66.6288355066324
        ],
        [
            68.14455924486658,
            29.554882950436788
        ],
        [
            20.57342772587437,
            56.64599230620093
        ],
        [
            34.79947515428705,
            57.640001319630315
        ],
        [
            31.002721268892827,
            36.93549494735967
        ],
        [
            24.535456051453412,
            34.757209353572904
        ],
        [
            58.353033032216345,
            73.077700859136
        ],
        [
            31.031145994870034,
            63.84430931043917
        ],
        [
            45.26893546490435,
            33.86389274754561
        ],
        [
            20.03459814913765,
            31.0393000388746
        ],
        [
            70.95967814996128,
            66.04351066637179
        ],
        [
            31.80693019642828,
            73.16892429011592
        ],
        [
            45.59090148157393,
            19.668484964914814
        ],
        [
            19.653900402406418,
            66.07890393212998
        ],
        [
            61.574575850377705,
            65.78314267591054
        ],
        [
            43.9138659864596,
            69.97640341286781
        ],
        [
            65.29129800531786,
            69.39049541765223
        ],
        [
            70.9594774385917,
            47.92117915280146
        ],
        [
            45.75669337695631,
            29.342072481703752
        ]
    ],
    "edges": [
        [
            16,
            8
        ],
        [
            8,
            16
        ],
        [
            16,
            20
        ],
        [
            20,
            16
        ],
        [
            8,
            17
        ],
        [
            17,
            8
        ],
        [
            20,
            17
        ],
        [
            17,
            20
        ],
        [
            6,
            24
        ],
        [
            24,
            6
        ],
        [
            25,
            7
        ],
        [
            7,
            25
        ],
        [
            16,
            17
        ],
        [
            17,
            16
        ],
        [
            20,
            8
        ],
        [
            8,
            20
        ],
        [
            8,
            4
        ],
        [
            4,
            8
        ],
        [
            17,
            4
        ],
        [
            4,
            17
        ],
        [
            24,
            4
        ],
        [
            4,
            24
        ],
        [
            2,
            3
        ],
        [
            3,
            2
        ],
        [
            19,
            8
        ],
        [
            8,
            19
        ],
        [
            19,
            25
        ],
        [
            25,
            19
        ],
        [
            0,
            11
        ],
        [
            11,
            0
        ],
        [
            9,
            10
        ],
        [
            10,
            9
        ],
        [
            11,
            10
        ],
        [
            10,
            11
        ],
        [
            0,
            11
        ],
        [
            11,
            0
        ],
        [
            0,
            10
        ],
        [
            10,
            0
        ],
        [
            11,
            9
        ],
        [
            9,
            11
        ],
        [
            20,
            1
        ],
        [
            1,
            20
        ],
        [
            14,
            18
        ],
        [
            18,
            14
        ],
        [
            1,
            18
        ],
        [
            18,
            1
        ],
        [
            20,
            18
        ],
        [
            18,
            20
        ],
        [
            22,
            7
        ],
        [
            7,
            22
        ],
        [
            5,
            23
        ],
        [
            23,
            5
        ],
        [
            21,
            13
        ],
        [
            13,
            21
        ],
        [
            12,
            15
        ],
        [
            15,
            12
        ],
        [
            0,
            0
        ],
        [
            1,
            1
        ],
        [
            2,
            2
        ],
        [
            3,
            3
        ],
        [
            4,
            4
        ],
        [
            5,
            5
        ],
        [
            6,
            6
        ],
        [
            7,
            7
        ],
        [
            8,
            8
        ],
        [
            9,
            9
        ],
        [
            10,
            10
        ],
        [
            11,
            11
        ],
        [
            12,
            12
        ],
        [
            13,
            13
        ],
        [
            14,
            14
        ],
        [
            15,
            15
        ],
        [
            16,
            16
        ],
        [
            17,
            17
        ],
        [
            18,
            18
        ],
        [
            19,
            19
        ],
        [
            20,
            20
        ],
        [
            21,
            21
        ],
        [
            22,
            22
        ],
        [
            23,
            23
        ],
        [
            24,
            24
        ],
        [
            25,
            25
        ]
    ],
    "similarity": 0.62
}