{
    "coords": [
        [
            19.869462246409466,
            75.39754209089874
        ],
        [
            75.72172912087406,
            33.85684712842238
        ],
        [
            76.85660392457636,
            59.122492535942
        ],
        [
            88.97721875916437,
            46.75326040337833
        ],
        [
            21.191163121962102,
            46.97536050921974
        ],
        [
            45.516938557635015,
            63.946464014485
        ],
        [
            29.113106488028524,
            37.485171114988525
        ],
        [
            68.9822185841969,
            29.207867875035646
        ],
        [
            28.86866296858656,
            57.971354504622525
        ],
        [
            29.582006046094804,
            63.948346292610836
        ],
        [
            20.419548962493753,
            29.074051634745455
        ],
        [
            69.95138480774209,
            65.04040949937539
        ],
        [
            18.83770836002659,
            37.969640854196044
        ],
        [
            29.67814274353109,
            74.79756031258123
        ],
        [
            21.00545877510472,
            57.684807206182974
        ],
        [
            45.10472342127499,
            19.575104204149273
        ],
        [
            21.070515936222865,
            63.61512984869246
        ],
        [
            70.83946345629974,
            47.02787774520013
        ],
        [
            43.955327913548054,
            29.327744887773598
        ]
    ],
    "edges": [
        [
            10,
            7
        ],
        [
            7,
            10
        ],
        [
            10,
            16
        ],
        [
            16,
            10
        ],
        [
            7,
            11
        ],
        [
            11,
            7
        ],
        [
            16,
            11
        ],
        [
            11,
            16
        ],
        [
            4,
            17
        ],
        [
            17,
            4
        ],
        [
            18,
            5
        ],
        [
            5,
            18
        ],
        [
            10,
            11
        ],
        [
            11,
            10
        ],
        [
            16,
            7
        ],
        [
            7,
            16
        ],
        [
            7,
            3
        ],
        [
            3,
            7
        ],
        [
            11,
            3
        ],
        [
            3,
            11
        ],
        [
            17,
            3
        ],
        [
            3,
            17
        ],
        [
            1,
            2
        ],
        [
            2,
            1
        ],
        [
            15,
            7
        ],
        [
            7,
            15
        ],
        [
            15,
            18
        ],
        [
            18,
            15
        ],
        [
            12,
            6
        ],
        [
            6,
            12
        ],
        [
            14,
            8
        ],
        [
            8,
            14
        ],
        [
            6,
            8
        ],
        [
            8,
            6
        ],
        [
            12,
            8
        ],
        [
            8,
            12
        ],
        [
            6,
            14
        ],
        [
            14,
            6
        ],
        [
            16,
            0
        ],
        [
            0,
            16
        ],
        [
            9,
            13
        ],
        [
            13,
            9
        ],
        [
            0,
            0
        ],
        [
            1,
            1
        ],
        [
            2,
            2
        ],
        [
            3,
            3
        ],
        [
            4,
            4
        ],
        [
            5,
            5
        ],
        [
            6,
            6
        ],
        [
            7,
            7
        ],
        [
            8,
            8
        ],
        [
            9,
            9
        ],
        [
            10,
            10
        ],
        [
            11,
            11
        ],
        [
            12,
            12
        ],
        [
            13,
            13
        ],
        [
            14,
            14
        ],
        [
            15,
            15
        ],
        [
            16,
            16
        ],
        [
            17,
            17
        ],
        [
            18,
            18
        ]
    ],
    "similarity": 0.72
}