{
    "coords": [
        [
            46.62964377729109,
            67.46262598517885
        ],
        [
            20.492010595185505,
            28.920358509773447
        ],
        [
            67.57638723377939,
            27.82860284841521
        ],
        [
            18.2848199896391,
            61.578467376999825
        ],
        [
            72.68160804362384,
            61.55999915613044
        ],
        [
            75.64986790401396,
            32.20024476758318
        ],
        [
            77.3123756581897,
            63.456305508482274
        ],
        [
            91.50158648986204,
            50.496419858806895
        ],
        [
            23.42555646250379,
            45.580034939311886
        ],
        [
            68.49684915648551,
            44.09693036800888
        ],
        [
            43.0065645582979,
            28.48204435517096
        ]
    ],
    "edges": [
        [
            1,
            2
        ],
        [
            2,
            1
        ],
        [
            1,
            3
        ],
        [
            3,
            1
        ],
        [
            2,
            4
        ],
        [
            4,
            2
        ],
        [
            3,
            4
        ],
        [
            4,
            3
        ],
        [
            8,
            9
        ],
        [
            9,
            8
        ],
        [
            10,
            0
        ],
        [
            0,
            10
        ],
        [
            1,
            4
        ],
        [
            4,
            1
        ],
        [
            3,
            2
        ],
        [
            2,
            3
        ],
        [
            2,
            7
        ],
        [
            7,
            2
        ],
        [
            4,
            7
        ],
        [
            7,
            4
        ],
        [
            9,
            7
        ],
        [
            7,
            9
        ],
        [
            5,
            6
        ],
        [
            6,
            5
        ],
        [
            0,
            0
        ],
        [
            1,
            1
        ],
        [
            2,
            2
        ],
        [
            3,
            3
        ],
        [
            4,
            4
        ],
        [
            5,
            5
        ],
        [
            6,
            6
        ],
        [
            7,
            7
        ],
        [
            8,
            8
        ],
        [
            9,
            9
        ],
        [
            10,
            10
        ]
    ],
    "similarity": 0.29
}