{
    "coords": [
        [
            44.47189913163508,
            64.80077877113915
        ],
        [
            43.840949305483036,
            21.578758689042672
        ],
        [
            18.035375832448924,
            29.99232782432089
        ],
        [
            72.12213246139423,
            27.68801449595742
        ],
        [
            22.575306656091016,
            61.79085738359863
        ],
        [
            70.69931070463484,
            67.99131610607485
        ],
        [
            74.57405790718362,
            34.4369598186044
        ],
        [
            72.10446619217383,
            57.2918037746346
        ],
        [
            90.85384909384936,
            48.66072563490508
        ],
        [
            18.78781520730524,
            45.40881105070734
        ],
        [
            69.92201392866643,
            48.80971007153293
        ],
        [
            47.242041807113345,
            31.766136137490314
        ]
    ],
    "edges": [
        [
            2,
            3
        ],
        [
            3,
            2
        ],
        [
            2,
            4
        ],
        [
            4,
            2
        ],
        [
            3,
            5
        ],
        [
            5,
            3
        ],
        [
            4,
            5
        ],
        [
            5,
            4
        ],
        [
            9,
            10
        ],
        [
            10,
            9
        ],
        [
            11,
            0
        ],
        [
            0,
            11
        ],
        [
            2,
            5
        ],
        [
            5,
            2
        ],
        [
            4,
            3
        ],
        [
            3,
            4
        ],
        [
            3,
            8
        ],
        [
            8,
            3
        ],
        [
            5,
            8
        ],
        [
            8,
            5
        ],
        [
            10,
            8
        ],
        [
            8,
            10
        ],
        [
            6,
            7
        ],
        [
            7,
            6
        ],
        [
            1,
            3
        ],
        [
            3,
            1
        ],
        [
            1,
            11
        ],
        [
            11,
            1
        ],
        [
            0,
            0
        ],
        [
            1,
            1
        ],
        [
            2,
            2
        ],
        [
            3,
            3
        ],
        [
            4,
            4
        ],
        [
            5,
            5
        ],
        [
            6,
            6
        ],
        [
            7,
            7
        ],
        [
            8,
            8
        ],
        [
            9,
            9
        ],
        [
            10,
            10
        ],
        [
            11,
            11
        ]
    ],
    "similarity": 0.28
}