{
    "coords": [
        [
            46.066274957950725,
            64.94366471541527
        ],
        [
            18.77636848053198,
            29.531614084343246
        ],
        [
            70.6048707992259,
            31.017423846124196
        ],
        [
            19.094646699482855,
            61.491691302290974
        ],
        [
            70.0715942450883,
            63.82004400842685
        ],
        [
            92.36404932734825,
            49.10486176382821
        ],
        [
            20.937747088961117,
            50.082305250165504
        ],
        [
            72.94491304723661,
            45.538506002997856
        ],
        [
            41.65559915824203,
            28.91419954211913
        ]
    ],
    "edges": [
        [
            1,
            2
        ],
        [
            2,
            1
        ],
        [
            1,
            3
        ],
        [
            3,
            1
        ],
        [
            2,
            4
        ],
        [
            4,
            2
        ],
        [
            3,
            4
        ],
        [
            4,
            3
        ],
        [
            6,
            7
        ],
        [
            7,
            6
        ],
        [
            8,
            0
        ],
        [
            0,
            8
        ],
        [
            1,
            4
        ],
        [
            4,
            1
        ],
        [
            3,
            2
        ],
        [
            2,
            3
        ],
        [
            2,
            5
        ],
        [
            5,
            2
        ],
        [
            4,
            5
        ],
        [
            5,
            4
        ],
        [
            7,
            5
        ],
        [
            5,
            7
        ],
        [
            0,
            0
        ],
        [
            1,
            1
        ],
        [
            2,
            2
        ],
        [
            3,
            3
        ],
        [
            4,
            4
        ],
        [
            5,
            5
        ],
        [
            6,
            6
        ],
        [
            7,
            7
        ],
        [
            8,
            8
        ]
    ],
    "similarity": 0.22
}