{
    "coords": [
        [
            41.82241221957871,
            63.499333729238735
        ],
        [
            18.15950075909636,
            31.72875629453482
        ],
        [
            73.18714515714692,
            27.79215533999068
        ],
        [
            19.175775328196835,
            66.068065824495
        ],
        [
            72.52005472056287,
            62.42065939838535
        ],
        [
            88.11907286852656,
            45.87288634903829
        ],
        [
            16.409105728706038,
            46.03859530207734
        ],
        [
            68.97256977427946,
            46.95304174700114
        ],
        [
            41.87621969471835,
            33.85291062311509
        ]
    ],
    "edges": [
        [
            1,
            2
        ],
        [
            2,
            1
        ],
        [
            1,
            3
        ],
        [
            3,
            1
        ],
        [
            2,
            4
        ],
        [
            4,
            2
        ],
        [
            3,
            4
        ],
        [
            4,
            3
        ],
        [
            6,
            7
        ],
        [
            7,
            6
        ],
        [
            8,
            0
        ],
        [
            0,
            8
        ],
        [
            1,
            4
        ],
        [
            4,
            1
        ],
        [
            3,
            2
        ],
        [
            2,
            3
        ],
        [
            2,
            5
        ],
        [
            5,
            2
        ],
        [
            4,
            5
        ],
        [
            5,
            4
        ],
        [
            0,
            0
        ],
        [
            1,
            1
        ],
        [
            2,
            2
        ],
        [
            3,
            3
        ],
        [
            4,
            4
        ],
        [
            5,
            5
        ],
        [
            6,
            6
        ],
        [
            7,
            7
        ],
        [
            8,
            8
        ]
    ],
    "similarity": 0.2
}