{
    "coords": [
        [
            45.23987732095884,
            66.19097888017062
        ],
        [
            20.239175809274172,
            28.54485959917146
        ],
        [
            72.59567638782737,
            26.860795903503934
        ],
        [
            18.254433166958083,
            62.348037199272355
        ],
        [
            67.13090746691044,
            64.02016429619974
        ],
        [
            23.490062142248604,
            46.488510054648046
        ],
        [
            73.94301404829137,
            46.81795413632258
        ],
        [
            48.408494805301515,
            29.732636547752627
        ]
    ],
    "edges": [
        [
            1,
            2
        ],
        [
            2,
            1
        ],
        [
            1,
            3
        ],
        [
            3,
            1
        ],
        [
            2,
            4
        ],
        [
            4,
            2
        ],
        [
            3,
            4
        ],
        [
            4,
            3
        ],
        [
            5,
            6
        ],
        [
            6,
            5
        ],
        [
            7,
            0
        ],
        [
            0,
            7
        ],
        [
            0,
            0
        ],
        [
            1,
            1
        ],
        [
            2,
            2
        ],
        [
            3,
            3
        ],
        [
            4,
            4
        ],
        [
            5,
            5
        ],
        [
            6,
            6
        ],
        [
            7,
            7
        ]
    ],
    "similarity": 0.12
}