{
    "coords": [
        [
            45.765498978110294,
            67.28330939776637
        ],
        [
            47.010273199128974,
            22.04549279215048
        ],
        [
            17.455883211996728,
            29.06154581356648
        ],
        [
            71.93532425098496,
            27.038796152809464
        ],
        [
            21.87500546096031,
            63.11135126562432
        ],
        [
            71.73231692545343,
            63.70754083895581
        ],
        [
            75.86638494000113,
            32.79753309073741
        ],
        [
            72.75016918098831,
            57.54443526173379
        ],
        [
            89.61706988535403,
            45.06820419741797
        ],
        [
            20.4946478585194,
            50.50051038817907
        ],
        [
            70.25786247918283,
            50.15486440372999
        ],
        [
            46.7088823796272,
            28.48203877222417
        ]
    ],
    "edges": [
        [
            2,
            3
        ],
        [
            3,
            2
        ],
        [
            2,
            4
        ],
        [
            4,
            2
        ],
        [
            3,
            5
        ],
        [
            5,
            3
        ],
        [
            4,
            5
        ],
        [
            5,
            4
        ],
        [
            9,
            10
        ],
        [
            10,
            9
        ],
        [
            11,
            0
        ],
        [
            0,
            11
        ],
        [
            2,
            5
        ],
        [
            5,
            2
        ],
        [
            4,
            3
        ],
        [
            3,
            4
        ],
        [
            3,
            8
        ],
        [
            8,
            3
        ],
        [
            5,
            8
        ],
        [
            8,
            5
        ],
        [
            10,
            8
        ],
        [
            8,
            10
        ],
        [
            6,
            7
        ],
        [
            7,
            6
        ],
        [
            1,
            3
        ],
        [
            3,
            1
        ],
        [
            1,
            11
        ],
        [
            11,
            1
        ],
        [
            0,
            0
        ],
        [
            1,
            1
        ],
        [
            2,
            2
        ],
        [
            3,
            3
        ],
        [
            4,
            4
        ],
        [
            5,
            5
        ],
        [
            6,
            6
        ],
        [
            7,
            7
        ],
        [
            8,
            8
        ],
        [
            9,
            9
        ],
        [
            10,
            10
        ],
        [
            11,
            11
        ]
    ],
    "similarity": 0.39
}