{
    "coords": [
        [
            42.05178665661935,
            65.73794429419794
        ],
        [
            16.813023941429922,
            27.78667752590946
        ],
        [
            67.25023732810153,
            27.95056662069819
        ],
        [
            19.188035091301614,
            67.75525915951079
        ],
        [
            71.61776046045605,
            68.24670375593094
        ],
        [
            78.69477623053504,
            32.345099492145906
        ],
        [
            76.18968201430165,
            56.69836303977668
        ],
        [
            92.83586954986367,
            49.60159032604401
        ],
        [
            23.0899075089431,
            50.49062063707385
        ],
        [
            70.39439641676499,
            48.26136658577631
        ],
        [
            42.96745294757545,
            32.089212582282734
        ]
    ],
    "edges": [
        [
            1,
            2
        ],
        [
            2,
            1
        ],
        [
            1,
            3
        ],
        [
            3,
            1
        ],
        [
            2,
            4
        ],
        [
            4,
            2
        ],
        [
            3,
            4
        ],
        [
            4,
            3
        ],
        [
            8,
            9
        ],
        [
            9,
            8
        ],
        [
            10,
            0
        ],
        [
            0,
            10
        ],
        [
            1,
            4
        ],
        [
            4,
            1
        ],
        [
            3,
            2
        ],
        [
            2,
            3
        ],
        [
            2,
            7
        ],
        [
            7,
            2
        ],
        [
            4,
            7
        ],
        [
            7,
            4
        ],
        [
            9,
            7
        ],
        [
            7,
            9
        ],
        [
            5,
            6
        ],
        [
            6,
            5
        ],
        [
            0,
            0
        ],
        [
            1,
            1
        ],
        [
            2,
            2
        ],
        [
            3,
            3
        ],
        [
            4,
            4
        ],
        [
            5,
            5
        ],
        [
            6,
            6
        ],
        [
            7,
            7
        ],
        [
            8,
            8
        ],
        [
            9,
            9
        ],
        [
            10,
            10
        ]
    ],
    "similarity": 0.29
}