{
    "coords": [
        [
            43.348343895712354,
            65.69425226290815
        ],
        [
            45.301797571028416,
            20.530613957855998
        ],
        [
            18.48749015749774,
            29.051303601943733
        ],
        [
            70.76200080104437,
            29.827035706369802
        ],
        [
            20.78032576147909,
            62.27125959816755
        ],
        [
            68.09546254083156,
            66.27360596478688
        ],
        [
            74.09414897733473,
            36.767315840929285
        ],
        [
            17.50897429012315,
            38.64382728829031
        ],
        [
            22.71720585019746,
            57.14027034664547
        ],
        [
            77.62943562969994,
            61.42497240475727
        ],
        [
            87.58500697485646,
            49.34329711903833
        ],
        [
            31.123093026037598,
            57.55869473047102
        ],
        [
            32.740889074792584,
            35.243567628225165
        ],
        [
            22.395794985889882,
            47.351069263107284
        ],
        [
            72.80595402666488,
            47.51395236607453
        ],
        [
            42.413580409669656,
            30.108996499262147
        ]
    ],
    "edges": [
        [
            2,
            3
        ],
        [
            3,
            2
        ],
        [
            2,
            4
        ],
        [
            4,
            2
        ],
        [
            3,
            5
        ],
        [
            5,
            3
        ],
        [
            4,
            5
        ],
        [
            5,
            4
        ],
        [
            13,
            14
        ],
        [
            14,
            13
        ],
        [
            15,
            0
        ],
        [
            0,
            15
        ],
        [
            2,
            5
        ],
        [
            5,
            2
        ],
        [
            4,
            3
        ],
        [
            3,
            4
        ],
        [
            3,
            10
        ],
        [
            10,
            3
        ],
        [
            5,
            10
        ],
        [
            10,
            5
        ],
        [
            14,
            10
        ],
        [
            10,
            14
        ],
        [
            6,
            9
        ],
        [
            9,
            6
        ],
        [
            1,
            3
        ],
        [
            3,
            1
        ],
        [
            1,
            15
        ],
        [
            15,
            1
        ],
        [
            7,
            12
        ],
        [
            12,
            7
        ],
        [
            8,
            11
        ],
        [
            11,
            8
        ],
        [
            12,
            11
        ],
        [
            11,
            12
        ],
        [
            7,
            12
        ],
        [
            12,
            7
        ],
        [
            7,
            11
        ],
        [
            11,
            7
        ],
        [
            12,
            8
        ],
        [
            8,
            12
        ],
        [
            0,
            0
        ],
        [
            1,
            1
        ],
        [
            2,
            2
        ],
        [
            3,
            3
        ],
        [
            4,
            4
        ],
        [
            5,
            5
        ],
        [
            6,
            6
        ],
        [
            7,
            7
        ],
        [
            8,
            8
        ],
        [
            9,
            9
        ],
        [
            10,
            10
        ],
        [
            11,
            11
        ],
        [
            12,
            12
        ],
        [
            13,
            13
        ],
        [
            14,
            14
        ],
        [
            15,
            15
        ]
    ],
    "similarity": 0.38
}