{
    "coords": [
        [
            20.06828281976825,
            75.08966656537176
        ],
        [
            75.53347729463735,
            35.09649295517141
        ],
        [
            75.51474861432114,
            60.018930996255875
        ],
        [
            89.96855267138311,
            47.46980843361011
        ],
        [
            29.92081475380019,
            69.98983386995883
        ],
        [
            19.934576955046666,
            47.488758435078054
        ],
        [
            45.0306868646784,
            65.08440848176303
        ],
        [
            29.919403303170654,
            36.920411668709114
        ],
        [
            70.00176821263047,
            29.944602898821802
        ],
        [
            30.04665852462248,
            57.95122459637082
        ],
        [
            60.045433328195735,
            72.54067883767739
        ],
        [
            30.08049479506107,
            65.00267884122775
        ],
        [
            19.917209991183764,
            30.06435123309847
        ],
        [
            69.98523015303222,
            65.04059726731414
        ],
        [
            19.93090655592815,
            36.93166081462559
        ],
        [
            29.988751533826715,
            75.06928110953181
        ],
        [
            20.034213764365045,
            58.09841397870732
        ],
        [
            44.95530789737125,
            20.00750721338209
        ],
        [
            20.06150799770866,
            64.95229283686751
        ],
        [
            60.01653637869249,
            67.56219783292752
        ],
        [
            45.079339942276484,
            69.99312871744252
        ],
        [
            64.93452483933895,
            70.03986394684816
        ],
        [
            69.93956216951783,
            47.4913178646088
        ],
        [
            44.90512327277676,
            29.955194283488492
        ]
    ],
    "edges": [
        [
            12,
            8
        ],
        [
            8,
            12
        ],
        [
            12,
            18
        ],
        [
            18,
            12
        ],
        [
            8,
            13
        ],
        [
            13,
            8
        ],
        [
            18,
            13
        ],
        [
            13,
            18
        ],
        [
            5,
            22
        ],
        [
            22,
            5
        ],
        [
            23,
            6
        ],
        [
            6,
            23
        ],
        [
            12,
            13
        ],
        [
            13,
            12
        ],
        [
            18,
            8
        ],
        [
            8,
            18
        ],
        [
            8,
            3
        ],
        [
            3,
            8
        ],
        [
            13,
            3
        ],
        [
            3,
            13
        ],
        [
            22,
            3
        ],
        [
            3,
            22
        ],
        [
            1,
            2
        ],
        [
            2,
            1
        ],
        [
            17,
            8
        ],
        [
            8,
            17
        ],
        [
            17,
            23
        ],
        [
            23,
            17
        ],
        [
            14,
            7
        ],
        [
            7,
            14
        ],
        [
            16,
            9
        ],
        [
            9,
            16
        ],
        [
            7,
            9
        ],
        [
            9,
            7
        ],
        [
            14,
            9
        ],
        [
            9,
            14
        ],
        [
            7,
            16
        ],
        [
            16,
            7
        ],
        [
            18,
            0
        ],
        [
            0,
            18
        ],
        [
            11,
            15
        ],
        [
            15,
            11
        ],
        [
            0,
            15
        ],
        [
            15,
            0
        ],
        [
            18,
            15
        ],
        [
            15,
            18
        ],
        [
            20,
            6
        ],
        [
            6,
            20
        ],
        [
            4,
            21
        ],
        [
            21,
            4
        ],
        [
            19,
            10
        ],
        [
            10,
            19
        ],
        [
            0,
            0
        ],
        [
            1,
            1
        ],
        [
            2,
            2
        ],
        [
            3,
            3
        ],
        [
            4,
            4
        ],
        [
            5,
            5
        ],
        [
            6,
            6
        ],
        [
            7,
            7
        ],
        [
            8,
            8
        ],
        [
            9,
            9
        ],
        [
            10,
            10
        ],
        [
            11,
            11
        ],
        [
            12,
            12
        ],
        [
            13,
            13
        ],
        [
            14,
            14
        ],
        [
            15,
            15
        ],
        [
            16,
            16
        ],
        [
            17,
            17
        ],
        [
            18,
            18
        ],
        [
            19,
            19
        ],
        [
            20,
            20
        ],
        [
            21,
            21
        ],
        [
            22,
            22
        ],
        [
            23,
            23
        ]
    ],
    "similarity": 0.98
}