{
    "coords": [
        [
            17.746510367076787,
            39.02312465136723
        ],
        [
            20.141050599600767,
            77.38664662112546
        ],
        [
            73.3834361393525,
            33.96124852920819
        ],
        [
            77.63218328647577,
            59.28789407916162
        ],
        [
            88.60826066472839,
            46.28779731189864
        ],
        [
            21.27014133015105,
            49.56892320388492
        ],
        [
            43.841704503439544,
            62.692061290040584
        ],
        [
            70.88044463772728,
            31.587747664629948
        ],
        [
            20.40612155489687,
            54.647063291888855
        ],
        [
            32.85437451553484,
            54.525485540839966
        ],
        [
            30.615682079185646,
            35.94749243384065
        ],
        [
            27.962364353679114,
            63.44441360682217
        ],
        [
            21.656067433865168,
            28.843957578387464
        ],
        [
            68.1863039576078,
            62.632702133854174
        ],
        [
            32.19749309946984,
            76.13984843573867
        ],
        [
            44.3342924600328,
            19.777597984076117
        ],
        [
            19.116142844679818,
            64.59546503212582
        ],
        [
            71.39038733879858,
            48.56639165115138
        ],
        [
            46.96076319073169,
            31.727708273917344
        ]
    ],
    "edges": [
        [
            12,
            7
        ],
        [
            7,
            12
        ],
        [
            12,
            16
        ],
        [
            16,
            12
        ],
        [
            7,
            13
        ],
        [
            13,
            7
        ],
        [
            16,
            13
        ],
        [
            13,
            16
        ],
        [
            5,
            17
        ],
        [
            17,
            5
        ],
        [
            18,
            6
        ],
        [
            6,
            18
        ],
        [
            12,
            13
        ],
        [
            13,
            12
        ],
        [
            16,
            7
        ],
        [
            7,
            16
        ],
        [
            7,
            4
        ],
        [
            4,
            7
        ],
        [
            13,
            4
        ],
        [
            4,
            13
        ],
        [
            17,
            4
        ],
        [
            4,
            17
        ],
        [
            2,
            3
        ],
        [
            3,
            2
        ],
        [
            15,
            7
        ],
        [
            7,
            15
        ],
        [
            15,
            18
        ],
        [
            18,
            15
        ],
        [
            0,
            10
        ],
        [
            10,
            0
        ],
        [
            8,
            9
        ],
        [
            9,
            8
        ],
        [
            10,
            9
        ],
        [
            9,
            10
        ],
        [
            0,
            10
        ],
        [
            10,
            0
        ],
        [
            0,
            9
        ],
        [
            9,
            0
        ],
        [
            10,
            8
        ],
        [
            8,
            10
        ],
        [
            16,
            1
        ],
        [
            1,
            16
        ],
        [
            11,
            14
        ],
        [
            14,
            11
        ],
        [
            0,
            0
        ],
        [
            1,
            1
        ],
        [
            2,
            2
        ],
        [
            3,
            3
        ],
        [
            4,
            4
        ],
        [
            5,
            5
        ],
        [
            6,
            6
        ],
        [
            7,
            7
        ],
        [
            8,
            8
        ],
        [
            9,
            9
        ],
        [
            10,
            10
        ],
        [
            11,
            11
        ],
        [
            12,
            12
        ],
        [
            13,
            13
        ],
        [
            14,
            14
        ],
        [
            15,
            15
        ],
        [
            16,
            16
        ],
        [
            17,
            17
        ],
        [
            18,
            18
        ]
    ],
    "similarity": 0.5
}