{
    "coords": [
        [
            19.58835933027902,
            39.90222063874124
        ],
        [
            19.333939798957616,
            76.77088416590703
        ],
        [
            76.62109222924708,
            35.530839260392774
        ],
        [
            75.51375534033069,
            58.56619364411743
        ],
        [
            92.18476841391227,
            49.808837709761974
        ],
        [
            18.060073610488804,
            48.566865841315476
        ],
        [
            43.106674137580676,
            65.65907852633451
        ],
        [
            67.60951498980681,
            31.035371079885188
        ],
        [
            18.094594030840838,
            57.04205119594758
        ],
        [
            35.29383189826446,
            55.132409168888266
        ],
        [
            31.54725569337066,
            39.61421046716847
        ],
        [
            31.585544884614183,
            66.54247250046667
        ],
        [
            22.077559569484293,
            28.791200240311575
        ],
        [
            69.74751138266691,
            65.40973016638831
        ],
        [
            30.996756979396334,
            76.86157735116988
        ],
        [
            45.67590301214406,
            19.469967334410462
        ],
        [
            20.724285077661442,
            66.08690449634155
        ],
        [
            68.29192646674147,
            49.216945864044405
        ],
        [
            44.310938322395636,
            30.8469898614002
        ]
    ],
    "edges": [
        [
            12,
            7
        ],
        [
            7,
            12
        ],
        [
            12,
            16
        ],
        [
            16,
            12
        ],
        [
            7,
            13
        ],
        [
            13,
            7
        ],
        [
            16,
            13
        ],
        [
            13,
            16
        ],
        [
            5,
            17
        ],
        [
            17,
            5
        ],
        [
            18,
            6
        ],
        [
            6,
            18
        ],
        [
            12,
            13
        ],
        [
            13,
            12
        ],
        [
            16,
            7
        ],
        [
            7,
            16
        ],
        [
            7,
            4
        ],
        [
            4,
            7
        ],
        [
            13,
            4
        ],
        [
            4,
            13
        ],
        [
            17,
            4
        ],
        [
            4,
            17
        ],
        [
            2,
            3
        ],
        [
            3,
            2
        ],
        [
            15,
            7
        ],
        [
            7,
            15
        ],
        [
            15,
            18
        ],
        [
            18,
            15
        ],
        [
            0,
            10
        ],
        [
            10,
            0
        ],
        [
            8,
            9
        ],
        [
            9,
            8
        ],
        [
            10,
            9
        ],
        [
            9,
            10
        ],
        [
            0,
            10
        ],
        [
            10,
            0
        ],
        [
            0,
            9
        ],
        [
            9,
            0
        ],
        [
            10,
            8
        ],
        [
            8,
            10
        ],
        [
            16,
            1
        ],
        [
            1,
            16
        ],
        [
            11,
            14
        ],
        [
            14,
            11
        ],
        [
            1,
            14
        ],
        [
            14,
            1
        ],
        [
            16,
            14
        ],
        [
            14,
            16
        ],
        [
            0,
            0
        ],
        [
            1,
            1
        ],
        [
            2,
            2
        ],
        [
            3,
            3
        ],
        [
            4,
            4
        ],
        [
            5,
            5
        ],
        [
            6,
            6
        ],
        [
            7,
            7
        ],
        [
            8,
            8
        ],
        [
            9,
            9
        ],
        [
            10,
            10
        ],
        [
            11,
            11
        ],
        [
            12,
            12
        ],
        [
            13,
            13
        ],
        [
            14,
            14
        ],
        [
            15,
            15
        ],
        [
            16,
            16
        ],
        [
            17,
            17
        ],
        [
            18,
            18
        ]
    ],
    "similarity": 0.51
}