{
    "coords": [
        [
            20.77434309349668,
            39.51764017221507
        ],
        [
            19.35366834897637,
            75.40319546740336
        ],
        [
            76.60472552294195,
            32.975078324247804
        ],
        [
            73.02511801812369,
            59.76145144570494
        ],
        [
            91.960561032611,
            46.291724236138705
        ],
        [
            17.737796515310865,
            47.49863534086681
        ],
        [
            42.57054353501707,
            65.80098071069357
        ],
        [
            67.9169105156578,
            28.814276767566472
        ],
        [
            18.332521896712016,
            57.98749814074537
        ],
        [
            32.75832793376145,
            53.58714599211032
        ],
        [
            33.804272169960505,
            36.39699909112565
        ],
        [
            31.840681442136628,
            66.38561811708063
        ],
        [
            18.325736601026666,
            32.066764606407894
        ],
        [
            67.8798575218428,
            64.84393721949176
        ],
        [
            28.13996335869853,
            75.01410839442651
        ],
        [
            44.10387035065753,
            22.489823405906915
        ],
        [
            20.556355454448475,
            64.31396896926267
        ],
        [
            71.77345763225551,
            47.34762069762657
        ],
        [
            43.33749725913279,
            27.621537681654225
        ]
    ],
    "edges": [
        [
            12,
            7
        ],
        [
            7,
            12
        ],
        [
            12,
            16
        ],
        [
            16,
            12
        ],
        [
            7,
            13
        ],
        [
            13,
            7
        ],
        [
            16,
            13
        ],
        [
            13,
            16
        ],
        [
            5,
            17
        ],
        [
            17,
            5
        ],
        [
            18,
            6
        ],
        [
            6,
            18
        ],
        [
            12,
            13
        ],
        [
            13,
            12
        ],
        [
            16,
            7
        ],
        [
            7,
            16
        ],
        [
            7,
            4
        ],
        [
            4,
            7
        ],
        [
            13,
            4
        ],
        [
            4,
            13
        ],
        [
            17,
            4
        ],
        [
            4,
            17
        ],
        [
            2,
            3
        ],
        [
            3,
            2
        ],
        [
            15,
            7
        ],
        [
            7,
            15
        ],
        [
            15,
            18
        ],
        [
            18,
            15
        ],
        [
            0,
            10
        ],
        [
            10,
            0
        ],
        [
            8,
            9
        ],
        [
            9,
            8
        ],
        [
            10,
            9
        ],
        [
            9,
            10
        ],
        [
            0,
            10
        ],
        [
            10,
            0
        ],
        [
            0,
            9
        ],
        [
            9,
            0
        ],
        [
            10,
            8
        ],
        [
            8,
            10
        ],
        [
            16,
            1
        ],
        [
            1,
            16
        ],
        [
            11,
            14
        ],
        [
            14,
            11
        ],
        [
            0,
            0
        ],
        [
            1,
            1
        ],
        [
            2,
            2
        ],
        [
            3,
            3
        ],
        [
            4,
            4
        ],
        [
            5,
            5
        ],
        [
            6,
            6
        ],
        [
            7,
            7
        ],
        [
            8,
            8
        ],
        [
            9,
            9
        ],
        [
            10,
            10
        ],
        [
            11,
            11
        ],
        [
            12,
            12
        ],
        [
            13,
            13
        ],
        [
            14,
            14
        ],
        [
            15,
            15
        ],
        [
            16,
            16
        ],
        [
            17,
            17
        ],
        [
            18,
            18
        ]
    ],
    "similarity": 0.49
}