{
    "coords": [
        [
            47.23780800221569,
            64.26896135657547
        ],
        [
            42.39226406139116,
            21.728879721542068
        ],
        [
            20.800942101001482,
            30.91076669520315
        ],
        [
            68.6212524554575,
            27.716930372158195
        ],
        [
            18.131645788177607,
            66.48103923922504
        ],
        [
            72.71056176473583,
            61.815049530951505
        ],
        [
            78.26446432898298,
            34.2837623476083
        ],
        [
            19.239985224822057,
            38.65921369456313
        ],
        [
            18.148189550917337,
            53.424304659694535
        ],
        [
            75.86874151412333,
            59.35190317084695
        ],
        [
            89.5923358742209,
            47.469756746100686
        ],
        [
            35.59982542550115,
            57.55576025101158
        ],
        [
            17.086861696040362,
            46.22694262533204
        ],
        [
            67.03538321968391,
            46.25468772971864
        ],
        [
            35.805866577543185,
            38.200309146014035
        ],
        [
            46.82584027385532,
            26.775128080417844
        ]
    ],
    "edges": [
        [
            2,
            3
        ],
        [
            3,
            2
        ],
        [
            2,
            4
        ],
        [
            4,
            2
        ],
        [
            3,
            5
        ],
        [
            5,
            3
        ],
        [
            4,
            5
        ],
        [
            5,
            4
        ],
        [
            12,
            13
        ],
        [
            13,
            12
        ],
        [
            15,
            0
        ],
        [
            0,
            15
        ],
        [
            2,
            5
        ],
        [
            5,
            2
        ],
        [
            4,
            3
        ],
        [
            3,
            4
        ],
        [
            3,
            10
        ],
        [
            10,
            3
        ],
        [
            5,
            10
        ],
        [
            10,
            5
        ],
        [
            13,
            10
        ],
        [
            10,
            13
        ],
        [
            6,
            9
        ],
        [
            9,
            6
        ],
        [
            1,
            3
        ],
        [
            3,
            1
        ],
        [
            1,
            15
        ],
        [
            15,
            1
        ],
        [
            7,
            14
        ],
        [
            14,
            7
        ],
        [
            8,
            11
        ],
        [
            11,
            8
        ],
        [
            0,
            0
        ],
        [
            1,
            1
        ],
        [
            2,
            2
        ],
        [
            3,
            3
        ],
        [
            4,
            4
        ],
        [
            5,
            5
        ],
        [
            6,
            6
        ],
        [
            7,
            7
        ],
        [
            8,
            8
        ],
        [
            9,
            9
        ],
        [
            10,
            10
        ],
        [
            11,
            11
        ],
        [
            12,
            12
        ],
        [
            13,
            13
        ],
        [
            14,
            14
        ],
        [
            15,
            15
        ]
    ],
    "similarity": 0.32
}