{
    "coords": [
        [
            41.351896370677466,
            63.29397045238929
        ],
        [
            20.504118842180112,
            30.70705337991261
        ],
        [
            69.50097716700014,
            27.48219420170595
        ],
        [
            21.858524989730974,
            64.90221353498707
        ],
        [
            73.56545475108587,
            63.87249598695635
        ],
        [
            73.8122044041388,
            36.834216867624555
        ],
        [
            78.82737662981104,
            60.142536766959786
        ],
        [
            88.18227106285309,
            49.71473550535573
        ],
        [
            17.244516715037022,
            45.75128365915518
        ],
        [
            66.85930239626369,
            47.3541487743414
        ],
        [
            45.356211378950114,
            27.226580261754485
        ]
    ],
    "edges": [
        [
            1,
            2
        ],
        [
            2,
            1
        ],
        [
            1,
            3
        ],
        [
            3,
            1
        ],
        [
            2,
            4
        ],
        [
            4,
            2
        ],
        [
            3,
            4
        ],
        [
            4,
            3
        ],
        [
            8,
            9
        ],
        [
            9,
            8
        ],
        [
            10,
            0
        ],
        [
            0,
            10
        ],
        [
            1,
            4
        ],
        [
            4,
            1
        ],
        [
            3,
            2
        ],
        [
            2,
            3
        ],
        [
            2,
            7
        ],
        [
            7,
            2
        ],
        [
            4,
            7
        ],
        [
            7,
            4
        ],
        [
            9,
            7
        ],
        [
            7,
            9
        ],
        [
            5,
            6
        ],
        [
            6,
            5
        ],
        [
            0,
            0
        ],
        [
            1,
            1
        ],
        [
            2,
            2
        ],
        [
            3,
            3
        ],
        [
            4,
            4
        ],
        [
            5,
            5
        ],
        [
            6,
            6
        ],
        [
            7,
            7
        ],
        [
            8,
            8
        ],
        [
            9,
            9
        ],
        [
            10,
            10
        ]
    ],
    "similarity": 0.26
}