{
    "coords": [
        [
            43.248699607793235,
            63.725887546408785
        ],
        [
            48.243365644591854,
            22.06292262193546
        ],
        [
            18.518822396115503,
            31.808019196285137
        ],
        [
            70.16123487853591,
            30.03053755987209
        ],
        [
            20.82043790646553,
            64.90494058976536
        ],
        [
            70.11484941714886,
            65.59320967703901
        ],
        [
            76.56171315692583,
            37.97583977148593
        ],
        [
            22.618327754898246,
            40.01423141584398
        ],
        [
            19.56411625354682,
            53.386415568544315
        ],
        [
            75.1615167936122,
            56.800869282277695
        ],
        [
            93.2722815527521,
            45.02436927421653
        ],
        [
            33.88347556990921,
            55.12552033539281
        ],
        [
            22.71356698378914,
            49.04999301505758
        ],
        [
            72.81727614364533,
            45.3177568513886
        ],
        [
            30.316721391092848,
            36.21768269008748
        ],
        [
            45.07794481949779,
            30.820221388639467
        ]
    ],
    "edges": [
        [
            2,
            3
        ],
        [
            3,
            2
        ],
        [
            2,
            4
        ],
        [
            4,
            2
        ],
        [
            3,
            5
        ],
        [
            5,
            3
        ],
        [
            4,
            5
        ],
        [
            5,
            4
        ],
        [
            12,
            13
        ],
        [
            13,
            12
        ],
        [
            15,
            0
        ],
        [
            0,
            15
        ],
        [
            2,
            5
        ],
        [
            5,
            2
        ],
        [
            4,
            3
        ],
        [
            3,
            4
        ],
        [
            3,
            10
        ],
        [
            10,
            3
        ],
        [
            5,
            10
        ],
        [
            10,
            5
        ],
        [
            13,
            10
        ],
        [
            10,
            13
        ],
        [
            6,
            9
        ],
        [
            9,
            6
        ],
        [
            1,
            3
        ],
        [
            3,
            1
        ],
        [
            1,
            15
        ],
        [
            15,
            1
        ],
        [
            7,
            14
        ],
        [
            14,
            7
        ],
        [
            8,
            11
        ],
        [
            11,
            8
        ],
        [
            0,
            0
        ],
        [
            1,
            1
        ],
        [
            2,
            2
        ],
        [
            3,
            3
        ],
        [
            4,
            4
        ],
        [
            5,
            5
        ],
        [
            6,
            6
        ],
        [
            7,
            7
        ],
        [
            8,
            8
        ],
        [
            9,
            9
        ],
        [
            10,
            10
        ],
        [
            11,
            11
        ],
        [
            12,
            12
        ],
        [
            13,
            13
        ],
        [
            14,
            14
        ],
        [
            15,
            15
        ]
    ],
    "similarity": 0.34
}