{
    "coords": [
        [
            44.81222208690095,
            67.5581906775884
        ],
        [
            47.77900236219873,
            21.445661419626372
        ],
        [
            19.37515732305988,
            32.982116122638075
        ],
        [
            72.70632732655064,
            28.10382251695198
        ],
        [
            21.371417390611448,
            63.170270492598966
        ],
        [
            67.9538721925631,
            62.02021697335605
        ],
        [
            75.83974080000009,
            37.160313403645276
        ],
        [
            20.874684137018757,
            40.97300770787887
        ],
        [
            20.433714688791067,
            56.45208634104996
        ],
        [
            75.50428530912777,
            58.184930610958745
        ],
        [
            90.99753310219073,
            48.75228304995384
        ],
        [
            33.70243944430166,
            52.92182138373886
        ],
        [
            31.49162555341381,
            35.99752505363102
        ],
        [
            17.111640486454508,
            48.13629543851732
        ],
        [
            70.45465822154718,
            44.40655421305745
        ],
        [
            44.6333007212093,
            31.489724013584116
        ]
    ],
    "edges": [
        [
            2,
            3
        ],
        [
            3,
            2
        ],
        [
            2,
            4
        ],
        [
            4,
            2
        ],
        [
            3,
            5
        ],
        [
            5,
            3
        ],
        [
            4,
            5
        ],
        [
            5,
            4
        ],
        [
            13,
            14
        ],
        [
            14,
            13
        ],
        [
            15,
            0
        ],
        [
            0,
            15
        ],
        [
            2,
            5
        ],
        [
            5,
            2
        ],
        [
            4,
            3
        ],
        [
            3,
            4
        ],
        [
            3,
            10
        ],
        [
            10,
            3
        ],
        [
            5,
            10
        ],
        [
            10,
            5
        ],
        [
            14,
            10
        ],
        [
            10,
            14
        ],
        [
            6,
            9
        ],
        [
            9,
            6
        ],
        [
            1,
            3
        ],
        [
            3,
            1
        ],
        [
            1,
            15
        ],
        [
            15,
            1
        ],
        [
            7,
            12
        ],
        [
            12,
            7
        ],
        [
            8,
            11
        ],
        [
            11,
            8
        ],
        [
            12,
            11
        ],
        [
            11,
            12
        ],
        [
            7,
            12
        ],
        [
            12,
            7
        ],
        [
            0,
            0
        ],
        [
            1,
            1
        ],
        [
            2,
            2
        ],
        [
            3,
            3
        ],
        [
            4,
            4
        ],
        [
            5,
            5
        ],
        [
            6,
            6
        ],
        [
            7,
            7
        ],
        [
            8,
            8
        ],
        [
            9,
            9
        ],
        [
            10,
            10
        ],
        [
            11,
            11
        ],
        [
            12,
            12
        ],
        [
            13,
            13
        ],
        [
            14,
            14
        ],
        [
            15,
            15
        ]
    ],
    "similarity": 0.38
}