{
    "coords": [
        [
            46.142610469574855,
            65.82931222230944
        ],
        [
            20.359336796484314,
            33.384316053244966
        ],
        [
            67.79608620583149,
            33.14129710076625
        ],
        [
            18.231884601775388,
            65.05668626742317
        ],
        [
            72.63952211120875,
            64.81577002475642
        ],
        [
            77.21122444204507,
            37.21558834895642
        ],
        [
            74.26319657714116,
            62.610666051474155
        ],
        [
            91.57073769574066,
            43.9509272373036
        ],
        [
            19.316294512497702,
            48.82463917392404
        ],
        [
            69.40665012333233,
            49.32537034466468
        ],
        [
            42.366999174087425,
            32.16099549509171
        ]
    ],
    "edges": [
        [
            1,
            2
        ],
        [
            2,
            1
        ],
        [
            1,
            3
        ],
        [
            3,
            1
        ],
        [
            2,
            4
        ],
        [
            4,
            2
        ],
        [
            3,
            4
        ],
        [
            4,
            3
        ],
        [
            8,
            9
        ],
        [
            9,
            8
        ],
        [
            10,
            0
        ],
        [
            0,
            10
        ],
        [
            1,
            4
        ],
        [
            4,
            1
        ],
        [
            3,
            2
        ],
        [
            2,
            3
        ],
        [
            2,
            7
        ],
        [
            7,
            2
        ],
        [
            4,
            7
        ],
        [
            7,
            4
        ],
        [
            9,
            7
        ],
        [
            7,
            9
        ],
        [
            5,
            6
        ],
        [
            6,
            5
        ],
        [
            0,
            0
        ],
        [
            1,
            1
        ],
        [
            2,
            2
        ],
        [
            3,
            3
        ],
        [
            4,
            4
        ],
        [
            5,
            5
        ],
        [
            6,
            6
        ],
        [
            7,
            7
        ],
        [
            8,
            8
        ],
        [
            9,
            9
        ],
        [
            10,
            10
        ]
    ],
    "similarity": 0.26
}