{
    "coords": [
        [
            17.85040712340255,
            67.5422743938261
        ],
        [
            70.08060274192654,
            64.06609004311171
        ],
        [
            15.580979297998866,
            26.726652329218652
        ],
        [
            70.34300880888156,
            32.677050980642676
        ]
    ],
    "edges": [
        [
            2,
            3
        ],
        [
            3,
            2
        ],
        [
            2,
            0
        ],
        [
            0,
            2
        ],
        [
            3,
            1
        ],
        [
            1,
            3
        ],
        [
            0,
            1
        ],
        [
            1,
            0
        ],
        [
            0,
            0
        ],
        [
            1,
            1
        ],
        [
            2,
            2
        ],
        [
            3,
            3
        ]
    ],
    "similarity": 0.09
}