{
    "coords": [
        [
            21.561256929763296,
            36.86625491530251
        ],
        [
            21.396520948696747,
            74.00356699490021
        ],
        [
            74.65036106604698,
            34.236151189133665
        ],
        [
            75.45060935487261,
            59.082854955736025
        ],
        [
            90.01486898512171,
            47.3158341832182
        ],
        [
            31.487373595937452,
            68.70521873313817
        ],
        [
            20.511387766025724,
            45.97329823862066
        ],
        [
            46.43667096049265,
            65.56798967321957
        ],
        [
            70.6145162536833,
            31.765584009758637
        ],
        [
            21.139610731025083,
            56.20681970647483
        ],
        [
            33.407989049440154,
            54.49154267915185
        ],
        [
            31.65153940785795,
            37.944995582399045
        ],
        [
            24.135375192760463,
            32.5481884352478
        ],
        [
            61.65440124281379,
            73.89458692936854
        ],
        [
            28.554797405180242,
            64.66387163012344
        ],
        [
            45.519513565365756,
            34.66473554704991
        ],
        [
            21.40394405466513,
            29.596402419910568
        ],
        [
            68.78232859371548,
            63.41157902060163
        ],
        [
            28.849640551748337,
            73.65868305144132
        ],
        [
            46.670763938646964,
            18.19982483068566
        ],
        [
            21.2869256106427,
            63.45941782544849
        ],
        [
            59.2441997352305,
            66.01530694708033
        ],
        [
            46.24549599136139,
            70.50299379330765
        ],
        [
            66.7623282867479,
            68.53684286140657
        ],
        [
            69.10024171821448,
            47.89496173608671
        ],
        [
            46.01099027726162,
            30.570413247775683
        ]
    ],
    "edges": [
        [
            16,
            8
        ],
        [
            8,
            16
        ],
        [
            16,
            20
        ],
        [
            20,
            16
        ],
        [
            8,
            17
        ],
        [
            17,
            8
        ],
        [
            20,
            17
        ],
        [
            17,
            20
        ],
        [
            6,
            24
        ],
        [
            24,
            6
        ],
        [
            25,
            7
        ],
        [
            7,
            25
        ],
        [
            16,
            17
        ],
        [
            17,
            16
        ],
        [
            20,
            8
        ],
        [
            8,
            20
        ],
        [
            8,
            4
        ],
        [
            4,
            8
        ],
        [
            17,
            4
        ],
        [
            4,
            17
        ],
        [
            24,
            4
        ],
        [
            4,
            24
        ],
        [
            2,
            3
        ],
        [
            3,
            2
        ],
        [
            19,
            8
        ],
        [
            8,
            19
        ],
        [
            19,
            25
        ],
        [
            25,
            19
        ],
        [
            0,
            11
        ],
        [
            11,
            0
        ],
        [
            9,
            10
        ],
        [
            10,
            9
        ],
        [
            11,
            10
        ],
        [
            10,
            11
        ],
        [
            0,
            11
        ],
        [
            11,
            0
        ],
        [
            0,
            10
        ],
        [
            10,
            0
        ],
        [
            11,
            9
        ],
        [
            9,
            11
        ],
        [
            20,
            1
        ],
        [
            1,
            20
        ],
        [
            14,
            18
        ],
        [
            18,
            14
        ],
        [
            1,
            18
        ],
        [
            18,
            1
        ],
        [
            20,
            18
        ],
        [
            18,
            20
        ],
        [
            22,
            7
        ],
        [
            7,
            22
        ],
        [
            5,
            23
        ],
        [
            23,
            5
        ],
        [
            21,
            13
        ],
        [
            13,
            21
        ],
        [
            12,
            15
        ],
        [
            15,
            12
        ],
        [
            0,
            0
        ],
        [
            1,
            1
        ],
        [
            2,
            2
        ],
        [
            3,
            3
        ],
        [
            4,
            4
        ],
        [
            5,
            5
        ],
        [
            6,
            6
        ],
        [
            7,
            7
        ],
        [
            8,
            8
        ],
        [
            9,
            9
        ],
        [
            10,
            10
        ],
        [
            11,
            11
        ],
        [
            12,
            12
        ],
        [
            13,
            13
        ],
        [
            14,
            14
        ],
        [
            15,
            15
        ],
        [
            16,
            16
        ],
        [
            17,
            17
        ],
        [
            18,
            18
        ],
        [
            19,
            19
        ],
        [
            20,
            20
        ],
        [
            21,
            21
        ],
        [
            22,
            22
        ],
        [
            23,
            23
        ],
        [
            24,
            24
        ],
        [
            25,
            25
        ]
    ],
    "similarity": 0.63
}