{
    "coords": [
        [
            44.43221066537057,
            67.56464223679465
        ],
        [
            21.91998630219744,
            30.642747285442248
        ],
        [
            66.59659253564297,
            27.73236940788351
        ],
        [
            17.666098104914102,
            62.969448256264045
        ],
        [
            68.13627728704704,
            67.21390415049461
        ],
        [
            73.57267557246767,
            38.37391873796648
        ],
        [
            73.94529398302309,
            60.59641042694146
        ],
        [
            91.82908513855448,
            46.59091527118095
        ],
        [
            18.501178932681107,
            45.7029202882254
        ],
        [
            72.76269765577081,
            48.66443741073201
        ],
        [
            46.7428806549992,
            33.34398295378312
        ]
    ],
    "edges": [
        [
            1,
            2
        ],
        [
            2,
            1
        ],
        [
            1,
            3
        ],
        [
            3,
            1
        ],
        [
            2,
            4
        ],
        [
            4,
            2
        ],
        [
            3,
            4
        ],
        [
            4,
            3
        ],
        [
            8,
            9
        ],
        [
            9,
            8
        ],
        [
            10,
            0
        ],
        [
            0,
            10
        ],
        [
            1,
            4
        ],
        [
            4,
            1
        ],
        [
            3,
            2
        ],
        [
            2,
            3
        ],
        [
            2,
            7
        ],
        [
            7,
            2
        ],
        [
            4,
            7
        ],
        [
            7,
            4
        ],
        [
            9,
            7
        ],
        [
            7,
            9
        ],
        [
            5,
            6
        ],
        [
            6,
            5
        ],
        [
            0,
            0
        ],
        [
            1,
            1
        ],
        [
            2,
            2
        ],
        [
            3,
            3
        ],
        [
            4,
            4
        ],
        [
            5,
            5
        ],
        [
            6,
            6
        ],
        [
            7,
            7
        ],
        [
            8,
            8
        ],
        [
            9,
            9
        ],
        [
            10,
            10
        ]
    ],
    "similarity": 0.27
}