{
    "coords": [
        [
            19.958793416552115,
            39.94920606676071
        ],
        [
            21.573390482745612,
            75.89639891177039
        ],
        [
            74.7102425432618,
            35.833168040425065
        ],
        [
            76.98803268592987,
            58.95806620350475
        ],
        [
            92.12213846425357,
            46.54277301731814
        ],
        [
            18.605698544868424,
            48.675403109923224
        ],
        [
            45.09429934202319,
            63.903149221671626
        ],
        [
            70.07903680054967,
            29.469986537345132
        ],
        [
            21.865055060029427,
            57.550314484656745
        ],
        [
            30.90682347665222,
            55.63751185066184
        ],
        [
            31.80508107804831,
            38.16795119494071
        ],
        [
            31.168757027401902,
            63.956194069585706
        ],
        [
            18.92158247623735,
            30.40672944659154
        ],
        [
            70.11073486747176,
            63.715129304646545
        ],
        [
            30.306021228572746,
            74.11503099120395
        ],
        [
            46.21110062463255,
            19.980817066197144
        ],
        [
            19.0579890893781,
            63.50542025771115
        ],
        [
            68.97794727840792,
            47.92693774186192
        ],
        [
            45.54944585573434,
            31.716286266159063
        ]
    ],
    "edges": [
        [
            12,
            7
        ],
        [
            7,
            12
        ],
        [
            12,
            16
        ],
        [
            16,
            12
        ],
        [
            7,
            13
        ],
        [
            13,
            7
        ],
        [
            16,
            13
        ],
        [
            13,
            16
        ],
        [
            5,
            17
        ],
        [
            17,
            5
        ],
        [
            18,
            6
        ],
        [
            6,
            18
        ],
        [
            12,
            13
        ],
        [
            13,
            12
        ],
        [
            16,
            7
        ],
        [
            7,
            16
        ],
        [
            7,
            4
        ],
        [
            4,
            7
        ],
        [
            13,
            4
        ],
        [
            4,
            13
        ],
        [
            17,
            4
        ],
        [
            4,
            17
        ],
        [
            2,
            3
        ],
        [
            3,
            2
        ],
        [
            15,
            7
        ],
        [
            7,
            15
        ],
        [
            15,
            18
        ],
        [
            18,
            15
        ],
        [
            0,
            10
        ],
        [
            10,
            0
        ],
        [
            8,
            9
        ],
        [
            9,
            8
        ],
        [
            10,
            9
        ],
        [
            9,
            10
        ],
        [
            0,
            10
        ],
        [
            10,
            0
        ],
        [
            0,
            9
        ],
        [
            9,
            0
        ],
        [
            10,
            8
        ],
        [
            8,
            10
        ],
        [
            16,
            1
        ],
        [
            1,
            16
        ],
        [
            11,
            14
        ],
        [
            14,
            11
        ],
        [
            1,
            14
        ],
        [
            14,
            1
        ],
        [
            16,
            14
        ],
        [
            14,
            16
        ],
        [
            0,
            0
        ],
        [
            1,
            1
        ],
        [
            2,
            2
        ],
        [
            3,
            3
        ],
        [
            4,
            4
        ],
        [
            5,
            5
        ],
        [
            6,
            6
        ],
        [
            7,
            7
        ],
        [
            8,
            8
        ],
        [
            9,
            9
        ],
        [
            10,
            10
        ],
        [
            11,
            11
        ],
        [
            12,
            12
        ],
        [
            13,
            13
        ],
        [
            14,
            14
        ],
        [
            15,
            15
        ],
        [
            16,
            16
        ],
        [
            17,
            17
        ],
        [
            18,
            18
        ]
    ],
    "similarity": 0.55
}