{
    "coords": [
        [
            45.53230827136509,
            68.67835994331463
        ],
        [
            23.369230580219465,
            27.361986064772633
        ],
        [
            71.37275378014024,
            28.47325077700895
        ],
        [
            21.5372670250281,
            62.415765202254505
        ],
        [
            73.65888460901121,
            68.58756524874077
        ],
        [
            87.52596963003953,
            45.56928434942647
        ],
        [
            21.698525697738873,
            50.8174108299016
        ],
        [
            72.89138003552661,
            46.66919805682201
        ],
        [
            45.08591898066221,
            30.916138592652594
        ]
    ],
    "edges": [
        [
            1,
            2
        ],
        [
            2,
            1
        ],
        [
            1,
            3
        ],
        [
            3,
            1
        ],
        [
            2,
            4
        ],
        [
            4,
            2
        ],
        [
            3,
            4
        ],
        [
            4,
            3
        ],
        [
            6,
            7
        ],
        [
            7,
            6
        ],
        [
            8,
            0
        ],
        [
            0,
            8
        ],
        [
            1,
            4
        ],
        [
            4,
            1
        ],
        [
            3,
            2
        ],
        [
            2,
            3
        ],
        [
            2,
            5
        ],
        [
            5,
            2
        ],
        [
            4,
            5
        ],
        [
            5,
            4
        ],
        [
            0,
            0
        ],
        [
            1,
            1
        ],
        [
            2,
            2
        ],
        [
            3,
            3
        ],
        [
            4,
            4
        ],
        [
            5,
            5
        ],
        [
            6,
            6
        ],
        [
            7,
            7
        ],
        [
            8,
            8
        ]
    ],
    "similarity": 0.21
}