{
    "coords": [
        [
            20.25605284526142,
            75.59994696311094
        ],
        [
            75.53582048305738,
            34.900943067911776
        ],
        [
            75.19709545212277,
            59.627502595990094
        ],
        [
            89.46250239838912,
            46.65070588785458
        ],
        [
            19.592828423319606,
            48.238469724344796
        ],
        [
            45.59062394459227,
            64.61981043482338
        ],
        [
            30.849119410289337,
            36.95222207825867
        ],
        [
            69.43857339197449,
            30.674571454176434
        ],
        [
            29.21950892572988,
            58.47712428932743
        ],
        [
            29.59098824042551,
            64.81763626995577
        ],
        [
            19.93091671745089,
            29.900296032210637
        ],
        [
            69.83207109472468,
            64.93213365569767
        ],
        [
            19.79230610815248,
            36.17165225395005
        ],
        [
            30.213784083521947,
            75.4921611519569
        ],
        [
            20.422385195224305,
            58.410252817556945
        ],
        [
            45.77275349903072,
            20.232280545094238
        ],
        [
            19.56072584588658,
            64.81891089263874
        ],
        [
            70.43462526385684,
            47.128132505296946
        ],
        [
            45.600679060585136,
            30.555418637781376
        ]
    ],
    "edges": [
        [
            10,
            7
        ],
        [
            7,
            10
        ],
        [
            10,
            16
        ],
        [
            16,
            10
        ],
        [
            7,
            11
        ],
        [
            11,
            7
        ],
        [
            16,
            11
        ],
        [
            11,
            16
        ],
        [
            4,
            17
        ],
        [
            17,
            4
        ],
        [
            18,
            5
        ],
        [
            5,
            18
        ],
        [
            10,
            11
        ],
        [
            11,
            10
        ],
        [
            16,
            7
        ],
        [
            7,
            16
        ],
        [
            7,
            3
        ],
        [
            3,
            7
        ],
        [
            11,
            3
        ],
        [
            3,
            11
        ],
        [
            17,
            3
        ],
        [
            3,
            17
        ],
        [
            1,
            2
        ],
        [
            2,
            1
        ],
        [
            15,
            7
        ],
        [
            7,
            15
        ],
        [
            15,
            18
        ],
        [
            18,
            15
        ],
        [
            12,
            6
        ],
        [
            6,
            12
        ],
        [
            14,
            8
        ],
        [
            8,
            14
        ],
        [
            6,
            8
        ],
        [
            8,
            6
        ],
        [
            12,
            8
        ],
        [
            8,
            12
        ],
        [
            6,
            14
        ],
        [
            14,
            6
        ],
        [
            16,
            0
        ],
        [
            0,
            16
        ],
        [
            9,
            13
        ],
        [
            13,
            9
        ],
        [
            0,
            13
        ],
        [
            13,
            0
        ],
        [
            16,
            13
        ],
        [
            13,
            16
        ],
        [
            0,
            0
        ],
        [
            1,
            1
        ],
        [
            2,
            2
        ],
        [
            3,
            3
        ],
        [
            4,
            4
        ],
        [
            5,
            5
        ],
        [
            6,
            6
        ],
        [
            7,
            7
        ],
        [
            8,
            8
        ],
        [
            9,
            9
        ],
        [
            10,
            10
        ],
        [
            11,
            11
        ],
        [
            12,
            12
        ],
        [
            13,
            13
        ],
        [
            14,
            14
        ],
        [
            15,
            15
        ],
        [
            16,
            16
        ],
        [
            17,
            17
        ],
        [
            18,
            18
        ]
    ],
    "similarity": 0.83
}