{
    "coords": [
        [
            42.61950985027707,
            69.1407123972882
        ],
        [
            23.105617089526326,
            32.94995856793414
        ],
        [
            74.06473055161177,
            30.95637595826757
        ],
        [
            22.71343999458137,
            64.93951661433456
        ],
        [
            68.06550768799997,
            62.35240135133009
        ],
        [
            18.610361332293873,
            46.39739926814478
        ],
        [
            66.16987674342802,
            43.90601458521843
        ],
        [
            46.279639982503696,
            31.20099833257717
        ]
    ],
    "edges": [
        [
            1,
            2
        ],
        [
            2,
            1
        ],
        [
            1,
            3
        ],
        [
            3,
            1
        ],
        [
            2,
            4
        ],
        [
            4,
            2
        ],
        [
            3,
            4
        ],
        [
            4,
            3
        ],
        [
            5,
            6
        ],
        [
            6,
            5
        ],
        [
            7,
            0
        ],
        [
            0,
            7
        ],
        [
            1,
            4
        ],
        [
            4,
            1
        ],
        [
            3,
            2
        ],
        [
            2,
            3
        ],
        [
            0,
            0
        ],
        [
            1,
            1
        ],
        [
            2,
            2
        ],
        [
            3,
            3
        ],
        [
            4,
            4
        ],
        [
            5,
            5
        ],
        [
            6,
            6
        ],
        [
            7,
            7
        ]
    ],
    "similarity": 0.16
}