{
    "coords": [
        [
            44.43672176874314,
            68.2255466609171
        ],
        [
            24.199732412232162,
            29.825680755793677
        ],
        [
            70.12157169845767,
            26.17644469450956
        ],
        [
            23.56226086031047,
            61.67880034451796
        ],
        [
            69.56771020670487,
            64.61756388382439
        ],
        [
            86.67200625468517,
            44.42271938880383
        ],
        [
            20.898247249531533,
            47.0076516069961
        ],
        [
            66.14702448463608,
            50.98476001175883
        ],
        [
            47.231498696291844,
            28.318453626425395
        ]
    ],
    "edges": [
        [
            1,
            2
        ],
        [
            2,
            1
        ],
        [
            1,
            3
        ],
        [
            3,
            1
        ],
        [
            2,
            4
        ],
        [
            4,
            2
        ],
        [
            3,
            4
        ],
        [
            4,
            3
        ],
        [
            6,
            7
        ],
        [
            7,
            6
        ],
        [
            8,
            0
        ],
        [
            0,
            8
        ],
        [
            1,
            4
        ],
        [
            4,
            1
        ],
        [
            3,
            2
        ],
        [
            2,
            3
        ],
        [
            2,
            5
        ],
        [
            5,
            2
        ],
        [
            0,
            0
        ],
        [
            1,
            1
        ],
        [
            2,
            2
        ],
        [
            3,
            3
        ],
        [
            4,
            4
        ],
        [
            5,
            5
        ],
        [
            6,
            6
        ],
        [
            7,
            7
        ],
        [
            8,
            8
        ]
    ],
    "similarity": 0.14
}