{
    "coords": [
        [
            47.772460266185824,
            63.19799943543181
        ],
        [
            19.91322739585659,
            32.71588750894841
        ],
        [
            66.50184008236315,
            33.83144863086227
        ],
        [
            21.466016230634075,
            68.5550681393896
        ],
        [
            70.91634162906456,
            65.04428463729364
        ],
        [
            22.032889501574992,
            46.48653337925715
        ],
        [
            70.46643514922663,
            45.74695321034458
        ],
        [
            41.034258493471164,
            33.03083194801404
        ]
    ],
    "edges": [
        [
            1,
            2
        ],
        [
            2,
            1
        ],
        [
            1,
            3
        ],
        [
            3,
            1
        ],
        [
            2,
            4
        ],
        [
            4,
            2
        ],
        [
            3,
            4
        ],
        [
            4,
            3
        ],
        [
            5,
            6
        ],
        [
            6,
            5
        ],
        [
            7,
            0
        ],
        [
            0,
            7
        ],
        [
            1,
            4
        ],
        [
            4,
            1
        ],
        [
            3,
            2
        ],
        [
            2,
            3
        ],
        [
            0,
            0
        ],
        [
            1,
            1
        ],
        [
            2,
            2
        ],
        [
            3,
            3
        ],
        [
            4,
            4
        ],
        [
            5,
            5
        ],
        [
            6,
            6
        ],
        [
            7,
            7
        ]
    ],
    "similarity": 0.15
}