{
    "coords": [
        [
            21.759208492560788,
            65.5865510484202
        ],
        [
            71.12280043692803,
            62.60293265985902
        ],
        [
            17.253170182030487,
            29.66891120664196
        ],
        [
            72.06997149120728,
            30.499622877003976
        ]
    ],
    "edges": [
        [
            2,
            3
        ],
        [
            3,
            2
        ],
        [
            2,
            0
        ],
        [
            0,
            2
        ],
        [
            3,
            1
        ],
        [
            1,
            3
        ],
        [
            0,
            1
        ],
        [
            1,
            0
        ],
        [
            0,
            0
        ],
        [
            1,
            1
        ],
        [
            2,
            2
        ],
        [
            3,
            3
        ]
    ],
    "similarity": 0.07
}