{
    "coords": [
        [
            45.072691716104025,
            36.705860408743284
        ],
        [
            18.551653048396428,
            38.57595052199972
        ],
        [
            21.636063887319004,
            74.31684700411748
        ],
        [
            35.652914254085,
            40.25245096057748
        ],
        [
            76.43845628397034,
            34.97652535632897
        ],
        [
            74.24576563405907,
            58.942665140385955
        ],
        [
            90.11052898062904,
            49.241826634045346
        ],
        [
            31.266489101930137,
            68.33576858114202
        ],
        [
            18.36014791572128,
            48.7461921693373
        ],
        [
            45.82622853922832,
            64.90822045337605
        ],
        [
            30.375084761415465,
            36.56219705532017
        ],
        [
            69.51990971882348,
            28.825419623057495
        ],
        [
            18.778078672617085,
            57.091405545043884
        ],
        [
            33.09297070240578,
            56.84525736803744
        ],
        [
            26.346509767737093,
            32.57987285556595
        ],
        [
            61.53956030899212,
            71.47482264346972
        ],
        [
            31.046277172202387,
            66.34385824297424
        ],
        [
            45.2005903221273,
            32.49172040817433
        ],
        [
            19.53122570505337,
            28.983597153371196
        ],
        [
            70.90605019970201,
            65.96553557986367
        ],
        [
            44.72495086913959,
            40.17764248242436
        ],
        [
            30.561881201293694,
            76.27640336096339
        ],
        [
            46.533216841248645,
            19.674636085757342
        ],
        [
            18.375397748810013,
            63.517511674558094
        ],
        [
            61.65978347450221,
            68.25581158904689
        ],
        [
            44.73092010274732,
            71.29110170065512
        ],
        [
            66.24466846601932,
            68.90534549176958
        ],
        [
            70.84689297466704,
            47.123132659803794
        ],
        [
            43.847253842461484,
            28.660104643099068
        ]
    ],
    "edges": [
        [
            18,
            11
        ],
        [
            11,
            18
        ],
        [
            18,
            23
        ],
        [
            23,
            18
        ],
        [
            11,
            19
        ],
        [
            19,
            11
        ],
        [
            23,
            19
        ],
        [
            19,
            23
        ],
        [
            8,
            27
        ],
        [
            27,
            8
        ],
        [
            28,
            9
        ],
        [
            9,
            28
        ],
        [
            18,
            19
        ],
        [
            19,
            18
        ],
        [
            23,
            11
        ],
        [
            11,
            23
        ],
        [
            11,
            6
        ],
        [
            6,
            11
        ],
        [
            19,
            6
        ],
        [
            6,
            19
        ],
        [
            27,
            6
        ],
        [
            6,
            27
        ],
        [
            4,
            5
        ],
        [
            5,
            4
        ],
        [
            22,
            11
        ],
        [
            11,
            22
        ],
        [
            22,
            28
        ],
        [
            28,
            22
        ],
        [
            1,
            3
        ],
        [
            3,
            1
        ],
        [
            12,
            13
        ],
        [
            13,
            12
        ],
        [
            3,
            13
        ],
        [
            13,
            3
        ],
        [
            1,
            10
        ],
        [
            10,
            1
        ],
        [
            1,
            13
        ],
        [
            13,
            1
        ],
        [
            3,
            12
        ],
        [
            12,
            3
        ],
        [
            23,
            2
        ],
        [
            2,
            23
        ],
        [
            16,
            21
        ],
        [
            21,
            16
        ],
        [
            2,
            21
        ],
        [
            21,
            2
        ],
        [
            23,
            21
        ],
        [
            21,
            23
        ],
        [
            25,
            9
        ],
        [
            9,
            25
        ],
        [
            7,
            26
        ],
        [
            26,
            7
        ],
        [
            24,
            15
        ],
        [
            15,
            24
        ],
        [
            14,
            17
        ],
        [
            17,
            14
        ],
        [
            10,
            0
        ],
        [
            0,
            10
        ],
        [
            3,
            20
        ],
        [
            20,
            3
        ],
        [
            0,
            0
        ],
        [
            1,
            1
        ],
        [
            2,
            2
        ],
        [
            3,
            3
        ],
        [
            4,
            4
        ],
        [
            5,
            5
        ],
        [
            6,
            6
        ],
        [
            7,
            7
        ],
        [
            8,
            8
        ],
        [
            9,
            9
        ],
        [
            10,
            10
        ],
        [
            11,
            11
        ],
        [
            12,
            12
        ],
        [
            13,
            13
        ],
        [
            14,
            14
        ],
        [
            15,
            15
        ],
        [
            16,
            16
        ],
        [
            17,
            17
        ],
        [
            18,
            18
        ],
        [
            19,
            19
        ],
        [
            20,
            20
        ],
        [
            21,
            21
        ],
        [
            22,
            22
        ],
        [
            23,
            23
        ],
        [
            24,
            24
        ],
        [
            25,
            25
        ],
        [
            26,
            26
        ],
        [
            27,
            27
        ],
        [
            28,
            28
        ]
    ],
    "similarity": 0.64
}