{
    "coords": [
        [
            20.386011849192077,
            68.3505185958673
        ],
        [
            70.5863628293241,
            67.82655354984199
        ],
        [
            19.765848584785306,
            30.19399776711579
        ],
        [
            66.84749094925098,
            32.95783311228312
        ]
    ],
    "edges": [
        [
            2,
            3
        ],
        [
            3,
            2
        ],
        [
            2,
            0
        ],
        [
            0,
            2
        ],
        [
            3,
            1
        ],
        [
            1,
            3
        ],
        [
            0,
            1
        ],
        [
            1,
            0
        ],
        [
            0,
            0
        ],
        [
            1,
            1
        ],
        [
            2,
            2
        ],
        [
            3,
            3
        ]
    ],
    "similarity": 0.06
}