{
    "coords": [
        [
            48.61079294309842,
            61.882975530334
        ],
        [
            20.247653052691756,
            31.469152396146693
        ],
        [
            70.51020061632587,
            29.62125175531879
        ],
        [
            22.684941229048793,
            67.36943402923472
        ],
        [
            69.13416537931343,
            68.13937277575059
        ],
        [
            90.51399959576253,
            43.66145578666916
        ],
        [
            20.57904223220443,
            44.78214180082455
        ],
        [
            66.66947129552908,
            48.744768841122955
        ],
        [
            46.30142935691364,
            31.38045880417977
        ]
    ],
    "edges": [
        [
            1,
            2
        ],
        [
            2,
            1
        ],
        [
            1,
            3
        ],
        [
            3,
            1
        ],
        [
            2,
            4
        ],
        [
            4,
            2
        ],
        [
            3,
            4
        ],
        [
            4,
            3
        ],
        [
            6,
            7
        ],
        [
            7,
            6
        ],
        [
            8,
            0
        ],
        [
            0,
            8
        ],
        [
            1,
            4
        ],
        [
            4,
            1
        ],
        [
            3,
            2
        ],
        [
            2,
            3
        ],
        [
            2,
            5
        ],
        [
            5,
            2
        ],
        [
            4,
            5
        ],
        [
            5,
            4
        ],
        [
            7,
            5
        ],
        [
            5,
            7
        ],
        [
            0,
            0
        ],
        [
            1,
            1
        ],
        [
            2,
            2
        ],
        [
            3,
            3
        ],
        [
            4,
            4
        ],
        [
            5,
            5
        ],
        [
            6,
            6
        ],
        [
            7,
            7
        ],
        [
            8,
            8
        ]
    ],
    "similarity": 0.2
}