{
    "coords": [
        [
            41.455512625496304,
            67.64648944454815
        ],
        [
            21.88973593481233,
            31.893310755594605
        ],
        [
            72.72798472032157,
            30.481913993693528
        ],
        [
            21.722766073912545,
            64.48696017835019
        ],
        [
            73.05677481308092,
            66.33246153181031
        ],
        [
            72.04595615729843,
            34.66849080719741
        ],
        [
            78.92754973935027,
            61.500972464277524
        ],
        [
            86.72216677557871,
            49.1122238972888
        ],
        [
            23.298857414144788,
            45.394822667029686
        ],
        [
            69.04147564224716,
            47.37124650038351
        ],
        [
            47.22241866833885,
            32.47085743454888
        ]
    ],
    "edges": [
        [
            1,
            2
        ],
        [
            2,
            1
        ],
        [
            1,
            3
        ],
        [
            3,
            1
        ],
        [
            2,
            4
        ],
        [
            4,
            2
        ],
        [
            3,
            4
        ],
        [
            4,
            3
        ],
        [
            8,
            9
        ],
        [
            9,
            8
        ],
        [
            10,
            0
        ],
        [
            0,
            10
        ],
        [
            1,
            4
        ],
        [
            4,
            1
        ],
        [
            3,
            2
        ],
        [
            2,
            3
        ],
        [
            2,
            7
        ],
        [
            7,
            2
        ],
        [
            4,
            7
        ],
        [
            7,
            4
        ],
        [
            9,
            7
        ],
        [
            7,
            9
        ],
        [
            5,
            6
        ],
        [
            6,
            5
        ],
        [
            0,
            0
        ],
        [
            1,
            1
        ],
        [
            2,
            2
        ],
        [
            3,
            3
        ],
        [
            4,
            4
        ],
        [
            5,
            5
        ],
        [
            6,
            6
        ],
        [
            7,
            7
        ],
        [
            8,
            8
        ],
        [
            9,
            9
        ],
        [
            10,
            10
        ]
    ],
    "similarity": 0.25
}