{
    "coords": [
        [
            46.345486286097,
            35.522646286591446
        ],
        [
            19.57600995185674,
            37.71324953254925
        ],
        [
            21.68049621883855,
            75.62183264437375
        ],
        [
            33.079076826078065,
            39.930978632608266
        ],
        [
            74.74012498164657,
            35.42347277803333
        ],
        [
            74.33317253652541,
            61.12257442865203
        ],
        [
            89.0507929150753,
            47.97207206184121
        ],
        [
            30.43704265688663,
            70.7370047297666
        ],
        [
            20.839784764085806,
            47.04306223948881
        ],
        [
            45.773738083885135,
            65.59170712395377
        ],
        [
            30.12847704981992,
            35.79364495713069
        ],
        [
            69.30836489906048,
            29.793071980403628
        ],
        [
            20.122536404770386,
            54.501710313737846
        ],
        [
            34.33211080567861,
            55.656228173824545
        ],
        [
            26.439764113965147,
            35.09036212093918
        ],
        [
            58.668388210793175,
            71.66554008421191
        ],
        [
            30.52733630090721,
            64.86917940266483
        ],
        [
            46.564855467031926,
            33.65146396429597
        ],
        [
            18.785170866821108,
            30.164925114565335
        ],
        [
            68.91110906647057,
            65.2254611120315
        ],
        [
            45.72925897218632,
            39.83650804562338
        ],
        [
            31.305925588754267,
            73.38627431624413
        ],
        [
            45.308694717931836,
            20.350296942077307
        ],
        [
            21.083214710486367,
            63.754102981856526
        ],
        [
            59.39952241002597,
            66.66225480412511
        ],
        [
            46.599448518882184,
            68.48208924177358
        ],
        [
            63.841147703549126,
            71.15901215255313
        ],
        [
            71.17058092930083,
            47.7917246349962
        ],
        [
            46.65792951762736,
            31.026518769030552
        ]
    ],
    "edges": [
        [
            18,
            11
        ],
        [
            11,
            18
        ],
        [
            18,
            23
        ],
        [
            23,
            18
        ],
        [
            11,
            19
        ],
        [
            19,
            11
        ],
        [
            23,
            19
        ],
        [
            19,
            23
        ],
        [
            8,
            27
        ],
        [
            27,
            8
        ],
        [
            28,
            9
        ],
        [
            9,
            28
        ],
        [
            18,
            19
        ],
        [
            19,
            18
        ],
        [
            23,
            11
        ],
        [
            11,
            23
        ],
        [
            11,
            6
        ],
        [
            6,
            11
        ],
        [
            19,
            6
        ],
        [
            6,
            19
        ],
        [
            27,
            6
        ],
        [
            6,
            27
        ],
        [
            4,
            5
        ],
        [
            5,
            4
        ],
        [
            22,
            11
        ],
        [
            11,
            22
        ],
        [
            22,
            28
        ],
        [
            28,
            22
        ],
        [
            1,
            3
        ],
        [
            3,
            1
        ],
        [
            12,
            13
        ],
        [
            13,
            12
        ],
        [
            3,
            13
        ],
        [
            13,
            3
        ],
        [
            1,
            10
        ],
        [
            10,
            1
        ],
        [
            1,
            13
        ],
        [
            13,
            1
        ],
        [
            3,
            12
        ],
        [
            12,
            3
        ],
        [
            23,
            2
        ],
        [
            2,
            23
        ],
        [
            16,
            21
        ],
        [
            21,
            16
        ],
        [
            2,
            21
        ],
        [
            21,
            2
        ],
        [
            23,
            21
        ],
        [
            21,
            23
        ],
        [
            25,
            9
        ],
        [
            9,
            25
        ],
        [
            7,
            26
        ],
        [
            26,
            7
        ],
        [
            24,
            15
        ],
        [
            15,
            24
        ],
        [
            14,
            17
        ],
        [
            17,
            14
        ],
        [
            10,
            0
        ],
        [
            0,
            10
        ],
        [
            3,
            20
        ],
        [
            20,
            3
        ],
        [
            0,
            0
        ],
        [
            1,
            1
        ],
        [
            2,
            2
        ],
        [
            3,
            3
        ],
        [
            4,
            4
        ],
        [
            5,
            5
        ],
        [
            6,
            6
        ],
        [
            7,
            7
        ],
        [
            8,
            8
        ],
        [
            9,
            9
        ],
        [
            10,
            10
        ],
        [
            11,
            11
        ],
        [
            12,
            12
        ],
        [
            13,
            13
        ],
        [
            14,
            14
        ],
        [
            15,
            15
        ],
        [
            16,
            16
        ],
        [
            17,
            17
        ],
        [
            18,
            18
        ],
        [
            19,
            19
        ],
        [
            20,
            20
        ],
        [
            21,
            21
        ],
        [
            22,
            22
        ],
        [
            23,
            23
        ],
        [
            24,
            24
        ],
        [
            25,
            25
        ],
        [
            26,
            26
        ],
        [
            27,
            27
        ],
        [
            28,
            28
        ]
    ],
    "similarity": 0.66
}