{
    "coords": [
        [
            20.783755124155345,
            36.25171364797378
        ],
        [
            20.983626397176362,
            76.6728866367064
        ],
        [
            76.77194597589715,
            34.29595452549969
        ],
        [
            76.37116722055144,
            58.30257520389496
        ],
        [
            89.57816501999773,
            49.07285947245794
        ],
        [
            29.209178612712478,
            70.28349604653333
        ],
        [
            19.988244582278625,
            48.376674123400434
        ],
        [
            44.07508906449777,
            66.56660902162591
        ],
        [
            70.49783243241087,
            28.22259480392108
        ],
        [
            19.78758234876068,
            54.2860227164446
        ],
        [
            32.06332873624027,
            55.735467212922146
        ],
        [
            31.53465547286012,
            39.590829927948356
        ],
        [
            30.05340049294671,
            64.70277503225576
        ],
        [
            19.393570090486946,
            28.621432835508543
        ],
        [
            68.89419409142701,
            66.75333065142047
        ],
        [
            30.38524027245527,
            74.39794598595414
        ],
        [
            46.50472221872357,
            20.368827487765508
        ],
        [
            18.35267130535751,
            66.15555375899093
        ],
        [
            46.47912057214376,
            70.71790122792022
        ],
        [
            65.19204787904175,
            68.81017736337974
        ],
        [
            68.3874394665651,
            46.30021841746652
        ],
        [
            44.91696804732566,
            31.13950103091618
        ]
    ],
    "edges": [
        [
            13,
            8
        ],
        [
            8,
            13
        ],
        [
            13,
            17
        ],
        [
            17,
            13
        ],
        [
            8,
            14
        ],
        [
            14,
            8
        ],
        [
            17,
            14
        ],
        [
            14,
            17
        ],
        [
            6,
            20
        ],
        [
            20,
            6
        ],
        [
            21,
            7
        ],
        [
            7,
            21
        ],
        [
            13,
            14
        ],
        [
            14,
            13
        ],
        [
            17,
            8
        ],
        [
            8,
            17
        ],
        [
            8,
            4
        ],
        [
            4,
            8
        ],
        [
            14,
            4
        ],
        [
            4,
            14
        ],
        [
            20,
            4
        ],
        [
            4,
            20
        ],
        [
            2,
            3
        ],
        [
            3,
            2
        ],
        [
            16,
            8
        ],
        [
            8,
            16
        ],
        [
            16,
            21
        ],
        [
            21,
            16
        ],
        [
            0,
            11
        ],
        [
            11,
            0
        ],
        [
            9,
            10
        ],
        [
            10,
            9
        ],
        [
            11,
            10
        ],
        [
            10,
            11
        ],
        [
            0,
            11
        ],
        [
            11,
            0
        ],
        [
            0,
            10
        ],
        [
            10,
            0
        ],
        [
            11,
            9
        ],
        [
            9,
            11
        ],
        [
            17,
            1
        ],
        [
            1,
            17
        ],
        [
            12,
            15
        ],
        [
            15,
            12
        ],
        [
            1,
            15
        ],
        [
            15,
            1
        ],
        [
            17,
            15
        ],
        [
            15,
            17
        ],
        [
            18,
            7
        ],
        [
            7,
            18
        ],
        [
            5,
            19
        ],
        [
            19,
            5
        ],
        [
            0,
            0
        ],
        [
            1,
            1
        ],
        [
            2,
            2
        ],
        [
            3,
            3
        ],
        [
            4,
            4
        ],
        [
            5,
            5
        ],
        [
            6,
            6
        ],
        [
            7,
            7
        ],
        [
            8,
            8
        ],
        [
            9,
            9
        ],
        [
            10,
            10
        ],
        [
            11,
            11
        ],
        [
            12,
            12
        ],
        [
            13,
            13
        ],
        [
            14,
            14
        ],
        [
            15,
            15
        ],
        [
            16,
            16
        ],
        [
            17,
            17
        ],
        [
            18,
            18
        ],
        [
            19,
            19
        ],
        [
            20,
            20
        ],
        [
            21,
            21
        ]
    ],
    "similarity": 0.59
}