{
    "coords": [
        [
            22.285102693960255,
            40.411230792417896
        ],
        [
            20.198926025198734,
            74.55078691949812
        ],
        [
            77.13780173859733,
            36.1999611991148
        ],
        [
            73.52987897517202,
            59.95287999915342
        ],
        [
            89.12339128568773,
            46.57644757100257
        ],
        [
            19.697290603355015,
            48.23266378851147
        ],
        [
            46.589525743483854,
            63.112797495316784
        ],
        [
            71.05437545952046,
            27.9396000985915
        ],
        [
            21.759386486769188,
            54.89710467488061
        ],
        [
            31.02588152863527,
            57.701668873688746
        ],
        [
            30.137306373907762,
            39.961309540760084
        ],
        [
            29.91201138206564,
            67.30964508463492
        ],
        [
            17.960390481980387,
            31.56637759777452
        ],
        [
            68.85750187379145,
            63.728820977392196
        ],
        [
            28.556408135411218,
            76.04259033531744
        ],
        [
            46.51832031237524,
            20.317934984568307
        ],
        [
            21.05831153552622,
            65.35892022156519
        ],
        [
            70.99136317450234,
            46.29412535845304
        ],
        [
            46.2364924091986,
            29.841566557746212
        ]
    ],
    "edges": [
        [
            12,
            7
        ],
        [
            7,
            12
        ],
        [
            12,
            16
        ],
        [
            16,
            12
        ],
        [
            7,
            13
        ],
        [
            13,
            7
        ],
        [
            16,
            13
        ],
        [
            13,
            16
        ],
        [
            5,
            17
        ],
        [
            17,
            5
        ],
        [
            18,
            6
        ],
        [
            6,
            18
        ],
        [
            12,
            13
        ],
        [
            13,
            12
        ],
        [
            16,
            7
        ],
        [
            7,
            16
        ],
        [
            7,
            4
        ],
        [
            4,
            7
        ],
        [
            13,
            4
        ],
        [
            4,
            13
        ],
        [
            17,
            4
        ],
        [
            4,
            17
        ],
        [
            2,
            3
        ],
        [
            3,
            2
        ],
        [
            15,
            7
        ],
        [
            7,
            15
        ],
        [
            15,
            18
        ],
        [
            18,
            15
        ],
        [
            0,
            10
        ],
        [
            10,
            0
        ],
        [
            8,
            9
        ],
        [
            9,
            8
        ],
        [
            10,
            9
        ],
        [
            9,
            10
        ],
        [
            0,
            10
        ],
        [
            10,
            0
        ],
        [
            0,
            9
        ],
        [
            9,
            0
        ],
        [
            10,
            8
        ],
        [
            8,
            10
        ],
        [
            16,
            1
        ],
        [
            1,
            16
        ],
        [
            11,
            14
        ],
        [
            14,
            11
        ],
        [
            1,
            14
        ],
        [
            14,
            1
        ],
        [
            16,
            14
        ],
        [
            14,
            16
        ],
        [
            0,
            0
        ],
        [
            1,
            1
        ],
        [
            2,
            2
        ],
        [
            3,
            3
        ],
        [
            4,
            4
        ],
        [
            5,
            5
        ],
        [
            6,
            6
        ],
        [
            7,
            7
        ],
        [
            8,
            8
        ],
        [
            9,
            9
        ],
        [
            10,
            10
        ],
        [
            11,
            11
        ],
        [
            12,
            12
        ],
        [
            13,
            13
        ],
        [
            14,
            14
        ],
        [
            15,
            15
        ],
        [
            16,
            16
        ],
        [
            17,
            17
        ],
        [
            18,
            18
        ]
    ],
    "similarity": 0.51
}