{
    "coords": [
        [
            21.149691934836145,
            35.921967394710826
        ],
        [
            20.76626709127955,
            72.77417372865783
        ],
        [
            76.08615137644908,
            36.4149459684682
        ],
        [
            74.74633028904518,
            60.85204892201993
        ],
        [
            90.56417580074088,
            47.052950813294494
        ],
        [
            20.695374034806147,
            45.6134365511407
        ],
        [
            45.569676035776425,
            64.72146390108686
        ],
        [
            68.62726649612908,
            29.363575866694426
        ],
        [
            21.0386687773775,
            54.958586028443676
        ],
        [
            34.56033715130825,
            54.495206230087526
        ],
        [
            31.663880801983698,
            36.29571866259515
        ],
        [
            27.814531988233615,
            64.65876179783523
        ],
        [
            19.107512188983975,
            30.11707060925501
        ],
        [
            68.81078695799943,
            64.87268405385966
        ],
        [
            27.73750842884307,
            75.32723504303596
        ],
        [
            45.75166412580548,
            17.687891003254546
        ],
        [
            18.537075835559435,
            62.97607904986829
        ],
        [
            67.9034657471333,
            49.458503000139515
        ],
        [
            43.01730656171548,
            31.494332452021272
        ]
    ],
    "edges": [
        [
            12,
            7
        ],
        [
            7,
            12
        ],
        [
            12,
            16
        ],
        [
            16,
            12
        ],
        [
            7,
            13
        ],
        [
            13,
            7
        ],
        [
            16,
            13
        ],
        [
            13,
            16
        ],
        [
            5,
            17
        ],
        [
            17,
            5
        ],
        [
            18,
            6
        ],
        [
            6,
            18
        ],
        [
            12,
            13
        ],
        [
            13,
            12
        ],
        [
            16,
            7
        ],
        [
            7,
            16
        ],
        [
            7,
            4
        ],
        [
            4,
            7
        ],
        [
            13,
            4
        ],
        [
            4,
            13
        ],
        [
            17,
            4
        ],
        [
            4,
            17
        ],
        [
            2,
            3
        ],
        [
            3,
            2
        ],
        [
            15,
            7
        ],
        [
            7,
            15
        ],
        [
            15,
            18
        ],
        [
            18,
            15
        ],
        [
            0,
            10
        ],
        [
            10,
            0
        ],
        [
            8,
            9
        ],
        [
            9,
            8
        ],
        [
            10,
            9
        ],
        [
            9,
            10
        ],
        [
            0,
            10
        ],
        [
            10,
            0
        ],
        [
            0,
            9
        ],
        [
            9,
            0
        ],
        [
            10,
            8
        ],
        [
            8,
            10
        ],
        [
            16,
            1
        ],
        [
            1,
            16
        ],
        [
            11,
            14
        ],
        [
            14,
            11
        ],
        [
            1,
            14
        ],
        [
            14,
            1
        ],
        [
            16,
            14
        ],
        [
            14,
            16
        ],
        [
            0,
            0
        ],
        [
            1,
            1
        ],
        [
            2,
            2
        ],
        [
            3,
            3
        ],
        [
            4,
            4
        ],
        [
            5,
            5
        ],
        [
            6,
            6
        ],
        [
            7,
            7
        ],
        [
            8,
            8
        ],
        [
            9,
            9
        ],
        [
            10,
            10
        ],
        [
            11,
            11
        ],
        [
            12,
            12
        ],
        [
            13,
            13
        ],
        [
            14,
            14
        ],
        [
            15,
            15
        ],
        [
            16,
            16
        ],
        [
            17,
            17
        ],
        [
            18,
            18
        ]
    ],
    "similarity": 0.53
}