{
    "coords": [
        [
            21.807133429011525,
            40.023473358839496
        ],
        [
            20.978951325349378,
            73.42595212283234
        ],
        [
            75.60124847105519,
            34.02227822554108
        ],
        [
            74.79602444464496,
            60.34273702243713
        ],
        [
            90.61392959225354,
            48.72330140126083
        ],
        [
            30.43585629749393,
            68.19133571682092
        ],
        [
            20.37404345319402,
            47.825585975454516
        ],
        [
            45.29089111067387,
            64.72877506598259
        ],
        [
            71.4815970566753,
            28.136027961295426
        ],
        [
            20.415241952896814,
            57.30944562915269
        ],
        [
            34.625784912733245,
            54.226673086597096
        ],
        [
            32.44412320356889,
            38.76952225896746
        ],
        [
            25.253500149556928,
            32.32430040169968
        ],
        [
            58.1526894384006,
            71.6396354280953
        ],
        [
            29.897980375188006,
            64.35247633726837
        ],
        [
            46.16541533308477,
            34.448285290280836
        ],
        [
            20.451984388456964,
            29.080810800659922
        ],
        [
            69.02739263682247,
            63.67012280872734
        ],
        [
            31.870384013455215,
            74.44293503195483
        ],
        [
            44.750165560086096,
            18.421397696198905
        ],
        [
            20.19867643670616,
            63.676462159589605
        ],
        [
            59.66186927997045,
            67.71825659879082
        ],
        [
            43.60131489294254,
            71.12076720722483
        ],
        [
            66.13260342412373,
            69.6590317468201
        ],
        [
            70.13924741211635,
            46.85547601020815
        ],
        [
            45.34682875011582,
            29.944791559155426
        ]
    ],
    "edges": [
        [
            16,
            8
        ],
        [
            8,
            16
        ],
        [
            16,
            20
        ],
        [
            20,
            16
        ],
        [
            8,
            17
        ],
        [
            17,
            8
        ],
        [
            20,
            17
        ],
        [
            17,
            20
        ],
        [
            6,
            24
        ],
        [
            24,
            6
        ],
        [
            25,
            7
        ],
        [
            7,
            25
        ],
        [
            16,
            17
        ],
        [
            17,
            16
        ],
        [
            20,
            8
        ],
        [
            8,
            20
        ],
        [
            8,
            4
        ],
        [
            4,
            8
        ],
        [
            17,
            4
        ],
        [
            4,
            17
        ],
        [
            24,
            4
        ],
        [
            4,
            24
        ],
        [
            2,
            3
        ],
        [
            3,
            2
        ],
        [
            19,
            8
        ],
        [
            8,
            19
        ],
        [
            19,
            25
        ],
        [
            25,
            19
        ],
        [
            0,
            11
        ],
        [
            11,
            0
        ],
        [
            9,
            10
        ],
        [
            10,
            9
        ],
        [
            11,
            10
        ],
        [
            10,
            11
        ],
        [
            0,
            11
        ],
        [
            11,
            0
        ],
        [
            0,
            10
        ],
        [
            10,
            0
        ],
        [
            11,
            9
        ],
        [
            9,
            11
        ],
        [
            20,
            1
        ],
        [
            1,
            20
        ],
        [
            14,
            18
        ],
        [
            18,
            14
        ],
        [
            1,
            18
        ],
        [
            18,
            1
        ],
        [
            20,
            18
        ],
        [
            18,
            20
        ],
        [
            22,
            7
        ],
        [
            7,
            22
        ],
        [
            5,
            23
        ],
        [
            23,
            5
        ],
        [
            21,
            13
        ],
        [
            13,
            21
        ],
        [
            12,
            15
        ],
        [
            15,
            12
        ],
        [
            0,
            0
        ],
        [
            1,
            1
        ],
        [
            2,
            2
        ],
        [
            3,
            3
        ],
        [
            4,
            4
        ],
        [
            5,
            5
        ],
        [
            6,
            6
        ],
        [
            7,
            7
        ],
        [
            8,
            8
        ],
        [
            9,
            9
        ],
        [
            10,
            10
        ],
        [
            11,
            11
        ],
        [
            12,
            12
        ],
        [
            13,
            13
        ],
        [
            14,
            14
        ],
        [
            15,
            15
        ],
        [
            16,
            16
        ],
        [
            17,
            17
        ],
        [
            18,
            18
        ],
        [
            19,
            19
        ],
        [
            20,
            20
        ],
        [
            21,
            21
        ],
        [
            22,
            22
        ],
        [
            23,
            23
        ],
        [
            24,
            24
        ],
        [
            25,
            25
        ]
    ],
    "similarity": 0.62
}