{
    "coords": [
        [
            47.56625341708708,
            66.08743675673381
        ],
        [
            43.548274179353065,
            22.61643578507106
        ],
        [
            20.138724343134598,
            29.125492246916153
        ],
        [
            70.47196791827676,
            29.28419329576387
        ],
        [
            21.946318343780135,
            67.53746904631772
        ],
        [
            70.57211902504228,
            66.2320718577962
        ],
        [
            77.10884460754674,
            33.939584150170475
        ],
        [
            21.764762430793866,
            37.70907529801586
        ],
        [
            20.468583728350477,
            55.44480772464123
        ],
        [
            74.3081669917374,
            57.87259856780463
        ],
        [
            91.9864048513712,
            45.16492476745924
        ],
        [
            32.964759354706466,
            58.47872951853659
        ],
        [
            30.424580743844377,
            40.88404898071106
        ],
        [
            19.93765933759153,
            46.374470373040275
        ],
        [
            71.96424365504947,
            49.867873899550816
        ],
        [
            45.991716679855884,
            30.45316218621535
        ]
    ],
    "edges": [
        [
            2,
            3
        ],
        [
            3,
            2
        ],
        [
            2,
            4
        ],
        [
            4,
            2
        ],
        [
            3,
            5
        ],
        [
            5,
            3
        ],
        [
            4,
            5
        ],
        [
            5,
            4
        ],
        [
            13,
            14
        ],
        [
            14,
            13
        ],
        [
            15,
            0
        ],
        [
            0,
            15
        ],
        [
            2,
            5
        ],
        [
            5,
            2
        ],
        [
            4,
            3
        ],
        [
            3,
            4
        ],
        [
            3,
            10
        ],
        [
            10,
            3
        ],
        [
            5,
            10
        ],
        [
            10,
            5
        ],
        [
            14,
            10
        ],
        [
            10,
            14
        ],
        [
            6,
            9
        ],
        [
            9,
            6
        ],
        [
            1,
            3
        ],
        [
            3,
            1
        ],
        [
            1,
            15
        ],
        [
            15,
            1
        ],
        [
            7,
            12
        ],
        [
            12,
            7
        ],
        [
            8,
            11
        ],
        [
            11,
            8
        ],
        [
            12,
            11
        ],
        [
            11,
            12
        ],
        [
            7,
            12
        ],
        [
            12,
            7
        ],
        [
            7,
            11
        ],
        [
            11,
            7
        ],
        [
            12,
            8
        ],
        [
            8,
            12
        ],
        [
            0,
            0
        ],
        [
            1,
            1
        ],
        [
            2,
            2
        ],
        [
            3,
            3
        ],
        [
            4,
            4
        ],
        [
            5,
            5
        ],
        [
            6,
            6
        ],
        [
            7,
            7
        ],
        [
            8,
            8
        ],
        [
            9,
            9
        ],
        [
            10,
            10
        ],
        [
            11,
            11
        ],
        [
            12,
            12
        ],
        [
            13,
            13
        ],
        [
            14,
            14
        ],
        [
            15,
            15
        ]
    ],
    "similarity": 0.45
}