{
    "coords": [
        [
            22.151060110453596,
            37.561468131062696
        ],
        [
            18.010805689420042,
            74.44621585410283
        ],
        [
            73.81068187976408,
            36.33638497171198
        ],
        [
            76.04761270742516,
            60.32660740356019
        ],
        [
            91.19571432225355,
            48.66017399638682
        ],
        [
            21.607447392968602,
            49.31050980426502
        ],
        [
            43.4808945639439,
            62.88909420259257
        ],
        [
            70.0271613272862,
            29.691716622217402
        ],
        [
            19.872259531093533,
            55.00066281448268
        ],
        [
            33.714708900373935,
            56.92767535767577
        ],
        [
            32.879239681530564,
            40.02315341040065
        ],
        [
            31.618912405683123,
            63.70052721929211
        ],
        [
            20.056222259158513,
            29.877434601687142
        ],
        [
            68.09768513963509,
            63.77632392256255
        ],
        [
            28.32763375990443,
            75.73620449537995
        ],
        [
            43.16574826700625,
            20.42462901470977
        ],
        [
            20.909183419038797,
            66.1864830017963
        ],
        [
            67.82830182826504,
            46.76875614761692
        ],
        [
            42.78091928330834,
            30.881020398241205
        ]
    ],
    "edges": [
        [
            12,
            7
        ],
        [
            7,
            12
        ],
        [
            12,
            16
        ],
        [
            16,
            12
        ],
        [
            7,
            13
        ],
        [
            13,
            7
        ],
        [
            16,
            13
        ],
        [
            13,
            16
        ],
        [
            5,
            17
        ],
        [
            17,
            5
        ],
        [
            18,
            6
        ],
        [
            6,
            18
        ],
        [
            12,
            13
        ],
        [
            13,
            12
        ],
        [
            16,
            7
        ],
        [
            7,
            16
        ],
        [
            7,
            4
        ],
        [
            4,
            7
        ],
        [
            13,
            4
        ],
        [
            4,
            13
        ],
        [
            17,
            4
        ],
        [
            4,
            17
        ],
        [
            2,
            3
        ],
        [
            3,
            2
        ],
        [
            15,
            7
        ],
        [
            7,
            15
        ],
        [
            15,
            18
        ],
        [
            18,
            15
        ],
        [
            0,
            10
        ],
        [
            10,
            0
        ],
        [
            8,
            9
        ],
        [
            9,
            8
        ],
        [
            10,
            9
        ],
        [
            9,
            10
        ],
        [
            0,
            10
        ],
        [
            10,
            0
        ],
        [
            0,
            9
        ],
        [
            9,
            0
        ],
        [
            10,
            8
        ],
        [
            8,
            10
        ],
        [
            16,
            1
        ],
        [
            1,
            16
        ],
        [
            11,
            14
        ],
        [
            14,
            11
        ],
        [
            0,
            0
        ],
        [
            1,
            1
        ],
        [
            2,
            2
        ],
        [
            3,
            3
        ],
        [
            4,
            4
        ],
        [
            5,
            5
        ],
        [
            6,
            6
        ],
        [
            7,
            7
        ],
        [
            8,
            8
        ],
        [
            9,
            9
        ],
        [
            10,
            10
        ],
        [
            11,
            11
        ],
        [
            12,
            12
        ],
        [
            13,
            13
        ],
        [
            14,
            14
        ],
        [
            15,
            15
        ],
        [
            16,
            16
        ],
        [
            17,
            17
        ],
        [
            18,
            18
        ]
    ],
    "similarity": 0.49
}