{
    "coords": [
        [
            20.375562288080147,
            74.63387290253979
        ],
        [
            75.06016439263594,
            35.01137940967888
        ],
        [
            74.91114587482016,
            59.32144551193543
        ],
        [
            90.63799676784474,
            46.95446219944241
        ],
        [
            20.693570131447622,
            48.17133122300007
        ],
        [
            44.80719594771201,
            64.63773113561818
        ],
        [
            29.92804841855796,
            36.858384879556304
        ],
        [
            70.23144014887599,
            30.61240609153795
        ],
        [
            30.112318551749873,
            58.0997963550634
        ],
        [
            30.634153098331108,
            65.33359255057245
        ],
        [
            20.141621425618823,
            30.055832711903513
        ],
        [
            70.50702477496037,
            65.37674550043724
        ],
        [
            20.276311941256253,
            36.89913162728326
        ],
        [
            29.71066775512435,
            74.32787591375359
        ],
        [
            20.49485618659127,
            58.67600353976603
        ],
        [
            45.149571348449435,
            19.55155542764828
        ],
        [
            19.717308733837115,
            65.68417118842011
        ],
        [
            45.46394566960425,
            69.89710205870955
        ],
        [
            70.57110188928024,
            47.02663397935012
        ],
        [
            44.86378607480675,
            30.38709666474766
        ]
    ],
    "edges": [
        [
            10,
            7
        ],
        [
            7,
            10
        ],
        [
            10,
            16
        ],
        [
            16,
            10
        ],
        [
            7,
            11
        ],
        [
            11,
            7
        ],
        [
            16,
            11
        ],
        [
            11,
            16
        ],
        [
            4,
            18
        ],
        [
            18,
            4
        ],
        [
            19,
            5
        ],
        [
            5,
            19
        ],
        [
            10,
            11
        ],
        [
            11,
            10
        ],
        [
            16,
            7
        ],
        [
            7,
            16
        ],
        [
            7,
            3
        ],
        [
            3,
            7
        ],
        [
            11,
            3
        ],
        [
            3,
            11
        ],
        [
            18,
            3
        ],
        [
            3,
            18
        ],
        [
            1,
            2
        ],
        [
            2,
            1
        ],
        [
            15,
            7
        ],
        [
            7,
            15
        ],
        [
            15,
            19
        ],
        [
            19,
            15
        ],
        [
            12,
            6
        ],
        [
            6,
            12
        ],
        [
            14,
            8
        ],
        [
            8,
            14
        ],
        [
            6,
            8
        ],
        [
            8,
            6
        ],
        [
            12,
            8
        ],
        [
            8,
            12
        ],
        [
            6,
            14
        ],
        [
            14,
            6
        ],
        [
            16,
            0
        ],
        [
            0,
            16
        ],
        [
            9,
            13
        ],
        [
            13,
            9
        ],
        [
            0,
            13
        ],
        [
            13,
            0
        ],
        [
            16,
            13
        ],
        [
            13,
            16
        ],
        [
            17,
            5
        ],
        [
            5,
            17
        ],
        [
            0,
            0
        ],
        [
            1,
            1
        ],
        [
            2,
            2
        ],
        [
            3,
            3
        ],
        [
            4,
            4
        ],
        [
            5,
            5
        ],
        [
            6,
            6
        ],
        [
            7,
            7
        ],
        [
            8,
            8
        ],
        [
            9,
            9
        ],
        [
            10,
            10
        ],
        [
            11,
            11
        ],
        [
            12,
            12
        ],
        [
            13,
            13
        ],
        [
            14,
            14
        ],
        [
            15,
            15
        ],
        [
            16,
            16
        ],
        [
            17,
            17
        ],
        [
            18,
            18
        ],
        [
            19,
            19
        ]
    ],
    "similarity": 0.86
}