{
    "coords": [
        [
            44.56662124482847,
            65.22295653693183
        ],
        [
            45.970072306398876,
            20.006940597248036
        ],
        [
            19.96983302066387,
            30.32935745332353
        ],
        [
            68.43316191956444,
            28.04846064469922
        ],
        [
            17.00995900064321,
            65.55162328268194
        ],
        [
            67.21137525265665,
            64.72734233551617
        ],
        [
            74.18846252042951,
            37.96344846302256
        ],
        [
            72.24129478246549,
            59.81945834864975
        ],
        [
            86.7261392673726,
            47.2169397700244
        ],
        [
            20.860510743313938,
            49.235560867440626
        ],
        [
            72.26502613413086,
            48.42399855083586
        ],
        [
            44.12091108009728,
            30.11411106943731
        ]
    ],
    "edges": [
        [
            2,
            3
        ],
        [
            3,
            2
        ],
        [
            2,
            4
        ],
        [
            4,
            2
        ],
        [
            3,
            5
        ],
        [
            5,
            3
        ],
        [
            4,
            5
        ],
        [
            5,
            4
        ],
        [
            9,
            10
        ],
        [
            10,
            9
        ],
        [
            11,
            0
        ],
        [
            0,
            11
        ],
        [
            2,
            5
        ],
        [
            5,
            2
        ],
        [
            4,
            3
        ],
        [
            3,
            4
        ],
        [
            3,
            8
        ],
        [
            8,
            3
        ],
        [
            5,
            8
        ],
        [
            8,
            5
        ],
        [
            10,
            8
        ],
        [
            8,
            10
        ],
        [
            6,
            7
        ],
        [
            7,
            6
        ],
        [
            1,
            3
        ],
        [
            3,
            1
        ],
        [
            1,
            11
        ],
        [
            11,
            1
        ],
        [
            0,
            0
        ],
        [
            1,
            1
        ],
        [
            2,
            2
        ],
        [
            3,
            3
        ],
        [
            4,
            4
        ],
        [
            5,
            5
        ],
        [
            6,
            6
        ],
        [
            7,
            7
        ],
        [
            8,
            8
        ],
        [
            9,
            9
        ],
        [
            10,
            10
        ],
        [
            11,
            11
        ]
    ],
    "similarity": 0.32
}