{
    "coords": [
        [
            18.27836694967081,
            39.4889568790654
        ],
        [
            22.022596183027414,
            73.55549605427501
        ],
        [
            76.133482113975,
            35.27449605599128
        ],
        [
            73.90247418259911,
            61.86863902357012
        ],
        [
            89.87093614281724,
            48.22549317380461
        ],
        [
            20.55065317495072,
            49.77991048203746
        ],
        [
            46.967253605000735,
            66.14002573241085
        ],
        [
            71.25964486459226,
            29.954843519242626
        ],
        [
            22.371242676975204,
            56.87573205198119
        ],
        [
            30.816052103130126,
            57.42353775529803
        ],
        [
            30.67470267132693,
            36.853214946237486
        ],
        [
            28.87768966646319,
            62.61413332541653
        ],
        [
            19.25761151981169,
            27.67026329659092
        ],
        [
            70.54168241172914,
            63.43801832483143
        ],
        [
            28.810743638378867,
            76.69481840189373
        ],
        [
            42.60411069053639,
            20.081066025267063
        ],
        [
            18.26925464456732,
            62.973097271791886
        ],
        [
            68.82581028732075,
            48.73934824383883
        ],
        [
            43.010432374090016,
            28.854041594144554
        ]
    ],
    "edges": [
        [
            12,
            7
        ],
        [
            7,
            12
        ],
        [
            12,
            16
        ],
        [
            16,
            12
        ],
        [
            7,
            13
        ],
        [
            13,
            7
        ],
        [
            16,
            13
        ],
        [
            13,
            16
        ],
        [
            5,
            17
        ],
        [
            17,
            5
        ],
        [
            18,
            6
        ],
        [
            6,
            18
        ],
        [
            12,
            13
        ],
        [
            13,
            12
        ],
        [
            16,
            7
        ],
        [
            7,
            16
        ],
        [
            7,
            4
        ],
        [
            4,
            7
        ],
        [
            13,
            4
        ],
        [
            4,
            13
        ],
        [
            17,
            4
        ],
        [
            4,
            17
        ],
        [
            2,
            3
        ],
        [
            3,
            2
        ],
        [
            15,
            7
        ],
        [
            7,
            15
        ],
        [
            15,
            18
        ],
        [
            18,
            15
        ],
        [
            0,
            10
        ],
        [
            10,
            0
        ],
        [
            8,
            9
        ],
        [
            9,
            8
        ],
        [
            10,
            9
        ],
        [
            9,
            10
        ],
        [
            0,
            10
        ],
        [
            10,
            0
        ],
        [
            0,
            9
        ],
        [
            9,
            0
        ],
        [
            10,
            8
        ],
        [
            8,
            10
        ],
        [
            16,
            1
        ],
        [
            1,
            16
        ],
        [
            11,
            14
        ],
        [
            14,
            11
        ],
        [
            1,
            14
        ],
        [
            14,
            1
        ],
        [
            16,
            14
        ],
        [
            14,
            16
        ],
        [
            0,
            0
        ],
        [
            1,
            1
        ],
        [
            2,
            2
        ],
        [
            3,
            3
        ],
        [
            4,
            4
        ],
        [
            5,
            5
        ],
        [
            6,
            6
        ],
        [
            7,
            7
        ],
        [
            8,
            8
        ],
        [
            9,
            9
        ],
        [
            10,
            10
        ],
        [
            11,
            11
        ],
        [
            12,
            12
        ],
        [
            13,
            13
        ],
        [
            14,
            14
        ],
        [
            15,
            15
        ],
        [
            16,
            16
        ],
        [
            17,
            17
        ],
        [
            18,
            18
        ]
    ],
    "similarity": 0.52
}