{
    "coords": [
        [
            42.106661865036784,
            63.06257779167701
        ],
        [
            22.164511402749607,
            26.46246527883589
        ],
        [
            67.69818704326066,
            27.22828203338747
        ],
        [
            22.47429257307437,
            61.40014262094342
        ],
        [
            69.02342666700693,
            64.13996773013837
        ],
        [
            74.63323261686978,
            31.91725412191171
        ],
        [
            71.95660920897947,
            59.815168724363545
        ],
        [
            89.83393069565784,
            48.2917263398141
        ],
        [
            20.94073842178248,
            46.83961815945537
        ],
        [
            71.01580210792855,
            49.579870172989686
        ],
        [
            47.904577334700534,
            30.652779271226798
        ]
    ],
    "edges": [
        [
            1,
            2
        ],
        [
            2,
            1
        ],
        [
            1,
            3
        ],
        [
            3,
            1
        ],
        [
            2,
            4
        ],
        [
            4,
            2
        ],
        [
            3,
            4
        ],
        [
            4,
            3
        ],
        [
            8,
            9
        ],
        [
            9,
            8
        ],
        [
            10,
            0
        ],
        [
            0,
            10
        ],
        [
            1,
            4
        ],
        [
            4,
            1
        ],
        [
            3,
            2
        ],
        [
            2,
            3
        ],
        [
            2,
            7
        ],
        [
            7,
            2
        ],
        [
            4,
            7
        ],
        [
            7,
            4
        ],
        [
            9,
            7
        ],
        [
            7,
            9
        ],
        [
            5,
            6
        ],
        [
            6,
            5
        ],
        [
            0,
            0
        ],
        [
            1,
            1
        ],
        [
            2,
            2
        ],
        [
            3,
            3
        ],
        [
            4,
            4
        ],
        [
            5,
            5
        ],
        [
            6,
            6
        ],
        [
            7,
            7
        ],
        [
            8,
            8
        ],
        [
            9,
            9
        ],
        [
            10,
            10
        ]
    ],
    "similarity": 0.27
}