{
    "coords": [
        [
            47.91952071357433,
            67.65139985114213
        ],
        [
            43.03336138370088,
            18.692679997438695
        ],
        [
            20.55320091617335,
            31.35365344620445
        ],
        [
            69.46558791709738,
            32.470945899478096
        ],
        [
            21.93913743867041,
            66.81593318925182
        ],
        [
            70.45467987440213,
            65.67575994348151
        ],
        [
            73.83107742632102,
            34.603353158920044
        ],
        [
            20.159543964409472,
            42.08212683186424
        ],
        [
            17.050867167728473,
            57.49918808754343
        ],
        [
            76.20413175848246,
            57.87860500550359
        ],
        [
            87.58506237983283,
            48.20430996482335
        ],
        [
            30.9962971577858,
            55.24763614939861
        ],
        [
            19.789567632916373,
            46.20774668298471
        ],
        [
            68.21705882539841,
            50.09615307146202
        ],
        [
            30.503031338091944,
            37.94702982005735
        ],
        [
            44.682886500403775,
            27.4503689823836
        ]
    ],
    "edges": [
        [
            2,
            3
        ],
        [
            3,
            2
        ],
        [
            2,
            4
        ],
        [
            4,
            2
        ],
        [
            3,
            5
        ],
        [
            5,
            3
        ],
        [
            4,
            5
        ],
        [
            5,
            4
        ],
        [
            12,
            13
        ],
        [
            13,
            12
        ],
        [
            15,
            0
        ],
        [
            0,
            15
        ],
        [
            2,
            5
        ],
        [
            5,
            2
        ],
        [
            4,
            3
        ],
        [
            3,
            4
        ],
        [
            3,
            10
        ],
        [
            10,
            3
        ],
        [
            5,
            10
        ],
        [
            10,
            5
        ],
        [
            13,
            10
        ],
        [
            10,
            13
        ],
        [
            6,
            9
        ],
        [
            9,
            6
        ],
        [
            1,
            3
        ],
        [
            3,
            1
        ],
        [
            1,
            15
        ],
        [
            15,
            1
        ],
        [
            7,
            14
        ],
        [
            14,
            7
        ],
        [
            8,
            11
        ],
        [
            11,
            8
        ],
        [
            0,
            0
        ],
        [
            1,
            1
        ],
        [
            2,
            2
        ],
        [
            3,
            3
        ],
        [
            4,
            4
        ],
        [
            5,
            5
        ],
        [
            6,
            6
        ],
        [
            7,
            7
        ],
        [
            8,
            8
        ],
        [
            9,
            9
        ],
        [
            10,
            10
        ],
        [
            11,
            11
        ],
        [
            12,
            12
        ],
        [
            13,
            13
        ],
        [
            14,
            14
        ],
        [
            15,
            15
        ]
    ],
    "similarity": 0.37
}