{
    "coords": [
        [
            19.038921940940146,
            68.22017475863242
        ],
        [
            66.4917192291215,
            63.69081753452637
        ],
        [
            22.35235072278617,
            25.957851417676547
        ],
        [
            65.4441931952959,
            33.310771875707836
        ]
    ],
    "edges": [
        [
            2,
            3
        ],
        [
            3,
            2
        ],
        [
            2,
            0
        ],
        [
            0,
            2
        ],
        [
            3,
            1
        ],
        [
            1,
            3
        ],
        [
            0,
            1
        ],
        [
            1,
            0
        ],
        [
            0,
            0
        ],
        [
            1,
            1
        ],
        [
            2,
            2
        ],
        [
            3,
            3
        ]
    ],
    "similarity": 0.06
}