{
    "coords": [
        [
            19.721217019182518,
            38.91052888256511
        ],
        [
            20.11984387552571,
            73.76438666726402
        ],
        [
            76.04676332753611,
            36.90261542875703
        ],
        [
            74.13352410606737,
            59.96400125712131
        ],
        [
            91.32339842457668,
            46.110548941422614
        ],
        [
            28.444224663795662,
            70.22456952074802
        ],
        [
            18.184034388585815,
            45.71864170199789
        ],
        [
            46.41336109957576,
            66.43215413978216
        ],
        [
            70.21867927411795,
            30.01401370691851
        ],
        [
            19.110570458669443,
            55.43612379510177
        ],
        [
            33.66331226897393,
            56.68515360498141
        ],
        [
            31.81736859499227,
            38.68614663196284
        ],
        [
            23.322849169660973,
            34.27736491249636
        ],
        [
            60.37650103718479,
            73.19774205210713
        ],
        [
            30.686800703703174,
            63.48570512352316
        ],
        [
            46.1255842560638,
            35.42142139575294
        ],
        [
            21.788480138722896,
            31.74887779436498
        ],
        [
            71.21520482712164,
            63.27568012158151
        ],
        [
            29.029069745486957,
            74.47282592532855
        ],
        [
            45.83478296572057,
            19.43647248198967
        ],
        [
            21.225666194365953,
            64.41896632258076
        ],
        [
            60.40610333745468,
            69.32440931423093
        ],
        [
            45.02039843069658,
            70.92289923207068
        ],
        [
            64.50487050171245,
            68.4190610682853
        ],
        [
            69.58002349583838,
            48.02738158607227
        ],
        [
            45.37767754181773,
            28.171981858740047
        ]
    ],
    "edges": [
        [
            16,
            8
        ],
        [
            8,
            16
        ],
        [
            16,
            20
        ],
        [
            20,
            16
        ],
        [
            8,
            17
        ],
        [
            17,
            8
        ],
        [
            20,
            17
        ],
        [
            17,
            20
        ],
        [
            6,
            24
        ],
        [
            24,
            6
        ],
        [
            25,
            7
        ],
        [
            7,
            25
        ],
        [
            16,
            17
        ],
        [
            17,
            16
        ],
        [
            20,
            8
        ],
        [
            8,
            20
        ],
        [
            8,
            4
        ],
        [
            4,
            8
        ],
        [
            17,
            4
        ],
        [
            4,
            17
        ],
        [
            24,
            4
        ],
        [
            4,
            24
        ],
        [
            2,
            3
        ],
        [
            3,
            2
        ],
        [
            19,
            8
        ],
        [
            8,
            19
        ],
        [
            19,
            25
        ],
        [
            25,
            19
        ],
        [
            0,
            11
        ],
        [
            11,
            0
        ],
        [
            9,
            10
        ],
        [
            10,
            9
        ],
        [
            11,
            10
        ],
        [
            10,
            11
        ],
        [
            0,
            11
        ],
        [
            11,
            0
        ],
        [
            0,
            10
        ],
        [
            10,
            0
        ],
        [
            11,
            9
        ],
        [
            9,
            11
        ],
        [
            20,
            1
        ],
        [
            1,
            20
        ],
        [
            14,
            18
        ],
        [
            18,
            14
        ],
        [
            1,
            18
        ],
        [
            18,
            1
        ],
        [
            20,
            18
        ],
        [
            18,
            20
        ],
        [
            22,
            7
        ],
        [
            7,
            22
        ],
        [
            5,
            23
        ],
        [
            23,
            5
        ],
        [
            21,
            13
        ],
        [
            13,
            21
        ],
        [
            12,
            15
        ],
        [
            15,
            12
        ],
        [
            0,
            0
        ],
        [
            1,
            1
        ],
        [
            2,
            2
        ],
        [
            3,
            3
        ],
        [
            4,
            4
        ],
        [
            5,
            5
        ],
        [
            6,
            6
        ],
        [
            7,
            7
        ],
        [
            8,
            8
        ],
        [
            9,
            9
        ],
        [
            10,
            10
        ],
        [
            11,
            11
        ],
        [
            12,
            12
        ],
        [
            13,
            13
        ],
        [
            14,
            14
        ],
        [
            15,
            15
        ],
        [
            16,
            16
        ],
        [
            17,
            17
        ],
        [
            18,
            18
        ],
        [
            19,
            19
        ],
        [
            20,
            20
        ],
        [
            21,
            21
        ],
        [
            22,
            22
        ],
        [
            23,
            23
        ],
        [
            24,
            24
        ],
        [
            25,
            25
        ]
    ],
    "similarity": 0.6
}